CustomerKey,TotalInvoices,TotalRevenue,AvgInvoiceValue,RiskScore
0,16717,25469609.38,1523.5753651971047,0.5531774893608
1,34,255031.736,7500.933411764706,0.68991930865034
2,5,2544.0,508.8,0.3802522944373796
3,1,240.0,240.0,0.5820122965355865
4,11,154638.41,14058.037272727273,0.5718057115474243
6,48,15360.337,320.00702083333334,0.40554690318243947
7,1,280.5,280.5,0.1685891200455516
8,2,890.0,445.0,0.5264591634092285
9,41,11466.599999999999,279.6731707317073,0.5357331269552441
11,1,1747.84,1747.84,0.9000510572345208
13,294,884571.3859999999,3008.7462108843533,0.888072092851526
22,1,814.56,814.56,0.519064419740857
27,4,14018.5,3504.625,0.23099534016321432
40,3,3.57,1.19,0.14694729415475383
57,1,0.6,0.6,0.5100787870131
65,3,1063.28,354.4266666666667,0.47371750741339347
73,1,250.5,250.5,0.8001118829949134
74,2,1694.106,847.053,0.30102947492313414
81,1,1484.93,1484.93,0.22996915289727482
82,8,2961.0719999999997,370.13399999999996,0.14355309970789054
85,1,214.8,214.8,0.10335333538738434
89,3,288.58500000000004,96.19500000000001,0.654480393234909
90,3,2889.93,963.31,0.7302300100845605
94,3,519.855,173.285,0.8797892144976464
95,8,16722.521,2090.315125,0.1835313930266299
99,10,2480.2219999999998,248.02219999999997,0.25109244055376645
100,9,5805.6900000000005,645.0766666666667,0.703731152595349
104,1,215.2,215.2,0.24342475387625884
108,5,3650.0,730.0,0.928307909125343
111,2,85.541,42.7705,0.35529498135313453
117,3,4220.064,1406.688,0.07898284696106161
119,3,637.9,212.63333333333333,0.8247831540424091
127,8,38.099999999999994,4.762499999999999,0.4030547651717471
129,27,22124.818,819.4377037037037,0.2464632535384792
131,3,1449.0,483.0,0.6769816606482028
133,53,32318.767,609.7880566037736,0.01972671248687541
136,2,235.03499999999997,117.51749999999998,0.17897451246195772
138,18,17160.0,953.3333333333334,0.22660643469061004
161,3,644.8,214.9333333333333,0.6667659757295775
166,2,186.24,93.12,0.4076956601723545
167,78,39290.922,503.7297692307692,0.4067138566727707
170,6,4412.0650000000005,735.3441666666668,0.8964435820475224
192,1,353.3,353.3,0.4397916986904258
194,2,1547.81,773.905,0.712971066796857
195,21,693.81,33.03857142857142,0.8809680245566659
200,15,7.6,0.5066666666666666,0.9049210960407545
201,8,490.0,61.25,0.7617805785775339
205,53,14912.323999999999,281.36460377358486,0.3117668947528961
206,99,312504.0,3156.6060606060605,0.07568384638075831
207,3,663.0,221.0,0.449816903876033
218,3,1511.91,503.97,0.7602886813087515
220,5,1521.8999999999999,304.38,0.6806153916641735
225,23,15563.635,676.6797826086956,0.7901499326096942
226,6,2360.925,393.4875,0.9844298358177025
235,11,3488.06,317.0963636363636,0.8357443033569558
238,20,6108.11,305.40549999999996,0.7195390627106828
253,12,11247.128999999999,937.2607499999999,0.20151815384164695
254,2,56204.034999999996,28102.017499999998,0.6726956122034504
256,4,250.905,62.72625,0.010562971236165675
259,53,218845.913,4129.168169811321,0.2788557156988152
264,1,36.7,36.7,0.4114163670742885
270,2,538.231,269.1155,0.17130352960750161
272,12,9923.5,826.9583333333334,0.39439726626844107
273,35,11828.039,337.94397142857144,0.8058046777295754
282,2,549.5,274.75,0.46323944715977905
284,4,4645.719,1161.42975,0.8402528416727416
290,10,21333.912,2133.3912,0.15162195612117546
293,459,5503749.53,11990.739716775599,0.28744933011343665
304,16,139200.0,8700.0,0.524148188940014
305,1,503.97,503.97,0.6651157794951823
318,3,288.195,96.065,0.6187135881254258
321,1,1.0,1.0,0.9465976591112563
331,3,663.0,221.0,0.2589907338993782
335,2,1.2,0.6,0.48643064562119154
337,3,877.1999999999999,292.4,0.8091177783435426
340,14,31699.69,2264.263571428571,0.8518575666053612
343,9,648.0,72.0,0.7906771967735419
345,1,372.828,372.828,0.5827964766207195
348,4,10950.0,2737.5,0.616478201444208
349,10,11010.0,1101.0,0.2962389180869516
358,6,1416.174,236.029,0.6626005006116841
361,191,870226.042,4556.157287958115,0.8519830095772956
374,135,3164190.475,23438.447962962964,0.8262939899624137
379,6,2528.3900000000003,421.39833333333337,0.26829477693359105
384,10,2088.51,208.85100000000003,0.2237332079269705
386,15,4001.3559999999998,266.7570666666667,0.7089561209414301
387,9,1.7999999999999998,0.19999999999999998,0.6386025378256386
396,19,8546.741,449.8284736842105,0.6879403310739701
397,3,9631.8,3210.6,0.4898305739769613
399,3,20870.597999999998,6956.865999999999,0.2457575134483202
400,16,10216.223,638.5139375,0.10990322794372798
408,3,1050.0,350.0,0.816522270042011
414,7,6201.754,885.9648571428571,0.5391862417088866
415,6,638.79,106.46499999999999,0.566017871278919
417,3,1597.51,532.5033333333333,0.46618536031952906
418,83,674034.542,8120.898096385542,0.5906339775228128
420,167,395472.0,2368.0958083832334,0.1316740826704803
421,145,14858.542,102.47270344827587,0.9221139989576979
422,240,1630271.121,6792.7963375,0.2086422637381079
426,10,8587.588,858.7588,0.8518602099409254
427,6,6523.261,1087.2101666666667,0.2177896025360515
437,26,9427.280999999999,362.58773076923075,0.8147275686654605
442,8,2827.7670000000003,353.47087500000004,0.5091730540246707
449,4,1258.122,314.5305,0.6969110668901555
450,7,4310.99,615.8557142857143,0.4410806088159781
457,37,44805.638,1210.963189189189,0.5220834576198592
458,41,640424.897,15620.11943902439,0.23483308958478366
459,426,705720.84,1656.621690140845,0.8786122675092884
460,3,1511.91,503.97,0.23099140243385774
463,3,877.1999999999999,292.4,0.8395349491309083
468,1,8751.83,8751.83,0.11810881075131441
480,5,1326.6000000000001,265.32000000000005,0.002592154669762481
483,2,1083.971,541.9855,0.6184988876565306
485,45,351.9,7.819999999999999,0.013799496425328628
495,2,501.9,250.95,0.15451138117597474
498,610,364920.5,598.2303278688524,0.7862028533538169
499,2,8460.0,4230.0,0.416172189294566
500,3,1515.0,505.0,0.8615510139363061
501,34,343422.432,10100.65976470588,0.7242692040471245
514,5,1224.8,244.95999999999998,0.6819672291763841
520,19,1908.59,100.45210526315789,0.8016925598363238
526,6,3410.363,568.3938333333333,0.8188192374195117
527,29,22021.436999999998,759.3598965517241,0.5623169906621078
538,1,214.8,214.8,0.6901182400518237
544,47,74489.981,1584.8932127659575,0.5408082313244047
547,2,0.0,0.0,0.3746009268885059
562,9,6900.87,766.7633333333333,0.7042889086402948
567,35,1544.751,44.13574285714286,0.9522353690876774
568,1,3242.693,3242.693,0.9603599538828751
577,3,301.79999999999995,100.59999999999998,0.10591342564715156
584,4,5205.643,1301.41075,0.1979963971442612
585,2,1.2,0.6,0.13667798829579747
589,7,915.735,130.8192857142857,0.9864456456008208
593,1,214.8,214.8,0.24223599928775952
600,3,35.7,11.9,0.04751933456260449
601,2,78.334,39.167,0.19753753404411245
608,13,82244.44,6326.495384615385,0.3064791917644192
610,14,1320.22,94.30142857142857,0.620713294711073
611,23,61032.0,2653.5652173913045,0.871096347910395
612,36,1176956.361,32693.23225,0.3236821968825695
618,5,7398.022,1479.6044,0.022378013493903448
624,3,648.0,216.0,0.958167836582264
637,2,11354.853,5677.4265,0.6522740394088535
642,1,18000.0,18000.0,0.7748667258714732
652,1,250.5,250.5,0.20461666501379394
654,37,86394.237,2334.979378378378,0.22199647816648793
656,37,23318.4,630.227027027027,0.41886727338537344
660,13,9625.627,740.4328461538462,0.31264592191758644
669,9,4183.900000000001,464.87777777777785,0.6820969506634662
673,15,11933.345,795.5563333333333,0.6368945639649108
682,4,0.0,0.0,0.8066365413824768
688,3,2627.535,875.8449999999999,0.14668111578496845
702,618,234244.209,379.0359368932039,0.7443060728392279
705,3,751.5,250.5,0.03696925098890291
706,13,14320.476,1101.575076923077,0.22523464183633068
709,139,125043.53,899.5937410071942,0.7826273083073818
713,3,1.7999999999999998,0.6,0.490507083143469
716,60,33169.064,552.8177333333333,0.34288056747294426
720,224,491265.877,2193.151236607143,0.06107539090458525
721,12,17454.75,1454.5625,0.1262462661487177
722,20,50610.0,2530.5,0.8682366108700541
727,16,40102.641,2506.4150625,0.28636060373389827
733,1,351.9,351.9,0.003434416082663927
738,32,223.70600000000002,6.9908125000000005,0.18986767268892513
740,745,4839228.302,6495.608459060403,0.32674586111536685
741,1,1376.175,1376.175,0.47963232589214155
744,30,8254.908,275.1636,0.4606702239698731
750,6,1059.696,176.61599999999999,0.47334390818892624
752,4,77.77,19.4425,0.311520271145475
753,21,14188.372,675.6367619047619,0.08236887048508279
756,10,12298.915,1229.8915000000002,0.16720044405105827
757,12,137674.39500000002,11472.866250000001,0.49256296916374154
759,6,2423.358,403.89300000000003,0.2692497861101215
760,48,56627.698000000004,1179.7437083333334,0.10022143742867928
765,13,10327.258,794.4044615384615,0.6981745050516311
772,8,5289.728,661.216,0.06413936862023839
776,144,379927.407,2638.3847708333333,0.6877115704073853
777,8,36928.618,4616.07725,0.896581433673627
783,1,352.3,352.3,0.6501851886758268
784,4,179.7,44.925,0.6015432627784044
815,3,30560.391000000003,10186.797,0.47894395451523364
820,5,1943.1100000000001,388.622,0.403515896726632
822,3,1223.14,407.71333333333337,0.027883705558921834
823,4,1418.407,354.60175,0.4781759586208567
834,6,9402.853,1567.1421666666665,0.945668817325651
842,6,1560.0,260.0,0.5469613307051654
846,1,280.9,280.9,0.17353698748422286
857,39,61919.524999999994,1587.680128205128,0.9582438158675401
858,35,419120.142,11974.8612,0.778104607455907
861,5,6350.172,1270.0344,0.6378425462482057
863,2,465.8,232.9,0.363874643652338
864,1,250.5,250.5,0.591477631812945
880,2,93.425,46.7125,0.2886379187810981
883,3,27312.300000000003,9104.1,0.48501443574336267
887,6,3747.6449999999995,624.6075,0.3199275871861873
889,1,1.0,1.0,0.6938053504884119
896,9,694925.6000000001,77213.95555555557,0.5675167304331594
897,3,842.6999999999999,280.9,0.6516300984774569
907,3,644.4000000000001,214.80000000000004,0.9705077330277864
908,2,5943.13,2971.565,0.08879772718734891
915,6,409.19000000000005,68.19833333333334,0.41820453459984164
917,1,1756.086,1756.086,0.12916745287807418
918,7,1868.3,266.9,0.05713457942400735
922,20,28362.815,1418.14075,0.7206370030900415
926,3,6568.071,2189.357,0.3625617691119686
927,5,765.7249999999999,153.14499999999998,0.38356445239328096
928,3,1189.13,396.3766666666667,0.18974949396191054
937,2,561.0,280.5,0.8412001095386832
940,348,1719.6999999999998,4.941666666666666,0.6510973810067281
945,2,646.4570000000001,323.22850000000005,0.554124404292277
948,27,12817.391,474.7181851851852,0.6293920101425129
952,41,14198.325,346.3006097560976,0.8085356019514076
953,7,2771.75,395.9642857142857,0.4953966351261273
958,1,280.9,280.9,0.7763450654751766
969,2,674.261,337.1305,0.4104887990779451
971,1,1962.51,1962.51,0.32894102768161626
972,2,702.047,351.0235,0.3831439232243017
974,11,28236.772,2566.979272727273,0.04964510066822625
980,1,0.0,0.0,0.9649354211054596
987,63,120360.6,1910.4857142857143,0.8880483080722488
990,11,15658.054,1423.4594545454545,0.2896177260282301
991,30,127854.394,4261.813133333333,0.4938117970262257
998,3,34419.33,11473.11,0.7636192881848574
1005,3,1350.0,450.0,0.28438406083278445
1011,10,5532.759999999999,553.276,0.47975038222594035
1013,532,919520.401,1728.4218063909773,0.9048038348288613
1015,1,116.03,116.03,0.7492025831535224
1025,3,963.925,321.30833333333334,0.2246499495689892
1028,2,825.862,412.931,0.6297675510703469
1032,27,23718.0,878.4444444444445,0.775990659513068
1035,2,640.4000000000001,320.20000000000005,0.9503897361646916
1042,4,884.0,221.0,0.7500215962645581
1047,7,4466.7,638.1,0.6922937868518303
1049,22,956.6600000000001,43.48454545454546,0.43770896878230037
1056,4,1242.3400000000001,310.58500000000004,0.8167242319480662
1057,3,947.8499999999999,315.95,0.29795277637419726
1058,62,80636.462,1300.5880967741934,0.5596495219572507
1064,5,2602.249,520.4498,0.9958294054497757
1065,4,1665.4589999999998,416.36474999999996,0.5707998680939099
1067,3,8513.511,2837.837,0.740544461511153
1070,3,1.2,0.39999999999999997,0.5285633133541147
1080,3,232.04999999999998,77.35,0.3605895419219226
1094,24,19649.399999999998,818.7249999999999,0.4174197365777119
1098,1,1.0,1.0,0.985061751672754
1099,3,855.0,285.0,0.6741113703487128
1101,4,710.505,177.62625,0.6258119096587543
1106,55,40789.091,741.6198363636364,0.32285330956344527
1110,9,217.8,24.200000000000003,0.7477036954111368
1111,75,174442.458,2325.89944,0.7710007262408918
1118,12,15163.591,1263.6325833333333,0.6279608987112868
1119,3,915.72,305.24,0.5761586714532237
1134,3,771.0,257.0,0.4639614643237189
1155,3,10802.239,3600.746333333333,0.6151533859318437
1158,2,1007.94,503.97,0.7773119651620322
1160,60,499132.62299999996,8318.87705,0.6187781508391779
1162,9,4457.799,495.311,0.4036028699063784
1165,60,51.900000000000006,0.8650000000000001,0.4250899843560211
1170,3,2894.3999999999996,964.7999999999998,0.6156679421304658
1174,3,15226.5,5075.5,0.79886429844948
1176,1,250.5,250.5,0.9351593491203183
1177,2,1378.191,689.0955,0.7605019819683438
1185,1,668.59,668.59,0.35070396041554364
1189,9,922.5,102.5,0.9199950911367281
1192,1,217.24,217.24,0.21124668233604127
1202,7,53893.714,7699.102,0.4453983774252164
1205,1,132.721,132.721,0.8582629556001977
1209,8,3.5999999999999996,0.44999999999999996,0.5928193675490581
1215,38,289499.145,7618.398552631579,0.00841191108115158
1216,12,27297.344,2274.7786666666666,0.18811513104599265
1222,13,3972.625,305.58653846153845,0.8801513127006634
1224,2,150.94,75.47,0.9534498024285818
1226,1,601.003,601.003,0.4951868309439881
1227,3,2118.7200000000003,706.2400000000001,0.4963978829637635
1251,8,27900.018,3487.50225,0.735147818534135
1253,6,1686.8,281.1333333333333,0.3849564210064256
1257,7,1759.7169999999999,251.38814285714284,0.9403038289777584
1259,3,873.1569999999999,291.0523333333333,0.33153853223036145
1261,6,1288.8000000000002,214.80000000000004,0.6669231261339018
1263,21,36812.892,1752.9948571428572,0.12948748397074028
1272,56,54847.943,979.4275535714286,0.6468246405704731
1276,3,92.85,30.95,0.2512291725569541
1286,1,579.15,579.15,0.005055232452912173
1289,8,10124.184000000001,1265.5230000000001,0.983841064323025
1295,3,182.10000000000002,60.70000000000001,0.3776265434351592
1298,2,1525.022,762.511,0.5276842439030981
1304,6,1719.0,286.5,0.003977371201452029
1305,3,646.2,215.4,0.11981845415194492
1306,137,178696.925,1304.357116788321,0.0026543622458625737
1309,1,291.8,291.8,0.6756954206743404
1310,6,1.0,0.16666666666666666,0.7672460389995797
1314,3,7044.0,2348.0,0.586945072010489
1315,13,57205.7,4400.4384615384615,0.33803558810596324
1316,34,90693.573,2667.458029411765,0.31876947871424244
1317,44,4477058.931,101751.3393409091,0.3067356679631822
1321,1,178.04,178.04,0.9047484000913124
1331,3,4113.0,1371.0,0.991659121643751
1336,3,160501.8,53500.6,0.09890706309767316
1342,1,214.8,214.8,0.824597759647546
1343,189,34889.806000000004,184.60214814814816,0.8554892648538409
1356,1,430.472,430.472,0.03072724443970576
1381,1,1.0,1.0,0.38031131579789157
1392,58,18809.363,324.29936206896554,0.14941467014554777
1396,9,774.742,86.08244444444443,0.9282717353059751
1397,5,1177.8120000000001,235.56240000000003,0.05877597707135518
1398,5,5324.176,1064.8352,0.37710948902300323
1401,8,3377.33,422.16625,0.9392153434015019
1404,3,2100.0,700.0,0.36643446640265676
1410,24,25593.902,1066.4125833333333,0.5142857196169499
1411,84,25543.0,304.0833333333333,0.6067170992746281
1418,21,24462.673,1164.8891904761904,0.4061047591485164
1420,21,10895.214,518.8197142857143,0.3636158292781848
1430,12,2142.9230000000002,178.57691666666668,0.3117640921162691
1446,1,280.9,280.9,0.3118837321253808
1448,1,352.3,352.3,0.7400333979317568
1452,1,377.83,377.83,0.5447727998840594
1456,8,109.626,13.70325,0.03973994309231321
1457,6,1361.7,226.95000000000002,0.2371588200543745
1460,4,884.0,221.0,0.5133113104980933
1461,10,4002.762,400.2762,0.17263714457448287
1475,3670,25210726.873,6869.407867302452,0.19908945208311546
1477,10,10267.063,1026.7063,0.036648585238749365
1480,6,6381.93,1063.655,0.9311430159585303
1487,5,179.92,35.983999999999995,0.0966579473333311
1494,4,906.8,226.7,0.07373876829635062
1495,10,773.95,77.39500000000001,0.9649119475346496
1496,1,0.6,0.6,0.7410322418499505
1500,2,584.8,292.4,0.9469111615617819
1504,35,9569.577,273.41648571428567,0.37549341676776626
1505,15,1136.871,75.79140000000001,0.20017596968104223
1510,8,2804.83,350.60375,0.012724203517354926
1518,2,111.865,55.9325,0.695328837647758
1520,1,956.57,956.57,0.8045140632240196
1525,3,960.0,320.0,0.5422809877716686
1530,3,181.8,60.6,0.0029976936820877986
1537,1,280.9,280.9,0.13246383452985488
1553,3,639.981,213.327,0.242240022202466
1554,1,366.039,366.039,0.9867185449269685
1561,8,1692.9499999999998,211.61874999999998,0.09741362025817701
1563,6,1427.653,237.94216666666668,0.19858133840278258
1564,6,1842.318,307.053,0.20982409541986835
1565,1,446.822,446.822,0.3147929517102538
1567,25,10369.078,414.76311999999996,0.3423596568816438
1569,2,105.32499999999999,52.662499999999994,0.4049376042600564
1570,3,90000.0,30000.0,0.03935813801186416
1572,6,3682.5,613.75,0.9689209402842526
1575,14,7759.378,554.2412857142857,0.767091322138802
1580,3,1010.793,336.931,0.8299769062107045
1581,6,2016.94,336.1566666666667,0.9928253614963278
1585,2,501.0,250.5,0.3062900658262099
1586,25,12899.619,515.98476,0.7674787466129738
1589,7,1802.193,257.4561428571429,0.4962053572447982
1590,34,57418.85,1688.7897058823528,0.22646717900713464
1597,14,3685.7129999999997,263.26521428571425,0.9648627256193477
1600,83,25921.343,312.3053373493976,0.0354668183163257
1603,1,221.0,221.0,0.18849751615221078
1619,2,288.531,144.2655,0.7543109004900068
1620,5,36620.561,7324.1122000000005,0.5153806801754665
1626,12,277.3,23.108333333333334,0.5962079330392726
1628,2,844.1200000000001,422.06000000000006,0.18405065229246187
1638,3,2503.05,834.35,0.6783795331617122
1639,1,126.145,126.145,0.6367026903466858
1640,2,1363.12,681.56,0.2275130133496973
1641,1,311.049,311.049,0.03445058357553199
1643,1,400.103,400.103,0.15967492818144902
1646,3,1425.516,475.172,0.05071038670929284
1652,4,61.910000000000004,15.477500000000001,0.6422624139714338
1658,852,1180001.101,1384.9778180751175,0.6963016273390167
1667,26,22409.391,861.8996538461538,0.7975572917298535
1672,2,1327.489,663.7445,0.8328746760387706
1678,40,14668.8,366.71999999999997,0.7621034905821296
1679,2,1.2,0.6,0.2203294818895447
1680,24,17746.5,739.4375,0.10695669091369464
1681,3,1290.0,430.0,0.17707503047326656
1682,5,3065.6,613.12,0.61374745003918
1688,3,20578.66,6859.553333333333,0.5799891931261263
1690,16,29273.35,1829.584375,0.9776906632938697
1692,10,3070.0,307.0,0.13045733557576977
1693,3632,1632786.209,449.555674284141,0.4171320031129411
1695,6,1440.0,240.0,0.6230166325415875
1699,3,5400.0,1800.0,0.9500744974893152
1700,24,1200.0,50.0,0.6033774746356757
1705,7,3175.0,453.57142857142856,0.0894793280327365
1706,42,38655.1,920.3595238095238,0.8585834109485367
1710,3,270.0,90.0,0.32306017009982757
1711,6,1966.5,327.75,0.8462880340639024
1712,3,225.0,75.0,0.20294678442175895
1713,1,60.0,60.0,0.37384954040475427
1714,218,369121.57,1693.2182110091744,0.6983715249870831
1715,1,210.0,210.0,0.5562545165426321
1716,18,13267.5,737.0833333333334,0.2994932909835286
1717,3,1455.0,485.0,0.2308292137163872
1719,9,6321.0,702.3333333333334,0.7627832594693347
1720,4,1305.0,326.25,0.27724497431036654
1722,13,17282.2,1329.4,0.6568260143715702
1724,3,75.0,25.0,0.770494963709122
1726,138,133901.71,970.3022463768116,0.5307964326303214
1727,7,2250.0,321.42857142857144,0.9334056524600155
1730,1,1.0,1.0,0.4436580937906265
1734,14,8186.0,584.7142857142857,0.9889412332003694
1735,10,60020.799999999996,6002.08,0.373055868189732
1736,3,978.0,326.0,0.5833617635982513
1738,15,4781.43,318.762,0.5282383838455992
1739,141,97453.03,691.1562411347518,0.4981694639310652
1741,13,10633.3,817.9461538461538,0.775406999192773
1742,10,8251.206,825.1206,0.21059106082544643
1743,5,2873.0,574.6,0.9550922481790017
1745,1,795.25,795.25,0.13287917410318484
1747,12,3109.8,259.15000000000003,0.7186404649807219
1749,1,762.4,762.4,0.5122570087659797
1750,12,21621.15,1801.7625,0.2966992430230654
1752,2,3540.0,1770.0,0.7210047675897576
1755,98,66038.694,673.8642244897959,0.24689028816157688
1756,6,1133.0,188.83333333333334,0.3678214291704476
1757,98,2260070.917,23061.94813265306,0.018803920112476336
1758,236,858035.51,3635.743686440678,0.4116703414922519
1762,218,90810.447,416.5616834862385,0.601162673113044
1763,1,579.34,579.34,0.3437255034132184
1766,4,1415.5,353.875,0.45820136901957265
1767,10,3186.2,318.62,0.33570451343457763
1769,9,2565.0,285.0,0.8368953477277411
1773,12,3666.0,305.5,0.9938454139435026
1774,46,41901.1,910.8934782608695,0.6683564176041626
1775,3,1215.0,405.0,0.5722538836292675
1776,4,8163.45,2040.8625,0.25914778152921025
1778,2,2075.0,1037.5,0.4588678059994248
1779,11,63680.0,5789.090909090909,0.9921949133237147
1780,226,5199767.625,23007.821349557522,0.8915339118150509
1786,3,1275.0,425.0,0.9622778643603428
1788,8,5892.3,736.5375,0.8636695323763336
1789,1,1300.0,1300.0,0.32957485576552525
1791,1,355.0,355.0,0.9702790508142888
1793,3,849.72,283.24,0.9400952440653558
1794,199,52463.58,263.63608040201007,0.20975859425310817
1795,3,651.0,217.0,0.8496779512866058
1796,46,237504.459,5163.1404130434785,0.4940448469666876
1797,6,93784.5,15630.75,0.401549930766505
1799,11,11567.5,1051.590909090909,0.6904276036994103
1801,35,16548.12,472.8034285714285,0.4044959553788836
1802,3,75.0,25.0,0.2808323485465468
1804,2,3624.0,1812.0,0.14706552030989628
1805,2,826.62,413.31,0.9052930637489969
1810,24,14035.0,584.7916666666666,0.1488409447087381
1811,16,7972.4,498.275,0.10995137691603596
1818,12,73095.0,6091.25,0.05431956163728768
1822,3,1.7999999999999998,0.6,0.6699561375635107
1823,9,5005.5,556.1666666666666,0.719849471893943
1824,6,1704.0,284.0,0.2935983214965471
1826,2,1.2,0.6,0.2624516882215747
1829,15,6068.0,404.53333333333336,0.4689153617589269
1831,6,3420.16,570.0266666666666,0.8336965824865313
1832,1,970.0,970.0,0.04721038339849437
1833,2,870.0,435.0,0.4112088828699114
1834,8,1950.0,243.75,0.07012493515450746
1835,3,540.54,180.17999999999998,0.828062998022068
1836,4,1010.2,252.55,0.6270421829044153
1837,132,236301.15,1790.1602272727273,0.6667652454344751
1838,5,525.0,105.0,0.5567636288303908
1841,11,108551.81,9868.346363636363,0.08998745751083437
1844,3,5730.0,1910.0,0.2332817863064076
1846,5,759.1999999999999,151.83999999999997,0.5710129223690169
1850,56,27447.858,490.14032142857144,0.2681237790635226
1854,6,4864.5,810.75,0.7999775101524235
1856,188,55716.89,296.36643617021275,0.5605627669706816
1858,9,1474.548,163.83866666666665,0.11275340274503887
1860,3,115884.75,38628.25,0.20607082789271747
1865,26,9790.088,376.54184615384617,0.540950070975833
1866,3,1248.0,416.0,0.2965266608361792
1867,8,2218.0,277.25,0.009785133231352883
1868,9,7671.1,852.3444444444444,0.8779369513223612
1870,5,1602.1,320.41999999999996,0.46315416378532637
1871,7,8678.16,1239.7371428571428,0.8113626815718369
1872,13,7925.0,609.6153846153846,0.07967226854664267
1874,3,1.7999999999999998,0.6,0.8717096632420084
1877,4,1081.0,270.25,0.47591946051227096
1878,7,2451.2,350.1714285714285,0.9401529676421353
1879,13,6885.0,529.6153846153846,0.6193356400465903
1881,6,1815.0,302.5,0.3941387589435025
1882,119,133749.4,1123.944537815126,0.2032719640897407
1884,1,30110.0,30110.0,0.8385239396752474
1887,6,9068.244,1511.374,0.041743258792231064
1888,3,2298.0,766.0,0.7168083252232779
1893,8,5243.25,655.40625,0.8980771094928726
1894,7,2667.0,381.0,0.06570335004956995
1895,30,2712.0,90.4,0.27909045051917836
1896,1,399.0,399.0,0.5568257963909309
1897,3,9915.0,3305.0,0.7393819644878724
1898,13,14660.0,1127.6923076923076,0.6776232764804119
1903,6,2175.0,362.5,0.040915838621065626
1904,6,945.0,157.5,0.6070876787451397
1906,61,41315.35,677.3008196721311,0.8295929391616528
1907,108,27063.1,250.58425925925926,0.8639447583659688
1908,22,15370.75,698.6704545454545,0.035234585682014985
1909,58,89884.94,1549.7403448275863,0.8769367013887372
1910,6,3162.9,527.15,0.2946047456993035
1911,37,44454.92,1201.4843243243242,0.2664097431710758
1914,351,271799.5,774.3575498575499,0.2898260138387555
1915,30,14550.3,485.01,0.5211699399088374
1916,3,1200.0,400.0,0.2617868694901526
1917,29,8047.0,277.48275862068965,0.06986499993284145
1919,62,130632.35,2106.9733870967743,0.5328623966832166
1920,20,10075.0,503.75,0.09528898757430049
1938,11,23482.861,2134.8055454545456,0.5824689956863162
1941,26,68194.58,2622.868461538462,0.5326710127559641
1947,1,5270.6,5270.6,0.3864517871342805
1950,1,697.162,697.162,0.6247787235076826
1952,1,893.1,893.1,0.06480817762862634
1953,3,35.7,11.9,0.7622955402965863
1955,11,4605.57,418.6881818181818,0.30153449126627796
1961,4,0.0,0.0,0.9982457508690127
1966,41,1444.8290000000002,35.23973170731708,0.29151572279493865
1971,2,622.1,311.05,0.6531605741001151
1976,22,166278.05,7558.093181818182,0.6223620265418106
1978,3,751.9,250.63333333333333,0.19473896139410962
1981,1,1484.93,1484.93,0.23097400134108437
1983,17,82707.734,4865.160823529412,0.10614412383717842
1984,7,15101.599999999999,2157.371428571428,0.5232245226889785
1985,3,273.0,91.0,0.11854951070030961
1986,92,297812.048,3237.08747826087,0.27379872056849075
1991,1,579.34,579.34,0.779959534092621
1992,15,41083.962,2738.9308,0.2591156572596688
1998,110,52835.062,480.3187454545454,0.4863080169159072
2000,4,94.61,23.6525,0.024426494256683196
2011,6,1937.819,322.9698333333333,0.7738662304902735
2012,1,292.4,292.4,0.37296837371124303
2013,14,9055.679,646.8342142857143,0.7352746260034853
2014,102,71902.671,704.9281470588236,0.6196486435022919
2017,3,805.611,268.537,0.19092856887190635
2022,2,1232.385,616.1925,0.8132970653651848
2025,5,20681.0,4136.2,0.1535554449039268
2027,490,14516.521,29.62555306122449,0.48458806504376184
2028,51,46448.597,910.7568039215687,0.21307840757163388
2030,97,488652.578,5037.655443298969,0.8943737661428401
2032,2,442.0,221.0,0.6224501744711405
2033,9,12379.673,1375.5192222222222,0.38576039908224213
2034,4,5264.98,1316.245,0.42154978703366286
2036,2,234.529,117.2645,0.555685007535532
2039,32,17579.92,549.3725,0.5640490416010205
2046,1,647.425,647.425,0.5595015693740694
2047,1,620.99,620.99,0.2810622431290055
2053,75,138289.953,1843.86604,0.7232160730833036
2057,5,1282.46,256.492,0.47894020861305464
2058,18,4422.162,245.67566666666667,0.6996675201522351
2068,41,11359.308,277.0562926829268,0.0749186375355092
2069,10,6874.005,687.4005,0.9191501857412534
2077,1,351.9,351.9,0.4738343394336195
2081,100,150050.94700000001,1500.5094700000002,0.9918203924866138
2090,9,1947.585,216.39833333333334,0.5320540107812026
2091,100,48827.433,488.27432999999996,0.37760715776033094
2096,18,4563.555,253.53083333333336,0.41511391747664017
2097,3,2800.023,933.341,0.4884347828196768
2099,15,22381.605,1492.107,0.7443727758742947
2107,4,1099.9560000000001,274.98900000000003,0.24923643937486473
2108,3,377.12600000000003,125.70866666666667,0.2894371647870172
2119,3,877.1999999999999,292.4,0.7491659556267415
2122,2,326.66499999999996,163.33249999999998,0.3058350052218588
2128,226,174833.764,773.6007256637168,0.35116309562956716
2136,9,8539.092,948.788,0.5672368139642079
2142,16,4159.9710000000005,259.99818750000003,0.49145549433010816
2148,13,3024.96,232.68923076923076,0.027968618675155987
2156,52,896046.0,17231.653846153848,0.9167786891320432
2157,2,393.9,196.95,0.3513190243066222
2158,1,504.37,504.37,0.536411661248221
2162,3,3118.542,1039.514,0.9172753880289959
2166,2,1022.875,511.4375,0.44573874328016283
2168,20,5884.549,294.22745,0.5937510089722008
2178,1,3201.761,3201.761,0.6487347998920309
2180,9,5463.741,607.0823333333333,0.832512424363611
2184,5,9431.169,1886.2338,0.3664172802974939
2191,2,432.0,216.0,0.7158213229109205
2194,3,1511.91,503.97,0.744072740595779
2197,48,98620.016,2054.583666666667,0.5766641644269842
2200,80,240342.808,3004.2851,0.453098529428146
2201,3,1403.1499999999999,467.71666666666664,0.4875841880399555
2202,1,214.8,214.8,0.18630000208887776
2207,2,442.0,221.0,0.39666710552793416
2209,1,357.255,357.255,0.9074137885311541
2210,717,108842.21800000001,151.80225662482567,0.6568506974382232
2211,15,1797.04,119.80266666666667,0.7394957974594101
2216,30,11524.991,384.16636666666665,0.6823987309989117
2220,1,221.0,221.0,0.9762388430743981
2221,7,2159.0,308.42857142857144,0.6182525032126344
2222,1,280.9,280.9,0.05708320470409112
2223,6,1659.1999999999998,276.5333333333333,0.25566296023275625
2226,91,59581.017,654.7364505494505,0.37612046690728473
2228,9,9960.894,1106.766,0.42393530605183494
2233,29,192128.421,6625.117965517242,0.25316205922656954
2234,3,1012.423,337.47433333333333,0.13990792756327908
2235,1,617.368,617.368,0.7481621118603425
2236,1,503.97,503.97,0.9170456351831974
2237,1,393.016,393.016,0.813896841723016
2242,7,1606.5,229.5,0.47634854350146627
2244,3,286.79999999999995,95.59999999999998,0.17815092676514976
2248,4,869.62,217.405,0.9326482607194991
2252,6,3639.05,606.5083333333333,0.2997993383043449
2255,3,371.994,123.998,0.3696492976503857
2256,11,1616.3049999999998,146.93681818181815,0.5711658271470315
2257,4,1063.3,265.825,0.9607482636070828
2262,4,986.305,246.57625,0.07964595466122104
2264,3,2.0,0.6666666666666666,0.003225136491771252
2266,2,66.695,33.3475,0.15628626656903855
2271,11,668.645,60.78590909090909,0.16776253127852792
2273,103,768686.387,7462.974631067961,0.6351449896075557
2279,1,798.145,798.145,0.8905485015757949
2286,2,1007.55,503.775,0.6678264166277856
2295,156,197813.77,1268.0369871794871,0.2139645685265673
2296,296,233323.407,788.2547533783784,0.08781597734570146
2298,1,620.99,620.99,0.8747236505159098
2304,36,30.2,0.8388888888888889,0.5583700402245125
2306,1,215.2,215.2,0.8909657909984482
2307,1,359.411,359.411,0.061554345551125156
2308,18,5748.9,319.3833333333333,0.9990322527958545
2309,2,489.6,244.8,0.6656247497966034
2310,5,2.2,0.44000000000000006,0.6984608231566816
2319,6,1179.915,196.6525,0.49119903087356
2320,49,22421.559,457.5828367346939,0.05178655971514223
2323,1,655.5,655.5,0.13625419770238478
2325,1,214.8,214.8,0.28640337077334577
2328,2,1145.505,572.7525,0.01842632329232241
2332,61,58300.182,955.7406885245902,0.7215719773847238
2341,1,328.5,328.5,0.5664378583523235
2345,2,489.6,244.8,0.8339495296357152
2346,2,442.0,221.0,0.43015816036303844
2347,3,2786.3999999999996,928.7999999999998,0.23551633280032502
2351,7,4.0,0.5714285714285714,0.9349388589685258
2366,24,5997.509,249.89620833333333,0.8079847199218171
2367,6,5191.157999999999,865.1929999999999,0.09654457012727946
2382,6,48754.743,8125.7905,0.24566619274692358
2384,6,3036.52,506.08666666666664,0.27809843524585864
2390,7,3526.739,503.81985714285713,0.18911272850075667
2395,1,214.8,214.8,0.9503264026284358
2399,1,0.0,0.0,0.5880330692975088
2400,24,101516.089,4229.837041666667,0.7736215261664027
2405,4,966.3,241.575,0.2699719365229951
2408,1,221.0,221.0,0.7256013146327875
2413,42,14872.212,354.1002857142857,0.7399457705176752
2414,2,334.51,167.255,0.15604926213265125
2423,12,3186.337,265.5280833333333,0.7423075031216336
2425,7,13345.643,1906.5204285714285,0.4587183652291912
2427,3,782.0,260.6666666666667,0.9545769578534731
2429,4,699.255,174.81375,0.765903472214788
2430,2,656.2,328.1,0.3269158141616758
2432,1,1117.643,1117.643,0.6805429281660109
2433,3,574.584,191.528,0.32578698435191555
2436,1,846.876,846.876,0.36143872842395586
2437,5,3838.3810000000003,767.6762000000001,0.6399349758931165
2438,2,465.70000000000005,232.85000000000002,0.9833946893160799
2440,8,23980.814000000002,2997.6017500000003,0.7479011636003777
2441,6,25195.872,4199.312,0.5205582269722794
2450,10,4964.853999999999,496.4853999999999,0.5099194833229579
2452,1,135.47,135.47,0.3455297370667869
2456,9,32092.695,3565.855,0.780380038768077
2462,57,2542471.593,44604.76478947368,0.879556520583821
2465,3,1958.4180000000001,652.806,0.6100437104044909
2466,6,40296.364,6716.060666666667,0.3401900910020189
2469,3,2007.75,669.25,0.7054973099396398
2474,3,751.5,250.5,0.7463266893704487
2475,3,3633.84,1211.28,0.4557243187763589
2477,1,221.0,221.0,0.7809846383478005
2479,7,3197.565,456.795,0.6229807090361561
2482,36,37746.045,1048.50125,0.2966536570484447
2489,2,7639.42,3819.71,0.6033873275061017
2491,5,805.0699999999999,161.01399999999998,0.7217562574568043
2492,15,4455.951,297.0634,0.9869534853475995
2494,16,7874.858,492.178625,0.28593059030070134
2496,13,6160.652,473.8963076923077,0.025159581238113127
2497,3,4246.200000000001,1415.4000000000003,0.5869074568059083
2500,10,1220.2,122.02000000000001,0.10131074479601176
2503,4,19178.42,4794.605,0.9912730458681609
2505,3,1008.94,336.31333333333333,0.6933663669257267
2509,1,3688.0,3688.0,0.7074604171743547
2512,14,4326.2,309.0142857142857,0.761099352397285
2514,1,215.2,215.2,0.7964705365858044
2519,142,70876.543,499.1305845070423,0.010420254765929893
2520,7,7881.915,1125.9878571428571,0.19961699292853652
2524,4,1100.0,275.0,0.9463580339455289
2533,1,280.9,280.9,0.7044518249882732
2537,3,501.0,167.0,0.08886156925693023
2540,15,2724.26,181.61733333333333,0.5205544160298092
2541,6,1648.1,274.68333333333334,0.2953585462978183
2546,8,41176.544,5147.068,0.06515582091591876
2553,6,1647.7,274.6166666666667,0.6009416656311154
2557,2,524.653,262.3265,0.8174255073570595
2562,3,257.055,85.685,0.10981770011823178
2568,2,345.315,172.6575,0.5191647217842963
2579,7,82113.322,11730.474571428571,0.0062715156570811725
2584,16,11012.366,688.272875,0.4288256802763616
2587,12,2359.645,196.63708333333332,0.35531399704232836
2590,143,480441.548,3359.731104895105,0.5988583677096719
2593,2,561.0,280.5,0.8492758952768844
2595,1,1.0,1.0,0.6708052040053183
2596,7,5452.476000000001,778.925142857143,0.5074235167528537
2597,200,2135802.035,10679.010175000001,0.9664401537747755
2599,4,943.9,235.975,0.5666563162431697
2603,1,161.5,161.5,0.24714185555122137
2604,1,1.0,1.0,0.40689638443053244
2608,9,2024.7,224.96666666666667,0.2506982008770313
2610,9,719.4,79.93333333333334,0.4741162219451892
2611,15,24035.826,1602.3884,0.23812974387819863
2615,9,7054.039,783.7821111111111,0.8424531001775806
2628,8,8.0,1.0,0.5096967632270039
2630,1,647.42,647.42,0.940669328267562
2634,19,57719.785,3037.8834210526315,0.307518811028771
2635,17,1212.788,71.34047058823529,0.9967201420830599
2643,6,1515.673,252.61216666666667,0.7634532832157273
2647,2,8894.717,4447.3585,0.9606398285843812
2648,18,2444.967,135.8315,0.9275062761168029
2654,14,41644.299,2974.5927857142856,0.870214529659857
2655,4,1125.579,281.39475,0.35180346267714235
2656,43,17720.186999999998,412.09737209302324,0.5701928673933618
2662,7,13371.982,1910.2831428571428,0.05468608574408651
2663,18,6677.0,370.94444444444446,0.6406555034776242
2665,3,153.52499999999998,51.17499999999999,0.5511874689017816
2667,20,1484.8,74.24,0.5792671685228197
2668,56,98345.658,1756.172464285714,0.044794809276251346
2669,3,227.1,75.7,0.9409244251833048
2670,1,468.87,468.87,0.2045311749945451
2672,2,617.06,308.53,0.4715563075337408
2674,2,6386.319,3193.1595,0.9919830471730514
2676,2,0.0,0.0,0.8541401398492876
2683,6,26155.527,4359.2545,0.9614974769803407
2691,3,1095.0,365.0,0.5520992571758556
2692,21,4534.9,215.94761904761904,0.8528845016648239
2693,3,5685.72,1895.24,0.9187215702348877
2697,7,1401.4,200.20000000000002,0.5292732627684087
2699,6,1064.69,177.44833333333335,0.29085214168338724
2705,3,600.0,200.0,0.5899857883823447
2707,10,55818.55499999999,5581.8555,0.824882985775705
2709,15,268748.217,17916.5478,0.9960176891936533
2710,30,2062.08,68.736,0.5987501275229541
2711,3,0.0,0.0,0.27186301306299343
2712,6,3533.14,588.8566666666667,0.5449409708813464
2717,1,2110.943,2110.943,0.6898382418887361
2729,12,1917.066,159.7555,0.25724674172738027
2730,27,11639.592,431.096,0.061350125969922176
2731,6,1754.3999999999999,292.4,0.7385726625042134
2743,6,133.25,22.208333333333332,0.056722267589035424
2745,1,0.6,0.6,0.5268055552857364
2746,7,3693.134,527.5905714285715,0.5458717920772632
2748,4,1609.781,402.44525,0.49634568705082527
2749,16,13256.181999999999,828.5113749999999,0.9794434543421298
2751,83,90840.90299999999,1094.4687108433734,0.4526130553609
2752,11,2630.175,239.1068181818182,0.7516027354238471
2758,2,1.6,0.8,0.3490937361909192
2759,462,1781.8999999999999,3.8569264069264064,0.39811967093463363
2760,1382,541425.664,391.7696555716353,0.4407294495582884
2761,6,4621.86,770.31,0.6082711763364042
2771,3,841.9,280.6333333333333,0.7628810204989777
2772,8,1647.8000000000002,205.97500000000002,0.7070324820386537
2773,88,304808.062,3463.727977272727,0.3035422400821245
2780,4,894.9000000000001,223.72500000000002,0.3902275421500261
2786,6,8816.247,1469.3745,0.9751589637347554
2787,18,94235.469,5235.303833333333,0.5844224125127526
2790,1,1.0,1.0,0.19574979553358585
2791,3,27856.923,9285.641,0.18236691743602307
2797,3,1920.0,640.0,0.06131544267372513
2802,1,214.8,214.8,0.1695522906348026
2804,5,611.595,122.319,0.2885436312342594
2805,687,117762.191,171.41512518195051,0.9963492749372452
2807,1,885.408,885.408,0.603866828080991
2809,1,221.0,221.0,0.7583530742657364
2812,12,9520.632,793.386,0.683007744156039
2813,466,3526071.134,7566.676253218884,0.7374271128731565
2814,6,1842.318,307.053,0.47317224974371175
2815,1,503.97,503.97,0.8174703719279892
2819,7,6392.237999999999,913.1768571428571,0.27667413159893994
2820,40,100255.73,2506.39325,0.6594368708408683
2824,476,37023.458999999995,77.78037605042016,0.44080981232672156
2831,1,200.0,200.0,0.763078145894109
2832,15,4367.186,291.14573333333334,0.496042877047536
2834,31,12301.766,396.83116129032254,0.37682221065635035
2842,108,1034920.532,9582.597518518518,0.3313701958513502
2843,6,56637.271,9439.545166666667,0.809028445924683
2845,26,89338.288,3436.088,0.19438841065472823
2849,1,0.6,0.6,0.8424993418269119
2854,1,214.0,214.0,0.8171850956416715
2855,2,0.0,0.0,0.14770244587212744
2860,8,10569.083,1321.135375,0.16955536265952809
2863,3,1761.81,587.27,0.4430577259489724
2864,4,17574.101000000002,4393.525250000001,0.7833230273837137
2865,23,25417.017,1105.0876956521738,0.7024499619474301
2869,65,13806.113,212.40173846153846,0.7432338786288245
2873,9,5337.531,593.059,0.5056253176241338
2874,57,30960.0,543.1578947368421,0.8464940765347898
2875,5,181.5,36.3,0.7887432174723705
2877,305,228577.932,749.4358426229509,0.2918123543946841
2878,2,61.885,30.9425,0.3464878801474094
2879,9,13790.0,1532.2222222222222,0.2805203986916539
2880,1,5396.19,5396.19,0.3514090515430387
2881,3,9482.48,3160.8266666666664,0.8437212441718024
2883,4,1255.0,313.75,0.5156143127356598
2884,15,3878.499,258.5666,0.5055819923337005
2885,17,4684.95,275.58529411764704,0.8624027033245762
2888,6,5497.47,916.245,0.6918133797565551
2889,2,794.1400000000001,397.07000000000005,0.6364667970275102
2896,3,6682.191,2227.397,0.7799499509106477
2898,6,45813.0,7635.5,0.2196670583528375
2899,9,1039402.515,115489.16833333333,0.6289795914250071
2900,11,13663.478,1242.1343636363636,0.43625678244634325
2901,8,83752.03300000001,10469.004125000001,0.4943332396427733
2902,22,59103.696,2686.5316363636366,0.6399505675848964
2903,11,5258.167,478.0151818181819,0.7877529823969122
2904,7,3021.8999999999996,431.69999999999993,0.6303057053111998
2905,12,19550.0,1629.1666666666667,0.5558537382446056
2906,23,634898.71,27604.291739130433,0.5351226814672321
2908,12,85191.196,7099.266333333333,0.5448747651511981
2909,25,540783.003,21631.32012,0.6412946486070582
2910,3,30964.489999999998,10321.496666666666,0.9866589772732162
2911,6,331357.974,55226.329,0.5316934040661494
2912,3,5509.6900000000005,1836.5633333333335,0.5492706987711146
2913,22,3580.7,162.7590909090909,0.3979763379689757
2917,57,51997.1,912.2298245614035,0.4156670599484702
2921,53,327677.4,6182.592452830189,0.26555585012155813
2922,13,1.7999999999999998,0.13846153846153844,0.7772396681575245
2924,3,2943.48,981.16,0.2718262079964492
2926,9,2245.752,249.528,0.09373342919699768
2927,3,537.3,179.1,0.9244660548437896
2931,17,19629.938,1154.7022352941176,0.5870780588894435
2935,85,1326397.71,15604.67894117647,0.8912613091400059
2936,31,591918.666,19094.15051612903,0.29802740662595895
2937,3,663.0,221.0,0.02283271600180159
2938,9,8031.6900000000005,892.4100000000001,0.29402752945390354
2941,3,30523.5,10174.5,0.5369448329044368
2943,5,1803.6750000000002,360.735,0.6680361470481639
2944,1,2665.0,2665.0,0.25650757893247833
2947,2,1.0,0.5,0.24864154010754635
2948,3,1.7999999999999998,0.6,0.8701652695675921
2954,12,9863.202,821.9335,0.6858509883284022
2956,3,13317.630000000001,4439.21,0.7869679789595693
2957,3,2.0,0.6666666666666666,0.19791244644258343
2960,11,5750.593,522.7811818181818,0.8902006616300978
2963,2,1800.0,900.0,0.8795897525848639
2965,3,1510.125,503.375,0.5967957318217797
2966,3,18719.324999999997,6239.774999999999,0.21662549722265423
2967,4,2320.0,580.0,0.635796313829127
2968,2,1511.0,755.5,0.7327806749483086
2969,6,2628.0,438.0,0.2619435052272514
2970,13,3257.3,250.56153846153848,0.4088426231326189
2971,10,26062.170000000002,2606.217,0.7773576132903423
2972,3,13560.0,4520.0,0.9992046491797232
2973,5,1348.055,269.611,0.06329087846101189
2974,4,1722.9299999999998,430.73249999999996,0.5060333819839542
2975,4,859.2,214.8,0.08459380877253964
2976,3,4009.2000000000003,1336.4,0.22268369785138387
2979,3,10902.0,3634.0,0.22066381116563416
2980,19,6017.797,316.72615789473684,0.4999858568111092
2981,3,1510.125,503.375,0.7195521595661813
2983,3,644.4000000000001,214.80000000000004,0.15997976136418735
2984,3,1511.91,503.97,0.43759498545727216
2985,3,2735.235,911.745,0.8300357046709433
2986,17,1497.2420000000002,88.07305882352942,0.645684946332009
2987,6,668.8349999999999,111.47249999999998,0.4136647035154327
2988,6,304.66499999999996,50.777499999999996,0.8764425603392318
2989,96,137006.956,1427.1557916666668,0.46588816520704834
2990,40,440013.38,11000.3345,0.9391577544312536
2992,6,7887.599999999999,1314.6,0.29955955253351285
2993,62,50129.324,808.5374838709678,0.7336125795324305
2995,1,0.0,0.0,0.15357644424631856
2996,5,99579.415,19915.882999999998,0.3621906111405313
2997,17,10628.453,625.2031176470588,0.3486216582371984
2998,3,821.502,273.834,0.2335200415945876
2999,3,663.0,221.0,0.6559620993992789
3002,52,362697.69,6974.955576923077,0.33388647606410693
3003,107,5385.37,50.33056074766355,0.3130960447233284
3004,3,216.29999999999998,72.1,0.4259767274812506
3005,5,1085.9,217.18,0.6558497836312002
3006,9,2374.919,263.8798888888889,0.17231124803719788
3007,6,20718.888,3453.1479999999997,0.5321496172609688
3008,49,399862.033,8160.449653061224,0.20426527639328385
3009,1,78.545,78.545,0.7792704556017569
3010,1,280.9,280.9,0.5365348670804566
3014,3,663.0,221.0,0.32284245213626894
3015,4,1223.74,305.935,0.1777828704988098
3016,3,663.0,221.0,0.07505719771215902
3017,3,2036.685,678.895,0.7736661360807352
3018,6,257.055,42.8425,0.6016127248533866
3019,3,801.1560000000001,267.052,0.1255087152757275
3020,3,5550.78,1850.26,0.922266934840999
3021,61,309855.158,5079.59275409836,0.24198577621492645
3022,3,29085.017999999996,9695.006,0.0751092823027113
3023,145,766442.02,5285.807034482758,0.09418890187820361
3024,6,108000.0,18000.0,0.03144277884686775
3025,3,59944.950000000004,19981.65,0.9196727585752068
3026,3,18403.35,6134.45,0.625998705598949
3028,13,3624.0,278.7692307692308,0.001653042888698053
3030,6,1445.4,240.9,0.22341631993069944
3031,3,137552.22,45850.74,0.9657785238620579
3032,6,12198.75,2033.125,0.9623650985843469
3034,5,150964.415,30192.883,0.04740248322794416
3037,34,71122.4,2091.8352941176468,0.9757517453099848
3038,8,2062.1000000000004,257.76250000000005,0.20946129459018703
3039,2,860.2,430.1,0.7426342893336153
3041,3,788.226,262.742,0.06598069724328992
3042,4,194.39999999999998,48.599999999999994,0.4901061071056444
3043,6,291.909,48.6515,0.8665806345091838
3047,7,2639.2599999999998,377.03714285714284,0.8400073873516407
3048,4,62570.509,15642.62725,0.7151240690780276
3049,3,2340.0,780.0,0.7434856956878684
3050,9,8279.699,919.9665555555556,0.7632306804462398
3051,3,15795.545999999998,5265.182,0.3090236568151171
3052,9,5247.0,583.0,0.6881848138686918
3054,6,5149.5,858.25,0.09151492295341956
3055,3,795.0,265.0,0.31283806565339634
3056,14,4946.1,353.29285714285714,0.9507315902672733
3057,4,2697.25,674.3125,0.009702103481140867
3058,10,3847.0950000000003,384.70950000000005,0.358245612296074
3060,3,477.264,159.088,0.6352105436812203
3061,4,943.9,235.975,0.9693775802865707
3062,13,3030.523,233.11715384615385,0.3130327654705308
3063,29,4074324.398,140493.9447586207,0.18962887008457951
3064,13,2997.9,230.6076923076923,0.5517416873653354
3066,5,2355.24,471.04799999999994,0.3376373262698653
3067,27,16384.538,606.8347407407408,0.2696687259978827
3068,11,1037.816,94.3469090909091,0.6578058129138857
3069,7,4619.017,659.8595714285714,0.17024694224398051
3070,3,877.1999999999999,292.4,0.20897707121751474
3071,4,710.0,177.5,0.9147347944663494
3073,3,943.257,314.419,0.09938472556750433
3074,5,1763.0100000000002,352.60200000000003,0.28321960991624706
3075,4,2894.1,723.525,0.921986360039783
3076,7,2753.1,393.3,0.7581995857895791
3077,19,496758.493,26145.183842105263,0.6340632907202586
3078,10,5852.924,585.2924,0.07468574628347735
3079,3,1511.91,503.97,0.9369485925606189
3080,3,877.1999999999999,292.4,0.25469155934662224
3081,20,119325.453,5966.27265,0.49279868152033124
3082,6,342.735,57.1225,0.3628864498968255
3083,5,1.6,0.32,0.03011589191006836
3084,31,2295.739,74.05609677419355,0.3207474162844114
3085,3,8115.0,2705.0,0.6797244884103641
3086,4,1002.0,250.5,0.2950593715315999
3087,9,165794.0,18421.555555555555,0.3005146039701626
3088,27,454318.268,16826.602518518517,0.7778911203502893
3090,3,1511.91,503.97,0.6381495623078899
3091,9,1704.856,189.42844444444444,0.5042079018684957
3092,3,5640.0,1880.0,0.3769518904879188
3093,3,10361.7,3453.9,0.15178607115727583
3097,12,4041.164,336.76366666666667,0.8003920960533858
3098,59,116.60000000000001,1.9762711864406781,0.09327857181708021
3099,17,2459.9,144.70000000000002,0.7326900071284715
3101,14,14316.5,1022.6071428571429,0.04107603083690348
3103,45,37000.0,822.2222222222222,0.7603571333269578
3105,11,23686.794,2153.3449090909094,0.9142509742664634
3107,5,14344.2,2868.84,0.6635239174455522
3108,10,321.71999999999997,32.172,0.0743919583942868
3109,24,14311.427,596.3094583333333,0.7978899279782516
3110,16,12145.166,759.072875,0.6661956914044855
3111,33,181849.525,5510.591666666666,0.7411664571032421
3112,19,93548.075,4923.582894736842,0.4092684752623058
3114,72,376509.929,5229.3045694444445,0.29170019459341745
3115,9,9316.955,1035.2172222222223,0.9685205563764956
3116,4,604.8149999999999,151.20374999999999,0.35344059200621414
3117,15,21290.885000000002,1419.3923333333335,0.8022747023438939
3118,2,7459.136,3729.568,0.5448942299525371
3119,14,16258.883,1161.3487857142857,0.8376939380792779
3120,15,2363.675,157.57833333333335,0.9075534762840083
3121,34,25204.023,741.2947941176471,0.2175735129916172
3122,24,11287.298,470.3040833333334,0.66508055756765
3123,1,2780.42,2780.42,0.7292917056903314
3124,51,81524.707,1598.5236666666665,0.08744103909360168
3125,37,17213.922,465.2411351351351,0.4669459061507272
3126,16,15224.5,951.53125,0.4758865546101647
3128,444,14870.099999999999,33.491216216216216,0.9001732747865341
3129,6,29653.22,4942.203333333334,0.142681700304657
3130,3,9450.0,3150.0,0.5783717314567572
3131,3,2786.3999999999996,928.7999999999998,0.005089345088817976
3132,5,2751.8999999999996,550.3799999999999,0.7592748161180526
3136,8,5279.974,659.99675,0.43729015099387203
3137,24,80044.461,3335.1858749999997,0.17129062241779103
3138,7,22462.787999999997,3208.969714285714,0.632035870085089
3139,5,149.37,29.874000000000002,0.06703825466707003
3140,3,9542.145,3180.715,0.4564327141996618
3141,2,32642.100000000002,16321.050000000001,0.35862610361654845
3142,14,10983.989000000001,784.570642857143,0.3475653801727162
3143,3,1511.91,503.97,0.6258425923265648
3144,5,2394.8999999999996,478.9799999999999,0.2403070991594537
3145,9,5292.942,588.1046666666666,0.8261108727582024
3146,7,27858.686,3979.8122857142857,0.09516462699240957
3147,33,3679.4,111.4969696969697,0.0025661070069333825
3148,15,883.65,58.91,0.9811303273292885
3150,3,3183.924,1061.308,0.0014537766763006443
3151,3,61103.700000000004,20367.9,0.7814739511842616
3152,7,9409.800000000001,1344.257142857143,0.7133111726916344
3153,11,2451.04,222.82181818181817,0.3835146150187463
3154,13,8664.047,666.4651538461538,0.8163791466510764
3155,13,291.4,22.415384615384614,0.8245986661979208
3156,5,265.38,53.076,0.23077582742156622
3157,153,28506.576999999997,186.31749673202611,0.5086774412147728
3159,58,43533.154,750.5716206896552,0.7013898596403966
3162,3,2290.17,763.39,0.5094836143369783
3164,7,4619.146,659.8779999999999,0.8394557950598209
3166,11,8027.5109999999995,729.7737272727272,0.9423844676262317
3167,31,19899.325,641.9137096774194,0.7536923393076027
3169,8,282.34000000000003,35.292500000000004,0.26769142044308414
3170,4,2932.504,733.126,0.03688590450509854
3172,2,358.2,179.1,0.0878303266738345
3173,1,250.5,250.5,0.245350364702414
3174,3,1587.2800000000002,529.0933333333334,0.2217224718239773
3175,4,10502.088,2625.522,0.21656697278371773
3176,16,9749.273,609.3295625,0.3353108295755449
3177,25,43524.282,1740.97128,0.322659284711586
3178,6,1930.82,321.80333333333334,0.7428980158973509
3179,2,1100.0,550.0,0.4097970487092537
3181,3,157.085,52.36166666666667,0.2766625660645049
3182,9,4319.74,479.9711111111111,0.8549910598017201
3184,2,524.8,262.4,0.8335623713141822
3185,2,501.0,250.5,0.2553580921113974
3186,2,11221.382,5610.691,0.34728592318635776
3187,17,11723.826000000001,689.6368235294118,0.3015010678099759
3188,5,3656.0989999999997,731.2198,0.12009445288721476
3189,3,65324.452000000005,21774.817333333336,0.9548034494163666
3191,15,9196.682999999999,613.1121999999999,0.8409049567855745
3192,12,122629.26000000001,10219.105000000001,0.5880233530757457
3193,1,280.9,280.9,0.8873348827406627
3194,5,34373.36,6874.6720000000005,0.5575620885898769
3195,56,23591.652000000002,421.27950000000004,0.5185757273504639
3196,4,982.9599999999999,245.73999999999998,0.5993413933233703
3197,3,196.95,65.64999999999999,0.6447101001496887
3198,7,350.09000000000003,50.01285714285715,0.3451185217557925
3199,3,16772.782,5590.927333333333,0.9752676531636416
3200,9,2444.14,271.5711111111111,0.007986733391028955
3201,31,8954.895,288.8675806451613,0.35225949441254567
3202,4,721.992,180.498,0.6327443545050486
3203,4,5602.28,1400.57,0.6082277964978271
3204,5,9450.0,1890.0,0.8592653219091844
3205,3,2377.178,792.3926666666666,0.31493289775811073
3206,5,3119.622,623.9244,0.37008076056622274
3207,3,107.571,35.857,0.2970839945881627
3208,5,420.376,84.0752,0.2932940970522874
3209,2,1007.94,503.97,0.23285980790391936
3211,2,442.0,221.0,0.4029633496909736
3212,2,3130.0,1565.0,0.0542225271678769
3213,9,243.78,27.086666666666666,0.25989534483732124
3214,12,607.5999999999999,50.633333333333326,0.20325114115993004
3215,6,76089.25499999999,12681.542499999998,0.47435664319091086
3216,20,44225.955,2211.29775,0.7523164810009613
3217,3,988.3100000000001,329.43666666666667,0.6940267160410073
3218,1,3784.36,3784.36,0.12330718479167035
3219,1,195.165,195.165,0.23759392254943235
3220,2,501.0,250.5,0.2876176688758175
3222,12,1934.425,161.20208333333332,0.37684270974322154
3223,1,214.8,214.8,0.617617137618196
3224,4,92489.44,23122.36,0.6778210950569779
3225,2,442.0,221.0,0.6729881834331647
3226,5,555.836,111.16720000000001,0.23654853316802849
3227,6,1745.1599999999999,290.85999999999996,0.14922748704680866
3228,19,544.0799999999999,28.635789473684206,0.9800370650211137
3229,6,201.73000000000002,33.62166666666667,0.8507157774104555
3231,1,221.0,221.0,0.21242476497706142
3232,2,1120.28,560.14,0.8324036578657565
3234,1,250.5,250.5,0.8524403893495068
3235,6,98371.84700000001,16395.307833333336,0.00919827390071204
3238,7,35325.705,5046.529285714286,0.38172390091942143
3239,2,314.222,157.111,0.9050961182797532
3240,29,7821.0,269.6896551724138,0.08735347452129316
3241,6,1734.247,289.0411666666667,0.84269302258349
3242,1,120.79,120.79,0.4021085096929736
3243,15,59619.884,3974.658933333333,0.05212165872655983
3245,674,170847.99,253.4836646884273,0.4501844042789762
3246,1,12393.783,12393.783,0.5482124071633848
3248,2,10660.800000000001,5330.400000000001,0.03157361501410194
3249,14,8231.778,587.9841428571428,0.44656984275950085
3250,13,5804.432,446.49476923076924,0.9527573053932379
3251,1,9304.16,9304.16,0.18476320097686605
3252,1,503.97,503.97,0.10885838076779475
3253,2,1141.288,570.644,0.09475862395514112
3254,5,1112.5,222.5,0.4741503639900827
3255,6,1005.42,167.57,0.5008677712412912
3257,4,405.815,101.45375,0.3940213681381255
3258,1,50.0,50.0,0.15772822742576642
3259,1,292.4,292.4,0.11347758568913124
3260,1,503.97,503.97,0.6849950175387771
3261,1,292.4,292.4,0.9170042472058019
3262,7,4573.979,653.4255714285715,0.8418670346298958
3263,67,781.2239999999999,11.660059701492536,0.6248918158134976
3266,7,6835.621,976.5172857142858,0.5534087322227228
3267,1,214.8,214.8,0.9215164823003651
3268,7,363668.408,51952.629714285715,0.5665805706437937
3270,12,21165.426000000003,1763.7855000000002,0.14314275678153132
3271,4,14280.51,3570.1275,0.9852308817909895
3273,2,18339.295,9169.6475,0.005889843787382221
3274,4,987.72,246.93,0.47312334070791573
3275,1,292.4,292.4,0.4532959712537806
3276,2,471.54,235.77,0.7994753850480354
3277,2,836.5799999999999,418.28999999999996,0.21022366275149595
3278,2,429.6,214.8,0.4290904993517838
3279,2,429.6,214.8,0.02203881879014047
3280,2,501.4,250.7,0.32056243813838026
3282,2,215.4,107.7,0.4311873678626449
3285,6,83506.396,13917.732666666665,0.7482585208148831
3287,2,430.0,215.0,0.055077980507894364
3288,4,25393.309999999998,6348.327499999999,0.35277730487665193
3289,2,4053.695,2026.8475,0.9922538781554693
3290,59,49056.74,831.4701694915254,0.8138261735371533
3293,5,1670.99,334.198,0.6509380565420596
3294,1,1300.0,1300.0,0.7499396937557323
3295,2,489.6,244.8,0.024816674987934495
3297,8,6988.396000000001,873.5495000000001,0.8791720818452968
3298,1,859.023,859.023,0.8752639386475265
3300,10,28226.75,2822.675,0.07850017669687581
3301,2,180.29,90.145,0.0749014934342982
3302,1,221.0,221.0,0.799412079421153
3304,2,477.19999999999993,238.59999999999997,0.8866521320739644
3305,3,2017.453,672.4843333333333,0.1639890825053809
3306,21,29090.675,1385.270238095238,0.4894362480046651
3307,1,3200.0,3200.0,0.557211932530602
3310,2,1029.964,514.982,0.17484537251570065
3311,2,2344.3720000000003,1172.1860000000001,0.2830254182779074
3312,2,21282.84,10641.42,0.7104125739872778
3313,2,86.285,43.1425,0.18485310841872615
3315,1,6320.76,6320.76,0.772217743234428
3316,1,214.8,214.8,0.5251424530712321
3319,4,1644.6,411.15,0.9581779409765564
3320,4,1253.578,313.3945,0.40183639342276134
3321,2,429.6,214.8,0.5327797889834622
3322,7,189287.202,27041.028857142857,0.17145600930410165
3324,30,35494.12,1183.1373333333333,0.0006842675085989569
3327,6,2746.545,457.7575,0.6744099119080011
3329,5,2321.022,464.20439999999996,0.6422212303415467
3331,2,244.2,122.1,0.2071505722782131
3332,3,17549.3,5849.766666666666,0.07238948476649232
3337,2,543.3,271.65,0.7130841293550572
3338,63,736566.11,11691.525555555556,0.12387277273794461
3340,3,196.89499999999998,65.63166666666666,0.9166968630479562
3341,4,1925.0,481.25,0.6544253646491117
3343,1,503.97,503.97,0.10233375338743256
3344,1,503.97,503.97,0.6850212710683115
3346,1,250.5,250.5,0.09768626595031549
3347,5,1000.86,200.172,0.3095668927457006
3348,1,214.8,214.8,0.5819441312930451
3349,13,8474.606,651.8927692307692,0.1977721270614996
3351,7,7130.937,1018.7052857142857,0.20201977078628364
3352,5,584.765,116.953,0.5042117490495291
3353,1,250.5,250.5,0.8866591551089209
3354,53,78147.894,1474.4885660377358,0.3750172709908963
3355,3,1568.635,522.8783333333333,0.7459570116591343
3357,9,3975.8540000000003,441.76155555555556,0.5017164552663096
3358,3,43551.896,14517.298666666667,0.2620701489740732
3359,1,0.0,0.0,0.8351562314431832
3360,53,436252.258,8231.174679245283,0.3838807001674701
3361,1,221.0,221.0,0.9534632273736285
3362,4,5248.955,1312.23875,0.1711801042157941
3363,1,2488.221,2488.221,0.08081973866361081
3365,6,7066.097,1177.6828333333333,0.5543485388845214
3366,10,1678.526,167.8526,0.8798302807738605
3367,2,17757.698,8878.849,0.11773509430911011
3370,6,4434.428,739.0713333333333,0.3097375739000666
3371,1,13060.325,13060.325,0.35804433324867746
3372,6,3173.721,528.9535,0.006072269339940317
3373,4,690.8149999999999,172.70374999999999,0.6587480851598466
3375,2,2628.898,1314.449,0.8431242547058541
3376,1,0.6,0.6,0.22857959786290216
3377,2,11884.458,5942.229,0.3287663666846411
3378,2,3871.611,1935.8055,0.19047252803974202
3379,1,250.5,250.5,0.6495712785512178
3380,2,1678.9869999999999,839.4934999999999,0.7129523702161498
3381,2,449.83,224.915,0.49776367416019107
3383,1,280.5,280.5,0.2499935967904129
3384,1,695.56,695.56,0.4439880315050716
3386,2,1823.8819999999998,911.9409999999999,0.5158625581987107
3387,2,1823.8819999999998,911.9409999999999,0.032841779609997346
3388,4,517.28,129.32,0.4347114139490501
3389,1,1731.0,1731.0,0.9836347315287344
3390,4,36778.596,9194.649,0.5250006097026291
3391,1,230.0,230.0,0.21393821408158675
3392,13,32107.948,2469.842153846154,0.5234326411025215
3393,7,916.583,130.94042857142855,0.01376455329598314
3394,2,6488.340999999999,3244.1704999999997,0.0010510822594198554
3395,1,214.8,214.8,0.10567771920190716
3396,1,250.5,250.5,0.24894773282795457
3397,8,5788.192,723.524,0.678211695485367
3398,16,77366.508,4835.40675,0.8904851528308677
3402,13,68298.6,5253.738461538462,0.5021802387251258
3403,1,101.0,101.0,0.11718732727445158
3404,6,3869.178,644.8629999999999,0.9131174993220301
3405,2,501.0,250.5,0.2918203674992683
3406,1,214.8,214.8,0.14546482191888088
3407,3,1381.81,460.6033333333333,0.8258013683700519
3408,2,67.24,33.62,0.24683051435214975
3409,4,1002.0,250.5,0.7389563976564613
3411,2,794.54,397.27,0.6470208312821827
3412,12,4844.197,403.68308333333334,0.9376924264921586
3413,4,2529.383,632.34575,0.3656195015608614
3414,4,2881.402,720.3505,0.572888876337825
3416,7,20423.67,2917.6671428571426,0.534896571166953
3420,1,440.0,440.0,0.5767868174855635
3424,3,2072.956,690.9853333333334,0.8516740536590355
3425,4,352.26,88.065,0.625760475064531
3427,1,215.2,215.2,0.7125944582781858
3428,3,2896.911,965.6370000000001,0.6741526895567822
3429,4,8514.1,2128.525,0.3927440995638003
3431,10,3672.973,367.2973,0.975286015788336
3433,1,304.3,304.3,0.43373223221177304
3435,4,282.7,70.675,0.14603148160747248
3436,1,250.5,250.5,0.1328762864987295
3437,2,5229.091,2614.5455,0.13605791966225556
3438,1,351.9,351.9,0.7476478296645221
3440,1,7739.154,7739.154,0.6415836217583003
3441,2,580.73,290.365,0.2489682130232025
3442,1,133.328,133.328,0.3670762689281617
3443,1,12966.748,12966.748,0.2871859328504943
3444,1,125.545,125.545,0.8190820563812615
3445,3,14576.8,4858.933333333333,0.11992602195112378
3446,1,100.0,100.0,0.8646950208983009
3448,46,283728.4,6168.0086956521745,0.6528492186995499
3451,7,1078.535,154.07642857142858,0.9910289578079782
3452,1,214.8,214.8,0.4253564165490441
3453,4,566.0699999999999,141.51749999999998,0.7923720962482248
3456,2,1124.8,562.4,0.07193557402808082
3457,3,1848.29,616.0966666666667,0.6957820179738147
3459,1,214.8,214.8,0.8589763742360039
3461,1,2030.0,2030.0,0.42772548646114517
3463,2,225.515,112.7575,0.9818203559358967
3467,1,127.93,127.93,0.6476530195145378
3468,4,6669.758,1667.4395,0.5718509247446454
3469,2,97.469,48.7345,0.4521014020879982
3470,4,6558.25,1639.5625,0.17547562138907435
3471,2,31473.58,15736.79,0.8258805140626694
3472,4,216.60000000000002,54.150000000000006,0.8150687018841924
3477,3,516.173,172.05766666666668,0.8958600865724983
3478,2,384.38,192.19,0.047395305908900176
3485,1,215.2,215.2,0.6949618004132305
3487,1,890.24,890.24,0.000760963450208707
3488,2,198.74,99.37,0.4148413613422922
3489,2,1136.7,568.35,0.8952353665555061
3490,5,3356.874,671.3747999999999,0.22202790447990184
3494,1,214.8,214.8,0.5999927850951342
3499,3,161.855,53.95166666666666,0.8776410183292989
3504,1,511.871,511.871,0.8126988259272832
3507,2,203.2,101.6,0.2364530772186505
3508,1,214.8,214.8,0.8502703619084193
3509,1,483.8,483.8,0.4069299683690265
3510,1,215.2,215.2,0.22136133602246189
3511,1,215.2,215.2,0.9312262319932055
3512,1,8500.0,8500.0,0.9350354713759265
3513,34,266991.074,7852.678647058824,0.4720037242351788
3515,1,214.8,214.8,0.9912406813376115
3518,11,5752.7699999999995,522.9790909090908,0.9490962775795236
3519,1,214.8,214.8,0.889289371221712
3520,5,3420.923,684.1845999999999,0.5032579694364993
3521,1,250.5,250.5,0.3725507501460026
3523,1,250.9,250.9,0.8646061259266365
3524,3,2793.931,931.3103333333333,0.7727411299271585
3525,1,579.34,579.34,0.901271176713205
3526,13,4583.650000000001,352.58846153846156,0.0801692505420849
3527,14,503727.29,35980.52071428571,0.19955119091334828
3528,2,885.752,442.876,0.3970296639071983
3532,19,38534.08,2028.1094736842106,0.6415564510896894
3533,2,217.7,108.85,0.1899291247848588
3535,1,215.2,215.2,0.8772288668705649
3536,3,14370.834,4790.278,0.09168248527348377
3537,2,352.5,176.25,0.44682223019736966
3538,2,290.37,145.185,0.8098630127322979
3539,2,907.3149999999999,453.65749999999997,0.026298092356099367
3540,2,2301.7,1150.85,0.36590122722818574
3541,143,141645.167,990.5256433566433,0.9287068829937198
3542,2,1005.033,502.5165,0.3883986406602188
3547,4,5067.582,1266.8955,0.9255204694323067
3548,8,4315.457,539.432125,0.14698917351921725
3549,1,214.8,214.8,0.9869576390185014
3550,1,221.0,221.0,0.1345976766880067
3551,1,215.2,215.2,0.24204820152375328
3552,3,966.502,322.1673333333333,0.878532933963651
3553,3,1181.266,393.75533333333334,0.309440795819217
3555,13,10046.145,772.7803846153846,0.43357329472256056
3558,1,360.468,360.468,0.5823683706322406
3559,1,1063.27,1063.27,0.7694298706052515
3560,2,277.675,138.8375,0.8329000912546015
3564,1,250.5,250.5,0.8754089651693393
3565,2,275.495,137.7475,0.7159019847294704
3566,3,1220.708,406.9026666666667,0.14416664304771964
3570,2,15130.0,7565.0,0.46894652459427244
3571,12,6024.179,502.0149166666667,0.31443025800763835
3572,1,366.123,366.123,0.09774346707232084
3574,1,330.0,330.0,0.64932843487914
3575,2,2330.0,1165.0,0.8861830998598179
3576,1,217.0,217.0,0.488901533285251
3577,1,0.0,0.0,0.16299464722558266
3579,1,292.4,292.4,0.4819083178428377
3580,4,2894.8,723.7,0.6998293406658677
3593,6,2825.6730000000002,470.94550000000004,0.4562683437025894
3594,3,24974.439,8324.813,0.3323590071042465
3595,2,17362.6,8681.3,0.2940366521835601
3596,1,0.6,0.6,0.7261494890569328
3597,2,1112.252,556.126,0.6189784105014886
3598,17,9415.383,553.8460588235293,0.8375776680653106
3599,1,29190.0,29190.0,0.8777251576930182
3601,1,215.2,215.2,0.9763699372973488
3602,1,215.2,215.2,0.4263085822467987
3603,2,64.265,32.1325,0.9100582612220597
3607,4,280.0,70.0,0.6080381998551314
3609,51,269375.928,5281.8809411764705,0.7181407513886766
3610,3,8383.445,2794.4816666666666,0.08260101296295752
3611,2,12199.699999999999,6099.849999999999,0.7653558324167166
3612,8,23469.651,2933.706375,0.761689686319727
3613,3,396.447,132.149,0.8452246317142081
3614,1,214.8,214.8,0.09301761576590173
3616,3,1.6,0.5333333333333333,0.8079371176689255
3617,1,215.2,215.2,0.9258522404615325
3618,2,1538.161,769.0805,0.4110316028454519
3621,10,39587.857,3958.7857000000004,0.5583636069340133
3624,1,215.2,215.2,0.8588438580777443
3625,12,278524.77499999997,23210.397916666665,0.2922356407302914
3626,2,10713.963,5356.9815,0.544151521209142
3630,2,791.8520000000001,395.92600000000004,0.28804968870228964
3632,1,352.3,352.3,0.8271911517951291
3633,32,17450.0,545.3125,0.27846412920078334
3641,1,641.22,641.22,0.6702755072116368
3642,3,9615.0,3205.0,0.8474651613052534
3643,1,1.0,1.0,0.8497379902836445
3644,2,565.0,282.5,0.7485891722652607
3647,2,419.75,209.875,0.5656921488726302
3648,2,275.973,137.9865,0.8665272309513664
3651,1,215.2,215.2,0.9760782531312235
3652,1,215.2,215.2,0.4017947376294225
3653,1,215.2,215.2,0.34956715648087155
3654,8,35031.627,4378.953375,0.0926771914538983
3657,2,990.141,495.0705,0.9942557376484714
3658,22,11773.863,535.1755909090908,0.050670738733743614
3659,1,1232.097,1232.097,0.22286668037188262
3660,2,120.595,60.2975,0.3293379291985774
3662,13,10808.895,831.4534615384616,0.6501829625224675
3664,1,1101.0,1101.0,0.12137525166300567
3665,1,625.0,625.0,0.09168474199430188
3669,35,8265.845,236.16699999999997,0.35967091694014786
3671,1,215.2,215.2,0.9403107432473604
3672,24,182707.463,7612.810958333333,0.8474807489040697
3673,2,1226.51,613.255,0.025479003222828034
3675,8,2913.424,364.178,0.4984653898846326
3676,1,250.9,250.9,0.03785852614277929
3680,1,215.2,215.2,0.809064765422216
3681,8,43808.75,5476.09375,0.8806527182245554
3683,2,13478.1,6739.05,0.4912765704495339
3684,1,215.2,215.2,0.6641769047059841
3685,4,4009.352,1002.338,0.7611634088214146
3686,1,1580.0,1580.0,0.5231991858084829
3688,2,1210.0,605.0,0.7793898381694468
3690,4,7529.299999999999,1882.3249999999998,0.7082896392970109
3691,1,900.0,900.0,0.09686819078936837
3693,2,2261.558,1130.779,0.6453737819436494
3694,15,82422.542,5494.836133333333,0.8809769990606239
3703,1,7401.0,7401.0,0.1663145925731745
3704,2,1511.08,755.54,0.20210165604785268
3707,8,8101.608,1012.701,0.9733560949144807
3708,2,1291.96,645.98,0.18325228838193075
3710,1,893.5,893.5,0.7371734866012646
3711,2,585.5999999999999,292.79999999999995,0.4972393966630858
3713,2,1052.77,526.385,0.5148160289434985
3714,4,1196.785,299.19625,0.698447742321659
3715,2,121.0,60.5,0.19600917673812235
3716,2,6395.469999999999,3197.7349999999997,0.26542633430094775
3718,3,1621.334,540.4446666666666,0.11397967011015453
3720,3,811.605,270.535,0.5040441824132789
3725,1,504.37,504.37,0.038819247859240846
3726,6,4623.194,770.5323333333334,0.2655887852818275
3727,15,3310.433,220.69553333333334,0.3958020478734493
3728,1,228.29,228.29,0.6937243039218849
3730,4,42114.525,10528.63125,0.33018585758228913
3731,1,4156.33,4156.33,0.4994476939404432
3732,4,126.57,31.6425,0.9465912582731404
3733,10,5236.364,523.6364,0.7763576932211275
3734,1,21421.0,21421.0,0.45676019361271314
3735,2,12442.1,6221.05,0.7629538727776632
3739,1,1.0,1.0,0.8166288150465413
3744,2,675.898,337.949,0.7549498457478855
3745,1,352.3,352.3,0.2249675489635885
3747,6,122180.0,20363.333333333332,0.18407065023572422
3750,3,3947.225,1315.7416666666666,0.9764898764134187
3754,3,751.5,250.5,0.03225767385924372
3756,415,729390.7880000001,1757.5681638554217,0.20982663733338536
3760,2,1078.72,539.36,0.7675327221613935
3762,12,62359.205,5196.600416666667,0.41539707030109374
3763,2,101.008,50.504,0.5151327796947232
3764,1,1183.86,1183.86,0.5556640468149108
3767,1,280.9,280.9,0.3990137766545546
3769,13,1078.355,82.95038461538462,0.7794874626517402
3770,1,1478.301,1478.301,0.7164665510847398
3773,4,23227.0,5806.75,0.5409090421278602
3777,11,959.1949999999999,87.19954545454544,0.1577747476042678
3778,2,91.786,45.893,0.6410414933010185
3781,1,854.722,854.722,0.5031486574903767
3782,1,665.0,665.0,0.2552352374357958
3783,5,16223.099,3244.6198,0.04043079935087124
3785,1,192.19,192.19,0.6991628835688231
3788,2,174.524,87.262,0.011210810526528614
3789,1,579.34,579.34,0.04221578302493301
3790,7,1427.8400000000001,203.97714285714287,0.007737011153917228
3792,1,280.9,280.9,0.44420138530465314
3795,109,128541.075,1179.2759174311927,0.2566522315527585
3796,2,505.775,252.8875,0.4232012660516662
3797,17,87215.48,5130.322352941176,0.01940038359302354
3798,2,396.60400000000004,198.30200000000002,0.4222546466041681
3799,1,6215.0,6215.0,0.21843676614725493
3801,2,831.1270000000001,415.56350000000003,0.7985062120886969
3803,2,79.005,39.5025,0.6470937793856866
3805,1,1563.3,1563.3,0.022429701807409885
3806,6,90.0,15.0,0.664580376113747
3809,2,372.328,186.164,0.8680581812865054
3810,9,733.23,81.47,0.22572976051958626
3817,51,24308.318,476.6336862745098,0.9103593633481368
3819,2,4137.436,2068.718,0.041589627807524066
3820,1,440.742,440.742,0.3044997153455612
3821,3,1446.695,482.2316666666666,0.9950890346177852
3822,1,385.89,385.89,0.5290143862509408
3823,1,579.34,579.34,0.700082281314283
3824,1,906.59,906.59,0.6914601991584259
3825,1,1850.0,1850.0,0.045951796503362785
3827,2,1485.2150000000001,742.6075000000001,0.26725141451099244
3828,6,1760.0,293.3333333333333,0.5560726153655012
3829,1,280.9,280.9,0.3514516187718143
3830,1,8500.0,8500.0,0.3049577804042435
3831,1,579.34,579.34,0.08774814269169051
3837,1,535.45,535.45,0.6344990072380493
3844,4,3224.635,806.15875,0.2427693013101967
3845,23,62637.068999999996,2723.350826086956,0.8511304085006125
3846,2,484.503,242.2515,0.8266838674290062
3847,2,1657.6529999999998,828.8264999999999,0.48250687842100803
3849,1,304.7,304.7,0.5391403608813703
3852,1,742.37,742.37,0.6527633340160788
3855,2,226.196,113.098,0.6465134996941043
3858,4,1370.438,342.6095,0.36009528501918064
3865,3,7224.817,2408.2723333333333,0.49334007792929413
3867,1,80.135,80.135,0.09471689010274797
3868,7,34639.427,4948.489571428572,0.111298309391757
3872,1,274.7,274.7,0.3697230390835754
3873,4,8827.95,2206.9875,0.14590461634511076
3874,1,1011.31,1011.31,0.16535540716369768
3876,4,1038.905,259.72625,0.91359795594706
3879,1,262.053,262.053,0.23622601707344426
3880,1,692.39,692.39,0.6025954351917547
3882,1,379.022,379.022,0.22482875093595556
3883,1,1223.25,1223.25,0.78700857661305
3884,1,185.45,185.45,0.9065289358482183
3885,1,280.9,280.9,0.8680227745635555
3886,4,7665.299999999999,1916.3249999999998,0.8129342856405798
3887,3,86647.75,28882.583333333332,0.9620539551982878
3888,1,280.9,280.9,0.6001864086927717
3889,2,4088.528,2044.264,0.34486558038888393
3890,1,250.9,250.9,0.09403764727604735
3892,1,78641.6,78641.6,0.14884303143058475
3893,1,210.0,210.0,0.3119867933243643
3894,2,370.424,185.212,0.11729537105150512
3896,2,1680.026,840.013,0.8412423238257389
3898,1,53.955,53.955,0.3211313533785872
3900,1,50.0,50.0,0.16882806556470342
3901,1,107.68,107.68,0.7972496281945001
3903,2,620.8,310.4,0.07930262285471923
3906,2,1254.3809999999999,627.1904999999999,0.15282099934111149
3909,4,1550.0,387.5,0.9303005996506158
3910,1,4300.0,4300.0,0.39452434135646086
3914,1,50.0,50.0,0.49232460986579774
3917,1,318.992,318.992,0.16975363216421768
3926,1,691.2,691.2,0.43129454602745787
3932,1,693.287,693.287,0.277202729532803
3933,1,579.34,579.34,0.2601063796859755
3934,71,947591.781,13346.363112676056,0.07340771199684404
3937,1,423.105,423.105,0.5215969568430479
3938,1,739.0,739.0,0.9218502881350997
3939,1,3746.0,3746.0,0.7928162643344714
3943,5,2146.062,429.2124,0.9717464807500322
3944,3,381.65,127.21666666666665,0.09663531211119236
3945,17,49461.479,2909.4987647058824,0.1252282380182812
3949,7,3333.0,476.14285714285717,0.2141687225982688
3950,5,22029.368000000002,4405.873600000001,0.8466988726493528
3951,2,265.48199999999997,132.74099999999999,0.4500247339180521
3952,1,12823.7,12823.7,0.6479771480568494
