CustomerKey,TotalInvoices,TotalRevenue,AvgInvoiceValue
0,16717,25469609.38,1523.5753651971047
1,34,255031.736,7500.933411764706
2,5,2544.0,508.8
3,1,240.0,240.0
4,11,154638.41,14058.037272727273
6,48,15360.337,320.00702083333334
7,1,280.5,280.5
8,2,890.0,445.0
9,41,11466.599999999999,279.6731707317073
11,1,1747.84,1747.84
13,294,884571.3859999999,3008.7462108843533
22,1,814.56,814.56
27,4,14018.5,3504.625
40,3,3.57,1.19
57,1,0.6,0.6
65,3,1063.28,354.4266666666667
73,1,250.5,250.5
74,2,1694.106,847.053
81,1,1484.93,1484.93
82,8,2961.0719999999997,370.13399999999996
85,1,214.8,214.8
89,3,288.58500000000004,96.19500000000001
90,3,2889.93,963.31
94,3,519.855,173.285
95,8,16722.521,2090.315125
99,10,2480.2219999999998,248.02219999999997
100,9,5805.6900000000005,645.0766666666667
104,1,215.2,215.2
108,5,3650.0,730.0
111,2,85.541,42.7705
117,3,4220.064,1406.688
119,3,637.9,212.63333333333333
127,8,38.099999999999994,4.762499999999999
129,27,22124.818,819.4377037037037
131,3,1449.0,483.0
133,53,32318.767,609.7880566037736
136,2,235.03499999999997,117.51749999999998
138,18,17160.0,953.3333333333334
161,3,644.8,214.9333333333333
166,2,186.24,93.12
167,78,39290.922,503.7297692307692
170,6,4412.0650000000005,735.3441666666668
192,1,353.3,353.3
194,2,1547.81,773.905
195,21,693.81,33.03857142857142
200,15,7.6,0.5066666666666666
201,8,490.0,61.25
205,53,14912.323999999999,281.36460377358486
206,99,312504.0,3156.6060606060605
207,3,663.0,221.0
218,3,1511.91,503.97
220,5,1521.8999999999999,304.38
225,23,15563.635,676.6797826086956
226,6,2360.925,393.4875
235,11,3488.06,317.0963636363636
238,20,6108.11,305.40549999999996
253,12,11247.128999999999,937.2607499999999
254,2,56204.034999999996,28102.017499999998
256,4,250.905,62.72625
259,53,218845.913,4129.168169811321
264,1,36.7,36.7
270,2,538.231,269.1155
272,12,9923.5,826.9583333333334
273,35,11828.039,337.94397142857144
282,2,549.5,274.75
284,4,4645.719,1161.42975
290,10,21333.912,2133.3912
293,459,5503749.53,11990.739716775599
304,16,139200.0,8700.0
305,1,503.97,503.97
318,3,288.195,96.065
321,1,1.0,1.0
331,3,663.0,221.0
335,2,1.2,0.6
337,3,877.1999999999999,292.4
340,14,31699.69,2264.263571428571
343,9,648.0,72.0
345,1,372.828,372.828
348,4,10950.0,2737.5
349,10,11010.0,1101.0
358,6,1416.174,236.029
361,191,870226.042,4556.157287958115
374,135,3164190.475,23438.447962962964
379,6,2528.3900000000003,421.39833333333337
384,10,2088.51,208.85100000000003
386,15,4001.3559999999998,266.7570666666667
387,9,1.7999999999999998,0.19999999999999998
396,19,8546.741,449.8284736842105
397,3,9631.8,3210.6
399,3,20870.597999999998,6956.865999999999
400,16,10216.223,638.5139375
408,3,1050.0,350.0
414,7,6201.754,885.9648571428571
415,6,638.79,106.46499999999999
417,3,1597.51,532.5033333333333
418,83,674034.542,8120.898096385542
420,167,395472.0,2368.0958083832334
421,145,14858.542,102.47270344827587
422,240,1630271.121,6792.7963375
426,10,8587.588,858.7588
427,6,6523.261,1087.2101666666667
437,26,9427.280999999999,362.58773076923075
442,8,2827.7670000000003,353.47087500000004
449,4,1258.122,314.5305
450,7,4310.99,615.8557142857143
457,37,44805.638,1210.963189189189
458,41,640424.897,15620.11943902439
459,426,705720.84,1656.621690140845
460,3,1511.91,503.97
463,3,877.1999999999999,292.4
468,1,8751.83,8751.83
480,5,1326.6000000000001,265.32000000000005
483,2,1083.971,541.9855
485,45,351.9,7.819999999999999
495,2,501.9,250.95
498,610,364920.5,598.2303278688524
499,2,8460.0,4230.0
500,3,1515.0,505.0
501,34,343422.432,10100.65976470588
514,5,1224.8,244.95999999999998
520,19,1908.59,100.45210526315789
526,6,3410.363,568.3938333333333
527,29,22021.436999999998,759.3598965517241
538,1,214.8,214.8
544,47,74489.981,1584.8932127659575
547,2,0.0,0.0
562,9,6900.87,766.7633333333333
567,35,1544.751,44.13574285714286
568,1,3242.693,3242.693
577,3,301.79999999999995,100.59999999999998
584,4,5205.643,1301.41075
585,2,1.2,0.6
589,7,915.735,130.8192857142857
593,1,214.8,214.8
600,3,35.7,11.9
601,2,78.334,39.167
608,13,82244.44,6326.495384615385
610,14,1320.22,94.30142857142857
611,23,61032.0,2653.5652173913045
612,36,1176956.361,32693.23225
618,5,7398.022,1479.6044
624,3,648.0,216.0
637,2,11354.853,5677.4265
642,1,18000.0,18000.0
652,1,250.5,250.5
654,37,86394.237,2334.979378378378
656,37,23318.4,630.227027027027
660,13,9625.627,740.4328461538462
669,9,4183.900000000001,464.87777777777785
673,15,11933.345,795.5563333333333
682,4,0.0,0.0
688,3,2627.535,875.8449999999999
702,618,234244.209,379.0359368932039
705,3,751.5,250.5
706,13,14320.476,1101.575076923077
709,139,125043.53,899.5937410071942
713,3,1.7999999999999998,0.6
716,60,33169.064,552.8177333333333
720,224,491265.877,2193.151236607143
721,12,17454.75,1454.5625
722,20,50610.0,2530.5
727,16,40102.641,2506.4150625
733,1,351.9,351.9
738,32,223.70600000000002,6.9908125000000005
740,745,4839228.302,6495.608459060403
741,1,1376.175,1376.175
744,30,8254.908,275.1636
750,6,1059.696,176.61599999999999
752,4,77.77,19.4425
753,21,14188.372,675.6367619047619
756,10,12298.915,1229.8915000000002
757,12,137674.39500000002,11472.866250000001
759,6,2423.358,403.89300000000003
760,48,56627.698000000004,1179.7437083333334
765,13,10327.258,794.4044615384615
772,8,5289.728,661.216
776,144,379927.407,2638.3847708333333
777,8,36928.618,4616.07725
783,1,352.3,352.3
784,4,179.7,44.925
815,3,30560.391000000003,10186.797
820,5,1943.1100000000001,388.622
822,3,1223.14,407.71333333333337
823,4,1418.407,354.60175
834,6,9402.853,1567.1421666666665
842,6,1560.0,260.0
846,1,280.9,280.9
857,39,61919.524999999994,1587.680128205128
858,35,419120.142,11974.8612
861,5,6350.172,1270.0344
863,2,465.8,232.9
864,1,250.5,250.5
880,2,93.425,46.7125
883,3,27312.300000000003,9104.1
887,6,3747.6449999999995,624.6075
889,1,1.0,1.0
896,9,694925.6000000001,77213.95555555557
897,3,842.6999999999999,280.9
907,3,644.4000000000001,214.80000000000004
908,2,5943.13,2971.565
915,6,409.19000000000005,68.19833333333334
917,1,1756.086,1756.086
918,7,1868.3,266.9
922,20,28362.815,1418.14075
926,3,6568.071,2189.357
927,5,765.7249999999999,153.14499999999998
928,3,1189.13,396.3766666666667
937,2,561.0,280.5
940,348,1719.6999999999998,4.941666666666666
945,2,646.4570000000001,323.22850000000005
948,27,12817.391,474.7181851851852
952,41,14198.325,346.3006097560976
953,7,2771.75,395.9642857142857
958,1,280.9,280.9
969,2,674.261,337.1305
971,1,1962.51,1962.51
972,2,702.047,351.0235
974,11,28236.772,2566.979272727273
980,1,0.0,0.0
987,63,120360.6,1910.4857142857143
990,11,15658.054,1423.4594545454545
991,30,127854.394,4261.813133333333
998,3,34419.33,11473.11
1005,3,1350.0,450.0
1011,10,5532.759999999999,553.276
1013,532,919520.401,1728.4218063909773
1015,1,116.03,116.03
1025,3,963.925,321.30833333333334
1028,2,825.862,412.931
1032,27,23718.0,878.4444444444445
1035,2,640.4000000000001,320.20000000000005
1042,4,884.0,221.0
1047,7,4466.7,638.1
1049,22,956.6600000000001,43.48454545454546
1056,4,1242.3400000000001,310.58500000000004
1057,3,947.8499999999999,315.95
1058,62,80636.462,1300.5880967741934
1064,5,2602.249,520.4498
1065,4,1665.4589999999998,416.36474999999996
1067,3,8513.511,2837.837
1070,3,1.2,0.39999999999999997
1080,3,232.04999999999998,77.35
1094,24,19649.399999999998,818.7249999999999
1098,1,1.0,1.0
1099,3,855.0,285.0
1101,4,710.505,177.62625
1106,55,40789.091,741.6198363636364
1110,9,217.8,24.200000000000003
1111,75,174442.458,2325.89944
1118,12,15163.591,1263.6325833333333
1119,3,915.72,305.24
1134,3,771.0,257.0
1155,3,10802.239,3600.746333333333
1158,2,1007.94,503.97
1160,60,499132.62299999996,8318.87705
1162,9,4457.799,495.311
1165,60,51.900000000000006,0.8650000000000001
1170,3,2894.3999999999996,964.7999999999998
1174,3,15226.5,5075.5
1176,1,250.5,250.5
1177,2,1378.191,689.0955
1185,1,668.59,668.59
1189,9,922.5,102.5
1192,1,217.24,217.24
1202,7,53893.714,7699.102
1205,1,132.721,132.721
1209,8,3.5999999999999996,0.44999999999999996
1215,38,289499.145,7618.398552631579
1216,12,27297.344,2274.7786666666666
1222,13,3972.625,305.58653846153845
1224,2,150.94,75.47
1226,1,601.003,601.003
1227,3,2118.7200000000003,706.2400000000001
1251,8,27900.018,3487.50225
1253,6,1686.8,281.1333333333333
1257,7,1759.7169999999999,251.38814285714284
1259,3,873.1569999999999,291.0523333333333
1261,6,1288.8000000000002,214.80000000000004
1263,21,36812.892,1752.9948571428572
1272,56,54847.943,979.4275535714286
1276,3,92.85,30.95
1286,1,579.15,579.15
1289,8,10124.184000000001,1265.5230000000001
1295,3,182.10000000000002,60.70000000000001
1298,2,1525.022,762.511
1304,6,1719.0,286.5
1305,3,646.2,215.4
1306,137,178696.925,1304.357116788321
1309,1,291.8,291.8
1310,6,1.0,0.16666666666666666
1314,3,7044.0,2348.0
1315,13,57205.7,4400.4384615384615
1316,34,90693.573,2667.458029411765
1317,44,4477058.931,101751.3393409091
1321,1,178.04,178.04
1331,3,4113.0,1371.0
1336,3,160501.8,53500.6
1342,1,214.8,214.8
1343,189,34889.806000000004,184.60214814814816
1356,1,430.472,430.472
1381,1,1.0,1.0
1392,58,18809.363,324.29936206896554
1396,9,774.742,86.08244444444443
1397,5,1177.8120000000001,235.56240000000003
1398,5,5324.176,1064.8352
1401,8,3377.33,422.16625
1404,3,2100.0,700.0
1410,24,25593.902,1066.4125833333333
1411,84,25543.0,304.0833333333333
1418,21,24462.673,1164.8891904761904
1420,21,10895.214,518.8197142857143
1430,12,2142.9230000000002,178.57691666666668
1446,1,280.9,280.9
1448,1,352.3,352.3
1452,1,377.83,377.83
1456,8,109.626,13.70325
1457,6,1361.7,226.95000000000002
1460,4,884.0,221.0
1461,10,4002.762,400.2762
1475,3670,25210726.873,6869.407867302452
1477,10,10267.063,1026.7063
1480,6,6381.93,1063.655
1487,5,179.92,35.983999999999995
1494,4,906.8,226.7
1495,10,773.95,77.39500000000001
1496,1,0.6,0.6
1500,2,584.8,292.4
1504,35,9569.577,273.41648571428567
1505,15,1136.871,75.79140000000001
1510,8,2804.83,350.60375
1518,2,111.865,55.9325
1520,1,956.57,956.57
1525,3,960.0,320.0
1530,3,181.8,60.6
1537,1,280.9,280.9
1553,3,639.981,213.327
1554,1,366.039,366.039
1561,8,1692.9499999999998,211.61874999999998
1563,6,1427.653,237.94216666666668
1564,6,1842.318,307.053
1565,1,446.822,446.822
1567,25,10369.078,414.76311999999996
1569,2,105.32499999999999,52.662499999999994
1570,3,90000.0,30000.0
1572,6,3682.5,613.75
1575,14,7759.378,554.2412857142857
1580,3,1010.793,336.931
1581,6,2016.94,336.1566666666667
1585,2,501.0,250.5
1586,25,12899.619,515.98476
1589,7,1802.193,257.4561428571429
1590,34,57418.85,1688.7897058823528
1597,14,3685.7129999999997,263.26521428571425
1600,83,25921.343,312.3053373493976
1603,1,221.0,221.0
1619,2,288.531,144.2655
1620,5,36620.561,7324.1122000000005
1626,12,277.3,23.108333333333334
1628,2,844.1200000000001,422.06000000000006
1638,3,2503.05,834.35
1639,1,126.145,126.145
1640,2,1363.12,681.56
1641,1,311.049,311.049
1643,1,400.103,400.103
1646,3,1425.516,475.172
1652,4,61.910000000000004,15.477500000000001
1658,852,1180001.101,1384.9778180751175
1667,26,22409.391,861.8996538461538
1672,2,1327.489,663.7445
1678,40,14668.8,366.71999999999997
1679,2,1.2,0.6
1680,24,17746.5,739.4375
1681,3,1290.0,430.0
1682,5,3065.6,613.12
1688,3,20578.66,6859.553333333333
1690,16,29273.35,1829.584375
1692,10,3070.0,307.0
1693,3632,1632786.209,449.555674284141
1695,6,1440.0,240.0
1699,3,5400.0,1800.0
1700,24,1200.0,50.0
1705,7,3175.0,453.57142857142856
1706,42,38655.1,920.3595238095238
1710,3,270.0,90.0
1711,6,1966.5,327.75
1712,3,225.0,75.0
1713,1,60.0,60.0
1714,218,369121.57,1693.2182110091744
1715,1,210.0,210.0
1716,18,13267.5,737.0833333333334
1717,3,1455.0,485.0
1719,9,6321.0,702.3333333333334
1720,4,1305.0,326.25
1722,13,17282.2,1329.4
1724,3,75.0,25.0
1726,138,133901.71,970.3022463768116
1727,7,2250.0,321.42857142857144
1730,1,1.0,1.0
1734,14,8186.0,584.7142857142857
1735,10,60020.799999999996,6002.08
1736,3,978.0,326.0
1738,15,4781.43,318.762
1739,141,97453.03,691.1562411347518
1741,13,10633.3,817.9461538461538
1742,10,8251.206,825.1206
1743,5,2873.0,574.6
1745,1,795.25,795.25
1747,12,3109.8,259.15000000000003
1749,1,762.4,762.4
1750,12,21621.15,1801.7625
1752,2,3540.0,1770.0
1755,98,66038.694,673.8642244897959
1756,6,1133.0,188.83333333333334
1757,98,2260070.917,23061.94813265306
1758,236,858035.51,3635.743686440678
1762,218,90810.447,416.5616834862385
1763,1,579.34,579.34
1766,4,1415.5,353.875
1767,10,3186.2,318.62
1769,9,2565.0,285.0
1773,12,3666.0,305.5
1774,46,41901.1,910.8934782608695
1775,3,1215.0,405.0
1776,4,8163.45,2040.8625
1778,2,2075.0,1037.5
1779,11,63680.0,5789.090909090909
1780,226,5199767.625,23007.821349557522
1786,3,1275.0,425.0
1788,8,5892.3,736.5375
1789,1,1300.0,1300.0
1791,1,355.0,355.0
1793,3,849.72,283.24
1794,199,52463.58,263.63608040201007
1795,3,651.0,217.0
1796,46,237504.459,5163.1404130434785
1797,6,93784.5,15630.75
1799,11,11567.5,1051.590909090909
1801,35,16548.12,472.8034285714285
1802,3,75.0,25.0
1804,2,3624.0,1812.0
1805,2,826.62,413.31
1810,24,14035.0,584.7916666666666
1811,16,7972.4,498.275
1818,12,73095.0,6091.25
1822,3,1.7999999999999998,0.6
1823,9,5005.5,556.1666666666666
1824,6,1704.0,284.0
1826,2,1.2,0.6
1829,15,6068.0,404.53333333333336
1831,6,3420.16,570.0266666666666
1832,1,970.0,970.0
1833,2,870.0,435.0
1834,8,1950.0,243.75
1835,3,540.54,180.17999999999998
1836,4,1010.2,252.55
1837,132,236301.15,1790.1602272727273
1838,5,525.0,105.0
1841,11,108551.81,9868.346363636363
1844,3,5730.0,1910.0
1846,5,759.1999999999999,151.83999999999997
1850,56,27447.858,490.14032142857144
1854,6,4864.5,810.75
1856,188,55716.89,296.36643617021275
1858,9,1474.548,163.83866666666665
1860,3,115884.75,38628.25
1865,26,9790.088,376.54184615384617
1866,3,1248.0,416.0
1867,8,2218.0,277.25
1868,9,7671.1,852.3444444444444
1870,5,1602.1,320.41999999999996
1871,7,8678.16,1239.7371428571428
1872,13,7925.0,609.6153846153846
1874,3,1.7999999999999998,0.6
1877,4,1081.0,270.25
1878,7,2451.2,350.1714285714285
1879,13,6885.0,529.6153846153846
1881,6,1815.0,302.5
1882,119,133749.4,1123.944537815126
1884,1,30110.0,30110.0
1887,6,9068.244,1511.374
1888,3,2298.0,766.0
1893,8,5243.25,655.40625
1894,7,2667.0,381.0
1895,30,2712.0,90.4
1896,1,399.0,399.0
1897,3,9915.0,3305.0
1898,13,14660.0,1127.6923076923076
1903,6,2175.0,362.5
1904,6,945.0,157.5
1906,61,41315.35,677.3008196721311
1907,108,27063.1,250.58425925925926
1908,22,15370.75,698.6704545454545
1909,58,89884.94,1549.7403448275863
1910,6,3162.9,527.15
1911,37,44454.92,1201.4843243243242
1914,351,271799.5,774.3575498575499
1915,30,14550.3,485.01
1916,3,1200.0,400.0
1917,29,8047.0,277.48275862068965
1919,62,130632.35,2106.9733870967743
1920,20,10075.0,503.75
1938,11,23482.861,2134.8055454545456
1941,26,68194.58,2622.868461538462
1947,1,5270.6,5270.6
1950,1,697.162,697.162
1952,1,893.1,893.1
1953,3,35.7,11.9
1955,11,4605.57,418.6881818181818
1961,4,0.0,0.0
1966,41,1444.8290000000002,35.23973170731708
1971,2,622.1,311.05
1976,22,166278.05,7558.093181818182
1978,3,751.9,250.63333333333333
1981,1,1484.93,1484.93
1983,17,82707.734,4865.160823529412
1984,7,15101.599999999999,2157.371428571428
1985,3,273.0,91.0
1986,92,297812.048,3237.08747826087
1991,1,579.34,579.34
1992,15,41083.962,2738.9308
1998,110,52835.062,480.3187454545454
2000,4,94.61,23.6525
2011,6,1937.819,322.9698333333333
2012,1,292.4,292.4
2013,14,9055.679,646.8342142857143
2014,102,71902.671,704.9281470588236
2017,3,805.611,268.537
2022,2,1232.385,616.1925
2025,5,20681.0,4136.2
2027,490,14516.521,29.62555306122449
2028,51,46448.597,910.7568039215687
2030,97,488652.578,5037.655443298969
2032,2,442.0,221.0
2033,9,12379.673,1375.5192222222222
2034,4,5264.98,1316.245
2036,2,234.529,117.2645
2039,32,17579.92,549.3725
2046,1,647.425,647.425
2047,1,620.99,620.99
2053,75,138289.953,1843.86604
2057,5,1282.46,256.492
2058,18,4422.162,245.67566666666667
2068,41,11359.308,277.0562926829268
2069,10,6874.005,687.4005
2077,1,351.9,351.9
2081,100,150050.94700000001,1500.5094700000002
2090,9,1947.585,216.39833333333334
2091,100,48827.433,488.27432999999996
2096,18,4563.555,253.53083333333336
2097,3,2800.023,933.341
2099,15,22381.605,1492.107
2107,4,1099.9560000000001,274.98900000000003
2108,3,377.12600000000003,125.70866666666667
2119,3,877.1999999999999,292.4
2122,2,326.66499999999996,163.33249999999998
2128,226,174833.764,773.6007256637168
2136,9,8539.092,948.788
2142,16,4159.9710000000005,259.99818750000003
2148,13,3024.96,232.68923076923076
2156,52,896046.0,17231.653846153848
2157,2,393.9,196.95
2158,1,504.37,504.37
2162,3,3118.542,1039.514
2166,2,1022.875,511.4375
2168,20,5884.549,294.22745
2178,1,3201.761,3201.761
2180,9,5463.741,607.0823333333333
2184,5,9431.169,1886.2338
2191,2,432.0,216.0
2194,3,1511.91,503.97
2197,48,98620.016,2054.583666666667
2200,80,240342.808,3004.2851
2201,3,1403.1499999999999,467.71666666666664
2202,1,214.8,214.8
2207,2,442.0,221.0
2209,1,357.255,357.255
2210,717,108842.21800000001,151.80225662482567
2211,15,1797.04,119.80266666666667
2216,30,11524.991,384.16636666666665
2220,1,221.0,221.0
2221,7,2159.0,308.42857142857144
2222,1,280.9,280.9
2223,6,1659.1999999999998,276.5333333333333
2226,91,59581.017,654.7364505494505
2228,9,9960.894,1106.766
2233,29,192128.421,6625.117965517242
2234,3,1012.423,337.47433333333333
2235,1,617.368,617.368
2236,1,503.97,503.97
2237,1,393.016,393.016
2242,7,1606.5,229.5
2244,3,286.79999999999995,95.59999999999998
2248,4,869.62,217.405
2252,6,3639.05,606.5083333333333
2255,3,371.994,123.998
2256,11,1616.3049999999998,146.93681818181815
2257,4,1063.3,265.825
2262,4,986.305,246.57625
2264,3,2.0,0.6666666666666666
2266,2,66.695,33.3475
2271,11,668.645,60.78590909090909
2273,103,768686.387,7462.974631067961
2279,1,798.145,798.145
2286,2,1007.55,503.775
2295,156,197813.77,1268.0369871794871
2296,296,233323.407,788.2547533783784
2298,1,620.99,620.99
2304,36,30.2,0.8388888888888889
2306,1,215.2,215.2
2307,1,359.411,359.411
2308,18,5748.9,319.3833333333333
2309,2,489.6,244.8
2310,5,2.2,0.44000000000000006
2319,6,1179.915,196.6525
2320,49,22421.559,457.5828367346939
2323,1,655.5,655.5
2325,1,214.8,214.8
2328,2,1145.505,572.7525
2332,61,58300.182,955.7406885245902
2341,1,328.5,328.5
2345,2,489.6,244.8
2346,2,442.0,221.0
2347,3,2786.3999999999996,928.7999999999998
2351,7,4.0,0.5714285714285714
2366,24,5997.509,249.89620833333333
2367,6,5191.157999999999,865.1929999999999
2382,6,48754.743,8125.7905
2384,6,3036.52,506.08666666666664
2390,7,3526.739,503.81985714285713
2395,1,214.8,214.8
2399,1,0.0,0.0
2400,24,101516.089,4229.837041666667
2405,4,966.3,241.575
2408,1,221.0,221.0
2413,42,14872.212,354.1002857142857
2414,2,334.51,167.255
2423,12,3186.337,265.5280833333333
2425,7,13345.643,1906.5204285714285
2427,3,782.0,260.6666666666667
2429,4,699.255,174.81375
2430,2,656.2,328.1
2432,1,1117.643,1117.643
2433,3,574.584,191.528
2436,1,846.876,846.876
2437,5,3838.3810000000003,767.6762000000001
2438,2,465.70000000000005,232.85000000000002
2440,8,23980.814000000002,2997.6017500000003
2441,6,25195.872,4199.312
2450,10,4964.853999999999,496.4853999999999
2452,1,135.47,135.47
2456,9,32092.695,3565.855
2462,57,2542471.593,44604.76478947368
2465,3,1958.4180000000001,652.806
2466,6,40296.364,6716.060666666667
2469,3,2007.75,669.25
2474,3,751.5,250.5
2475,3,3633.84,1211.28
2477,1,221.0,221.0
2479,7,3197.565,456.795
2482,36,37746.045,1048.50125
2489,2,7639.42,3819.71
2491,5,805.0699999999999,161.01399999999998
2492,15,4455.951,297.0634
2494,16,7874.858,492.178625
2496,13,6160.652,473.8963076923077
2497,3,4246.200000000001,1415.4000000000003
2500,10,1220.2,122.02000000000001
2503,4,19178.42,4794.605
2505,3,1008.94,336.31333333333333
2509,1,3688.0,3688.0
2512,14,4326.2,309.0142857142857
2514,1,215.2,215.2
2519,142,70876.543,499.1305845070423
2520,7,7881.915,1125.9878571428571
2524,4,1100.0,275.0
2533,1,280.9,280.9
2537,3,501.0,167.0
2540,15,2724.26,181.61733333333333
2541,6,1648.1,274.68333333333334
2546,8,41176.544,5147.068
2553,6,1647.7,274.6166666666667
2557,2,524.653,262.3265
2562,3,257.055,85.685
2568,2,345.315,172.6575
2579,7,82113.322,11730.474571428571
2584,16,11012.366,688.272875
2587,12,2359.645,196.63708333333332
2590,143,480441.548,3359.731104895105
2593,2,561.0,280.5
2595,1,1.0,1.0
2596,7,5452.476000000001,778.925142857143
2597,200,2135802.035,10679.010175000001
2599,4,943.9,235.975
2603,1,161.5,161.5
2604,1,1.0,1.0
2608,9,2024.7,224.96666666666667
2610,9,719.4,79.93333333333334
2611,15,24035.826,1602.3884
2615,9,7054.039,783.7821111111111
2628,8,8.0,1.0
2630,1,647.42,647.42
2634,19,57719.785,3037.8834210526315
2635,17,1212.788,71.34047058823529
2643,6,1515.673,252.61216666666667
2647,2,8894.717,4447.3585
2648,18,2444.967,135.8315
2654,14,41644.299,2974.5927857142856
2655,4,1125.579,281.39475
2656,43,17720.186999999998,412.09737209302324
2662,7,13371.982,1910.2831428571428
2663,18,6677.0,370.94444444444446
2665,3,153.52499999999998,51.17499999999999
2667,20,1484.8,74.24
2668,56,98345.658,1756.172464285714
2669,3,227.1,75.7
2670,1,468.87,468.87
2672,2,617.06,308.53
2674,2,6386.319,3193.1595
2676,2,0.0,0.0
2683,6,26155.527,4359.2545
2691,3,1095.0,365.0
2692,21,4534.9,215.94761904761904
2693,3,5685.72,1895.24
2697,7,1401.4,200.20000000000002
2699,6,1064.69,177.44833333333335
2705,3,600.0,200.0
2707,10,55818.55499999999,5581.8555
2709,15,268748.217,17916.5478
2710,30,2062.08,68.736
2711,3,0.0,0.0
2712,6,3533.14,588.8566666666667
2717,1,2110.943,2110.943
2729,12,1917.066,159.7555
2730,27,11639.592,431.096
2731,6,1754.3999999999999,292.4
2743,6,133.25,22.208333333333332
2745,1,0.6,0.6
2746,7,3693.134,527.5905714285715
2748,4,1609.781,402.44525
2749,16,13256.181999999999,828.5113749999999
2751,83,90840.90299999999,1094.4687108433734
2752,11,2630.175,239.1068181818182
2758,2,1.6,0.8
2759,462,1781.8999999999999,3.8569264069264064
2760,1382,541425.664,391.7696555716353
2761,6,4621.86,770.31
2771,3,841.9,280.6333333333333
2772,8,1647.8000000000002,205.97500000000002
2773,88,304808.062,3463.727977272727
2780,4,894.9000000000001,223.72500000000002
2786,6,8816.247,1469.3745
2787,18,94235.469,5235.303833333333
2790,1,1.0,1.0
2791,3,27856.923,9285.641
2797,3,1920.0,640.0
2802,1,214.8,214.8
2804,5,611.595,122.319
2805,687,117762.191,171.41512518195051
2807,1,885.408,885.408
2809,1,221.0,221.0
2812,12,9520.632,793.386
2813,466,3526071.134,7566.676253218884
2814,6,1842.318,307.053
2815,1,503.97,503.97
2819,7,6392.237999999999,913.1768571428571
2820,40,100255.73,2506.39325
2824,476,37023.458999999995,77.78037605042016
2831,1,200.0,200.0
2832,15,4367.186,291.14573333333334
2834,31,12301.766,396.83116129032254
2842,108,1034920.532,9582.597518518518
2843,6,56637.271,9439.545166666667
2845,26,89338.288,3436.088
2849,1,0.6,0.6
2854,1,214.0,214.0
2855,2,0.0,0.0
2860,8,10569.083,1321.135375
2863,3,1761.81,587.27
2864,4,17574.101000000002,4393.525250000001
2865,23,25417.017,1105.0876956521738
2869,65,13806.113,212.40173846153846
2873,9,5337.531,593.059
2874,57,30960.0,543.1578947368421
2875,5,181.5,36.3
2877,305,228577.932,749.4358426229509
2878,2,61.885,30.9425
2879,9,13790.0,1532.2222222222222
2880,1,5396.19,5396.19
2881,3,9482.48,3160.8266666666664
2883,4,1255.0,313.75
2884,15,3878.499,258.5666
2885,17,4684.95,275.58529411764704
2888,6,5497.47,916.245
2889,2,794.1400000000001,397.07000000000005
2896,3,6682.191,2227.397
2898,6,45813.0,7635.5
2899,9,1039402.515,115489.16833333333
2900,11,13663.478,1242.1343636363636
2901,8,83752.03300000001,10469.004125000001
2902,22,59103.696,2686.5316363636366
2903,11,5258.167,478.0151818181819
2904,7,3021.8999999999996,431.69999999999993
2905,12,19550.0,1629.1666666666667
2906,23,634898.71,27604.291739130433
2908,12,85191.196,7099.266333333333
2909,25,540783.003,21631.32012
2910,3,30964.489999999998,10321.496666666666
2911,6,331357.974,55226.329
2912,3,5509.6900000000005,1836.5633333333335
2913,22,3580.7,162.7590909090909
2917,57,51997.1,912.2298245614035
2921,53,327677.4,6182.592452830189
2922,13,1.7999999999999998,0.13846153846153844
2924,3,2943.48,981.16
2926,9,2245.752,249.528
2927,3,537.3,179.1
2931,17,19629.938,1154.7022352941176
2935,85,1326397.71,15604.67894117647
2936,31,591918.666,19094.15051612903
2937,3,663.0,221.0
2938,9,8031.6900000000005,892.4100000000001
2941,3,30523.5,10174.5
2943,5,1803.6750000000002,360.735
2944,1,2665.0,2665.0
2947,2,1.0,0.5
2948,3,1.7999999999999998,0.6
2954,12,9863.202,821.9335
2956,3,13317.630000000001,4439.21
2957,3,2.0,0.6666666666666666
2960,11,5750.593,522.7811818181818
2963,2,1800.0,900.0
2965,3,1510.125,503.375
2966,3,18719.324999999997,6239.774999999999
2967,4,2320.0,580.0
2968,2,1511.0,755.5
2969,6,2628.0,438.0
2970,13,3257.3,250.56153846153848
2971,10,26062.170000000002,2606.217
2972,3,13560.0,4520.0
2973,5,1348.055,269.611
2974,4,1722.9299999999998,430.73249999999996
2975,4,859.2,214.8
2976,3,4009.2000000000003,1336.4
2979,3,10902.0,3634.0
2980,19,6017.797,316.72615789473684
2981,3,1510.125,503.375
2983,3,644.4000000000001,214.80000000000004
2984,3,1511.91,503.97
2985,3,2735.235,911.745
2986,17,1497.2420000000002,88.07305882352942
2987,6,668.8349999999999,111.47249999999998
2988,6,304.66499999999996,50.777499999999996
2989,96,137006.956,1427.1557916666668
2990,40,440013.38,11000.3345
2992,6,7887.599999999999,1314.6
2993,62,50129.324,808.5374838709678
2995,1,0.0,0.0
2996,5,99579.415,19915.882999999998
2997,17,10628.453,625.2031176470588
2998,3,821.502,273.834
2999,3,663.0,221.0
3002,52,362697.69,6974.955576923077
3003,107,5385.37,50.33056074766355
3004,3,216.29999999999998,72.1
3005,5,1085.9,217.18
3006,9,2374.919,263.8798888888889
3007,6,20718.888,3453.1479999999997
3008,49,399862.033,8160.449653061224
3009,1,78.545,78.545
3010,1,280.9,280.9
3014,3,663.0,221.0
3015,4,1223.74,305.935
3016,3,663.0,221.0
3017,3,2036.685,678.895
3018,6,257.055,42.8425
3019,3,801.1560000000001,267.052
3020,3,5550.78,1850.26
3021,61,309855.158,5079.59275409836
3022,3,29085.017999999996,9695.006
3023,145,766442.02,5285.807034482758
3024,6,108000.0,18000.0
3025,3,59944.950000000004,19981.65
3026,3,18403.35,6134.45
3028,13,3624.0,278.7692307692308
3030,6,1445.4,240.9
3031,3,137552.22,45850.74
3032,6,12198.75,2033.125
3034,5,150964.415,30192.883
3037,34,71122.4,2091.8352941176468
3038,8,2062.1000000000004,257.76250000000005
3039,2,860.2,430.1
3041,3,788.226,262.742
3042,4,194.39999999999998,48.599999999999994
3043,6,291.909,48.6515
3047,7,2639.2599999999998,377.03714285714284
3048,4,62570.509,15642.62725
3049,3,2340.0,780.0
3050,9,8279.699,919.9665555555556
3051,3,15795.545999999998,5265.182
3052,9,5247.0,583.0
3054,6,5149.5,858.25
3055,3,795.0,265.0
3056,14,4946.1,353.29285714285714
3057,4,2697.25,674.3125
3058,10,3847.0950000000003,384.70950000000005
3060,3,477.264,159.088
3061,4,943.9,235.975
3062,13,3030.523,233.11715384615385
3063,29,4074324.398,140493.9447586207
3064,13,2997.9,230.6076923076923
3066,5,2355.24,471.04799999999994
3067,27,16384.538,606.8347407407408
3068,11,1037.816,94.3469090909091
3069,7,4619.017,659.8595714285714
3070,3,877.1999999999999,292.4
3071,4,710.0,177.5
3073,3,943.257,314.419
3074,5,1763.0100000000002,352.60200000000003
3075,4,2894.1,723.525
3076,7,2753.1,393.3
3077,19,496758.493,26145.183842105263
3078,10,5852.924,585.2924
3079,3,1511.91,503.97
3080,3,877.1999999999999,292.4
3081,20,119325.453,5966.27265
3082,6,342.735,57.1225
3083,5,1.6,0.32
3084,31,2295.739,74.05609677419355
3085,3,8115.0,2705.0
3086,4,1002.0,250.5
3087,9,165794.0,18421.555555555555
3088,27,454318.268,16826.602518518517
3090,3,1511.91,503.97
3091,9,1704.856,189.42844444444444
3092,3,5640.0,1880.0
3093,3,10361.7,3453.9
3097,12,4041.164,336.76366666666667
3098,59,116.60000000000001,1.9762711864406781
3099,17,2459.9,144.70000000000002
3101,14,14316.5,1022.6071428571429
3103,45,37000.0,822.2222222222222
3105,11,23686.794,2153.3449090909094
3107,5,14344.2,2868.84
3108,10,321.71999999999997,32.172
3109,24,14311.427,596.3094583333333
3110,16,12145.166,759.072875
3111,33,181849.525,5510.591666666666
3112,19,93548.075,4923.582894736842
3114,72,376509.929,5229.3045694444445
3115,9,9316.955,1035.2172222222223
3116,4,604.8149999999999,151.20374999999999
3117,15,21290.885000000002,1419.3923333333335
3118,2,7459.136,3729.568
3119,14,16258.883,1161.3487857142857
3120,15,2363.675,157.57833333333335
3121,34,25204.023,741.2947941176471
3122,24,11287.298,470.3040833333334
3123,1,2780.42,2780.42
3124,51,81524.707,1598.5236666666665
3125,37,17213.922,465.2411351351351
3126,16,15224.5,951.53125
3128,444,14870.099999999999,33.491216216216216
3129,6,29653.22,4942.203333333334
3130,3,9450.0,3150.0
3131,3,2786.3999999999996,928.7999999999998
3132,5,2751.8999999999996,550.3799999999999
3136,8,5279.974,659.99675
3137,24,80044.461,3335.1858749999997
3138,7,22462.787999999997,3208.969714285714
3139,5,149.37,29.874000000000002
3140,3,9542.145,3180.715
3141,2,32642.100000000002,16321.050000000001
3142,14,10983.989000000001,784.570642857143
3143,3,1511.91,503.97
3144,5,2394.8999999999996,478.9799999999999
3145,9,5292.942,588.1046666666666
3146,7,27858.686,3979.8122857142857
3147,33,3679.4,111.4969696969697
3148,15,883.65,58.91
3150,3,3183.924,1061.308
3151,3,61103.700000000004,20367.9
3152,7,9409.800000000001,1344.257142857143
3153,11,2451.04,222.82181818181817
3154,13,8664.047,666.4651538461538
3155,13,291.4,22.415384615384614
3156,5,265.38,53.076
3157,153,28506.576999999997,186.31749673202611
3159,58,43533.154,750.5716206896552
3162,3,2290.17,763.39
3164,7,4619.146,659.8779999999999
3166,11,8027.5109999999995,729.7737272727272
3167,31,19899.325,641.9137096774194
3169,8,282.34000000000003,35.292500000000004
3170,4,2932.504,733.126
3172,2,358.2,179.1
3173,1,250.5,250.5
3174,3,1587.2800000000002,529.0933333333334
3175,4,10502.088,2625.522
3176,16,9749.273,609.3295625
3177,25,43524.282,1740.97128
3178,6,1930.82,321.80333333333334
3179,2,1100.0,550.0
3181,3,157.085,52.36166666666667
3182,9,4319.74,479.9711111111111
3184,2,524.8,262.4
3185,2,501.0,250.5
3186,2,11221.382,5610.691
3187,17,11723.826000000001,689.6368235294118
3188,5,3656.0989999999997,731.2198
3189,3,65324.452000000005,21774.817333333336
3191,15,9196.682999999999,613.1121999999999
3192,12,122629.26000000001,10219.105000000001
3193,1,280.9,280.9
3194,5,34373.36,6874.6720000000005
3195,56,23591.652000000002,421.27950000000004
3196,4,982.9599999999999,245.73999999999998
3197,3,196.95,65.64999999999999
3198,7,350.09000000000003,50.01285714285715
3199,3,16772.782,5590.927333333333
3200,9,2444.14,271.5711111111111
3201,31,8954.895,288.8675806451613
3202,4,721.992,180.498
3203,4,5602.28,1400.57
3204,5,9450.0,1890.0
3205,3,2377.178,792.3926666666666
3206,5,3119.622,623.9244
3207,3,107.571,35.857
3208,5,420.376,84.0752
3209,2,1007.94,503.97
3211,2,442.0,221.0
3212,2,3130.0,1565.0
3213,9,243.78,27.086666666666666
3214,12,607.5999999999999,50.633333333333326
3215,6,76089.25499999999,12681.542499999998
3216,20,44225.955,2211.29775
3217,3,988.3100000000001,329.43666666666667
3218,1,3784.36,3784.36
3219,1,195.165,195.165
3220,2,501.0,250.5
3222,12,1934.425,161.20208333333332
3223,1,214.8,214.8
3224,4,92489.44,23122.36
3225,2,442.0,221.0
3226,5,555.836,111.16720000000001
3227,6,1745.1599999999999,290.85999999999996
3228,19,544.0799999999999,28.635789473684206
3229,6,201.73000000000002,33.62166666666667
3231,1,221.0,221.0
3232,2,1120.28,560.14
3234,1,250.5,250.5
3235,6,98371.84700000001,16395.307833333336
3238,7,35325.705,5046.529285714286
3239,2,314.222,157.111
3240,29,7821.0,269.6896551724138
3241,6,1734.247,289.0411666666667
3242,1,120.79,120.79
3243,15,59619.884,3974.658933333333
3245,674,170847.99,253.4836646884273
3246,1,12393.783,12393.783
3248,2,10660.800000000001,5330.400000000001
3249,14,8231.778,587.9841428571428
3250,13,5804.432,446.49476923076924
3251,1,9304.16,9304.16
3252,1,503.97,503.97
3253,2,1141.288,570.644
3254,5,1112.5,222.5
3255,6,1005.42,167.57
3257,4,405.815,101.45375
3258,1,50.0,50.0
3259,1,292.4,292.4
3260,1,503.97,503.97
3261,1,292.4,292.4
3262,7,4573.979,653.4255714285715
3263,67,781.2239999999999,11.660059701492536
3266,7,6835.621,976.5172857142858
3267,1,214.8,214.8
3268,7,363668.408,51952.629714285715
3270,12,21165.426000000003,1763.7855000000002
3271,4,14280.51,3570.1275
3273,2,18339.295,9169.6475
3274,4,987.72,246.93
3275,1,292.4,292.4
3276,2,471.54,235.77
3277,2,836.5799999999999,418.28999999999996
3278,2,429.6,214.8
3279,2,429.6,214.8
3280,2,501.4,250.7
3282,2,215.4,107.7
3285,6,83506.396,13917.732666666665
3287,2,430.0,215.0
3288,4,25393.309999999998,6348.327499999999
3289,2,4053.695,2026.8475
3290,59,49056.74,831.4701694915254
3293,5,1670.99,334.198
3294,1,1300.0,1300.0
3295,2,489.6,244.8
3297,8,6988.396000000001,873.5495000000001
3298,1,859.023,859.023
3300,10,28226.75,2822.675
3301,2,180.29,90.145
3302,1,221.0,221.0
3304,2,477.19999999999993,238.59999999999997
3305,3,2017.453,672.4843333333333
3306,21,29090.675,1385.270238095238
3307,1,3200.0,3200.0
3310,2,1029.964,514.982
3311,2,2344.3720000000003,1172.1860000000001
3312,2,21282.84,10641.42
3313,2,86.285,43.1425
3315,1,6320.76,6320.76
3316,1,214.8,214.8
3319,4,1644.6,411.15
3320,4,1253.578,313.3945
3321,2,429.6,214.8
3322,7,189287.202,27041.028857142857
3324,30,35494.12,1183.1373333333333
3327,6,2746.545,457.7575
3329,5,2321.022,464.20439999999996
3331,2,244.2,122.1
3332,3,17549.3,5849.766666666666
3337,2,543.3,271.65
3338,63,736566.11,11691.525555555556
3340,3,196.89499999999998,65.63166666666666
3341,4,1925.0,481.25
3343,1,503.97,503.97
3344,1,503.97,503.97
3346,1,250.5,250.5
3347,5,1000.86,200.172
3348,1,214.8,214.8
3349,13,8474.606,651.8927692307692
3351,7,7130.937,1018.7052857142857
3352,5,584.765,116.953
3353,1,250.5,250.5
3354,53,78147.894,1474.4885660377358
3355,3,1568.635,522.8783333333333
3357,9,3975.8540000000003,441.76155555555556
3358,3,43551.896,14517.298666666667
3359,1,0.0,0.0
3360,53,436252.258,8231.174679245283
3361,1,221.0,221.0
3362,4,5248.955,1312.23875
3363,1,2488.221,2488.221
3365,6,7066.097,1177.6828333333333
3366,10,1678.526,167.8526
3367,2,17757.698,8878.849
3370,6,4434.428,739.0713333333333
3371,1,13060.325,13060.325
3372,6,3173.721,528.9535
3373,4,690.8149999999999,172.70374999999999
3375,2,2628.898,1314.449
3376,1,0.6,0.6
3377,2,11884.458,5942.229
3378,2,3871.611,1935.8055
3379,1,250.5,250.5
3380,2,1678.9869999999999,839.4934999999999
3381,2,449.83,224.915
3383,1,280.5,280.5
3384,1,695.56,695.56
3386,2,1823.8819999999998,911.9409999999999
3387,2,1823.8819999999998,911.9409999999999
3388,4,517.28,129.32
3389,1,1731.0,1731.0
3390,4,36778.596,9194.649
3391,1,230.0,230.0
3392,13,32107.948,2469.842153846154
3393,7,916.583,130.94042857142855
3394,2,6488.340999999999,3244.1704999999997
3395,1,214.8,214.8
3396,1,250.5,250.5
3397,8,5788.192,723.524
3398,16,77366.508,4835.40675
3402,13,68298.6,5253.738461538462
3403,1,101.0,101.0
3404,6,3869.178,644.8629999999999
3405,2,501.0,250.5
3406,1,214.8,214.8
3407,3,1381.81,460.6033333333333
3408,2,67.24,33.62
3409,4,1002.0,250.5
3411,2,794.54,397.27
3412,12,4844.197,403.68308333333334
3413,4,2529.383,632.34575
3414,4,2881.402,720.3505
3416,7,20423.67,2917.6671428571426
3420,1,440.0,440.0
3424,3,2072.956,690.9853333333334
3425,4,352.26,88.065
3427,1,215.2,215.2
3428,3,2896.911,965.6370000000001
3429,4,8514.1,2128.525
3431,10,3672.973,367.2973
3433,1,304.3,304.3
3435,4,282.7,70.675
3436,1,250.5,250.5
3437,2,5229.091,2614.5455
3438,1,351.9,351.9
3440,1,7739.154,7739.154
3441,2,580.73,290.365
3442,1,133.328,133.328
3443,1,12966.748,12966.748
3444,1,125.545,125.545
3445,3,14576.8,4858.933333333333
3446,1,100.0,100.0
3448,46,283728.4,6168.0086956521745
3451,7,1078.535,154.07642857142858
3452,1,214.8,214.8
3453,4,566.0699999999999,141.51749999999998
3456,2,1124.8,562.4
3457,3,1848.29,616.0966666666667
3459,1,214.8,214.8
3461,1,2030.0,2030.0
3463,2,225.515,112.7575
3467,1,127.93,127.93
3468,4,6669.758,1667.4395
3469,2,97.469,48.7345
3470,4,6558.25,1639.5625
3471,2,31473.58,15736.79
3472,4,216.60000000000002,54.150000000000006
3477,3,516.173,172.05766666666668
3478,2,384.38,192.19
3485,1,215.2,215.2
3487,1,890.24,890.24
3488,2,198.74,99.37
3489,2,1136.7,568.35
3490,5,3356.874,671.3747999999999
3494,1,214.8,214.8
3499,3,161.855,53.95166666666666
3504,1,511.871,511.871
3507,2,203.2,101.6
3508,1,214.8,214.8
3509,1,483.8,483.8
3510,1,215.2,215.2
3511,1,215.2,215.2
3512,1,8500.0,8500.0
3513,34,266991.074,7852.678647058824
3515,1,214.8,214.8
3518,11,5752.7699999999995,522.9790909090908
3519,1,214.8,214.8
3520,5,3420.923,684.1845999999999
3521,1,250.5,250.5
3523,1,250.9,250.9
3524,3,2793.931,931.3103333333333
3525,1,579.34,579.34
3526,13,4583.650000000001,352.58846153846156
3527,14,503727.29,35980.52071428571
3528,2,885.752,442.876
3532,19,38534.08,2028.1094736842106
3533,2,217.7,108.85
3535,1,215.2,215.2
3536,3,14370.834,4790.278
3537,2,352.5,176.25
3538,2,290.37,145.185
3539,2,907.3149999999999,453.65749999999997
3540,2,2301.7,1150.85
3541,143,141645.167,990.5256433566433
3542,2,1005.033,502.5165
3547,4,5067.582,1266.8955
3548,8,4315.457,539.432125
3549,1,214.8,214.8
3550,1,221.0,221.0
3551,1,215.2,215.2
3552,3,966.502,322.1673333333333
3553,3,1181.266,393.75533333333334
3555,13,10046.145,772.7803846153846
3558,1,360.468,360.468
3559,1,1063.27,1063.27
3560,2,277.675,138.8375
3564,1,250.5,250.5
3565,2,275.495,137.7475
3566,3,1220.708,406.9026666666667
3570,2,15130.0,7565.0
3571,12,6024.179,502.0149166666667
3572,1,366.123,366.123
3574,1,330.0,330.0
3575,2,2330.0,1165.0
3576,1,217.0,217.0
3577,1,0.0,0.0
3579,1,292.4,292.4
3580,4,2894.8,723.7
3593,6,2825.6730000000002,470.94550000000004
3594,3,24974.439,8324.813
3595,2,17362.6,8681.3
3596,1,0.6,0.6
3597,2,1112.252,556.126
3598,17,9415.383,553.8460588235293
3599,1,29190.0,29190.0
3601,1,215.2,215.2
3602,1,215.2,215.2
3603,2,64.265,32.1325
3607,4,280.0,70.0
3609,51,269375.928,5281.8809411764705
3610,3,8383.445,2794.4816666666666
3611,2,12199.699999999999,6099.849999999999
3612,8,23469.651,2933.706375
3613,3,396.447,132.149
3614,1,214.8,214.8
3616,3,1.6,0.5333333333333333
3617,1,215.2,215.2
3618,2,1538.161,769.0805
3621,10,39587.857,3958.7857000000004
3624,1,215.2,215.2
3625,12,278524.77499999997,23210.397916666665
3626,2,10713.963,5356.9815
3630,2,791.8520000000001,395.92600000000004
3632,1,352.3,352.3
3633,32,17450.0,545.3125
3641,1,641.22,641.22
3642,3,9615.0,3205.0
3643,1,1.0,1.0
3644,2,565.0,282.5
3647,2,419.75,209.875
3648,2,275.973,137.9865
3651,1,215.2,215.2
3652,1,215.2,215.2
3653,1,215.2,215.2
3654,8,35031.627,4378.953375
3657,2,990.141,495.0705
3658,22,11773.863,535.1755909090908
3659,1,1232.097,1232.097
3660,2,120.595,60.2975
3662,13,10808.895,831.4534615384616
3664,1,1101.0,1101.0
3665,1,625.0,625.0
3669,35,8265.845,236.16699999999997
3671,1,215.2,215.2
3672,24,182707.463,7612.810958333333
3673,2,1226.51,613.255
3675,8,2913.424,364.178
3676,1,250.9,250.9
3680,1,215.2,215.2
3681,8,43808.75,5476.09375
3683,2,13478.1,6739.05
3684,1,215.2,215.2
3685,4,4009.352,1002.338
3686,1,1580.0,1580.0
3688,2,1210.0,605.0
3690,4,7529.299999999999,1882.3249999999998
3691,1,900.0,900.0
3693,2,2261.558,1130.779
3694,15,82422.542,5494.836133333333
3703,1,7401.0,7401.0
3704,2,1511.08,755.54
3707,8,8101.608,1012.701
3708,2,1291.96,645.98
3710,1,893.5,893.5
3711,2,585.5999999999999,292.79999999999995
3713,2,1052.77,526.385
3714,4,1196.785,299.19625
3715,2,121.0,60.5
3716,2,6395.469999999999,3197.7349999999997
3718,3,1621.334,540.4446666666666
3720,3,811.605,270.535
3725,1,504.37,504.37
3726,6,4623.194,770.5323333333334
3727,15,3310.433,220.69553333333334
3728,1,228.29,228.29
3730,4,42114.525,10528.63125
3731,1,4156.33,4156.33
3732,4,126.57,31.6425
3733,10,5236.364,523.6364
3734,1,21421.0,21421.0
3735,2,12442.1,6221.05
3739,1,1.0,1.0
3744,2,675.898,337.949
3745,1,352.3,352.3
3747,6,122180.0,20363.333333333332
3750,3,3947.225,1315.7416666666666
3754,3,751.5,250.5
3756,415,729390.7880000001,1757.5681638554217
3760,2,1078.72,539.36
3762,12,62359.205,5196.600416666667
3763,2,101.008,50.504
3764,1,1183.86,1183.86
3767,1,280.9,280.9
3769,13,1078.355,82.95038461538462
3770,1,1478.301,1478.301
3773,4,23227.0,5806.75
3777,11,959.1949999999999,87.19954545454544
3778,2,91.786,45.893
3781,1,854.722,854.722
3782,1,665.0,665.0
3783,5,16223.099,3244.6198
3785,1,192.19,192.19
3788,2,174.524,87.262
3789,1,579.34,579.34
3790,7,1427.8400000000001,203.97714285714287
3792,1,280.9,280.9
3795,109,128541.075,1179.2759174311927
3796,2,505.775,252.8875
3797,17,87215.48,5130.322352941176
3798,2,396.60400000000004,198.30200000000002
3799,1,6215.0,6215.0
3801,2,831.1270000000001,415.56350000000003
3803,2,79.005,39.5025
3805,1,1563.3,1563.3
3806,6,90.0,15.0
3809,2,372.328,186.164
3810,9,733.23,81.47
3817,51,24308.318,476.6336862745098
3819,2,4137.436,2068.718
3820,1,440.742,440.742
3821,3,1446.695,482.2316666666666
3822,1,385.89,385.89
3823,1,579.34,579.34
3824,1,906.59,906.59
3825,1,1850.0,1850.0
3827,2,1485.2150000000001,742.6075000000001
3828,6,1760.0,293.3333333333333
3829,1,280.9,280.9
3830,1,8500.0,8500.0
3831,1,579.34,579.34
3837,1,535.45,535.45
3844,4,3224.635,806.15875
3845,23,62637.068999999996,2723.350826086956
3846,2,484.503,242.2515
3847,2,1657.6529999999998,828.8264999999999
3849,1,304.7,304.7
3852,1,742.37,742.37
3855,2,226.196,113.098
3858,4,1370.438,342.6095
3865,3,7224.817,2408.2723333333333
3867,1,80.135,80.135
3868,7,34639.427,4948.489571428572
3872,1,274.7,274.7
3873,4,8827.95,2206.9875
3874,1,1011.31,1011.31
3876,4,1038.905,259.72625
3879,1,262.053,262.053
3880,1,692.39,692.39
3882,1,379.022,379.022
3883,1,1223.25,1223.25
3884,1,185.45,185.45
3885,1,280.9,280.9
3886,4,7665.299999999999,1916.3249999999998
3887,3,86647.75,28882.583333333332
3888,1,280.9,280.9
3889,2,4088.528,2044.264
3890,1,250.9,250.9
3892,1,78641.6,78641.6
3893,1,210.0,210.0
3894,2,370.424,185.212
3896,2,1680.026,840.013
3898,1,53.955,53.955
3900,1,50.0,50.0
3901,1,107.68,107.68
3903,2,620.8,310.4
3906,2,1254.3809999999999,627.1904999999999
3909,4,1550.0,387.5
3910,1,4300.0,4300.0
3914,1,50.0,50.0
3917,1,318.992,318.992
3926,1,691.2,691.2
3932,1,693.287,693.287
3933,1,579.34,579.34
3934,71,947591.781,13346.363112676056
3937,1,423.105,423.105
3938,1,739.0,739.0
3939,1,3746.0,3746.0
3943,5,2146.062,429.2124
3944,3,381.65,127.21666666666665
3945,17,49461.479,2909.4987647058824
3949,7,3333.0,476.14285714285717
3950,5,22029.368000000002,4405.873600000001
3951,2,265.48199999999997,132.74099999999999
3952,1,12823.7,12823.7
