ShipmentDate,Shipments,6M_Forecast
2018-02-14 00:00:00.000,1,1.0
2018-09-21 00:00:00.000,1,1.0
2018-10-04 00:00:00.000,2,1.3333333333333333
2018-10-05 00:00:00.000,1,1.25
2018-10-07 00:00:00.000,1,1.2
2018-10-08 00:00:00.000,1,1.1666666666666667
2018-10-24 00:00:00.000,1,1.1428571428571428
2018-10-29 00:00:00.000,1,1.125
2018-11-09 00:00:00.000,1,1.1111111111111112
2018-11-13 00:00:00.000,2,1.2
2018-11-19 00:00:00.000,1,1.1818181818181819
2018-11-22 00:00:00.000,1,1.1666666666666667
2018-11-25 00:00:00.000,1,1.1538461538461537
2018-11-27 00:00:00.000,1,1.1428571428571428
2018-12-06 00:00:00.000,1,1.1333333333333333
2018-12-07 00:00:00.000,1,1.125
2018-12-09 00:00:00.000,1,1.1176470588235294
2018-12-12 00:00:00.000,1,1.1111111111111112
2018-12-13 00:00:00.000,3,1.2105263157894737
2018-12-14 00:00:00.000,1,1.2
2018-12-15 00:00:00.000,1,1.1904761904761905
2018-12-16 00:00:00.000,1,1.1818181818181819
2018-12-17 00:00:00.000,2,1.2173913043478262
2018-12-18 00:00:00.000,5,1.375
2018-12-20 00:00:00.000,3,1.44
2018-12-21 00:00:00.000,2,1.4615384615384615
2018-12-22 00:00:00.000,1,1.4444444444444444
2018-12-23 00:00:00.000,2,1.4642857142857142
2018-12-25 00:00:00.000,1,1.4482758620689655
2018-12-26 00:00:00.000,1,1.4333333333333333
2018-12-27 00:00:00.000,2,1.4516129032258065
2018-12-28 00:00:00.000,5,1.5625
2018-12-29 00:00:00.000,1,1.5454545454545454
2018-12-30 00:00:00.000,3,1.588235294117647
2018-12-31 00:00:00.000,9,1.8
2019-01-01 00:00:00.000,6,1.9166666666666667
2019-01-02 00:00:00.000,1,1.8918918918918919
2019-01-03 00:00:00.000,2,1.894736842105263
2019-01-04 00:00:00.000,2,1.8974358974358974
2019-01-05 00:00:00.000,25,2.475
2019-01-06 00:00:00.000,9,2.6341463414634148
2019-01-07 00:00:00.000,4,2.6666666666666665
2019-01-08 00:00:00.000,2,2.6511627906976742
2019-01-09 00:00:00.000,17,2.977272727272727
2019-01-10 00:00:00.000,10,3.1333333333333333
2019-01-11 00:00:00.000,3,3.130434782608696
2019-01-12 00:00:00.000,25,3.595744680851064
2019-01-13 00:00:00.000,11,3.75
2019-01-14 00:00:00.000,8,3.836734693877551
2019-01-15 00:00:00.000,3,3.82
2019-01-16 00:00:00.000,25,4.235294117647059
2019-01-17 00:00:00.000,9,4.326923076923077
2019-01-18 00:00:00.000,9,4.415094339622642
2019-01-19 00:00:00.000,31,4.907407407407407
2019-01-20 00:00:00.000,20,5.181818181818182
2019-01-21 00:00:00.000,4,5.160714285714286
2019-01-22 00:00:00.000,15,5.333333333333333
2019-01-23 00:00:00.000,16,5.517241379310345
2019-01-24 00:00:00.000,17,5.711864406779661
2019-01-25 00:00:00.000,4,5.683333333333334
2019-01-26 00:00:00.000,38,6.213114754098361
2019-01-27 00:00:00.000,17,6.387096774193548
2019-01-28 00:00:00.000,13,6.492063492063492
2019-01-29 00:00:00.000,6,6.484375
2019-01-30 00:00:00.000,5,6.461538461538462
2019-01-31 00:00:00.000,15,6.590909090909091
2019-02-01 00:00:00.000,10,6.641791044776119
2019-02-02 00:00:00.000,48,7.25
2019-02-03 00:00:00.000,3,7.188405797101449
2019-02-04 00:00:00.000,18,7.3428571428571425
2019-02-05 00:00:00.000,5,7.309859154929577
2019-02-06 00:00:00.000,27,7.583333333333333
2019-02-07 00:00:00.000,6,7.561643835616438
2019-02-08 00:00:00.000,16,7.675675675675675
2019-02-09 00:00:00.000,15,7.773333333333333
2019-02-10 00:00:00.000,12,7.828947368421052
2019-02-11 00:00:00.000,2,7.753246753246753
2019-02-12 00:00:00.000,7,7.743589743589744
2019-02-13 00:00:00.000,9,7.7594936708860756
2019-02-14 00:00:00.000,13,7.825
2019-02-15 00:00:00.000,19,7.962962962962963
2019-02-16 00:00:00.000,22,8.134146341463415
2019-02-17 00:00:00.000,12,8.180722891566266
2019-02-18 00:00:00.000,8,8.178571428571429
2019-02-19 00:00:00.000,6,8.152941176470588
2019-02-20 00:00:00.000,17,8.255813953488373
2019-02-21 00:00:00.000,9,8.264367816091953
2019-02-22 00:00:00.000,4,8.215909090909092
2019-02-23 00:00:00.000,34,8.50561797752809
2019-02-24 00:00:00.000,18,8.61111111111111
2019-02-25 00:00:00.000,12,8.648351648351648
2019-02-26 00:00:00.000,2,8.576086956521738
2019-02-27 00:00:00.000,7,8.559139784946236
2019-02-28 00:00:00.000,3,8.5
2019-03-01 00:00:00.000,25,8.673684210526316
2019-03-02 00:00:00.000,46,9.0625
2019-03-03 00:00:00.000,10,9.072164948453608
2019-03-04 00:00:00.000,12,9.10204081632653
2019-03-05 00:00:00.000,8,9.090909090909092
2019-03-06 00:00:00.000,16,9.16
2019-03-07 00:00:00.000,7,9.138613861386139
2019-03-08 00:00:00.000,27,9.313725490196079
2019-03-09 00:00:00.000,12,9.339805825242719
2019-03-10 00:00:00.000,24,9.48076923076923
2019-03-11 00:00:00.000,3,9.41904761904762
2019-03-12 00:00:00.000,2,9.349056603773585
2019-03-13 00:00:00.000,21,9.457943925233645
2019-03-14 00:00:00.000,11,9.472222222222221
2019-03-15 00:00:00.000,3,9.412844036697248
2019-03-16 00:00:00.000,20,9.50909090909091
2019-03-17 00:00:00.000,18,9.585585585585585
2019-03-18 00:00:00.000,6,9.553571428571429
2019-03-19 00:00:00.000,5,9.513274336283185
2019-03-20 00:00:00.000,2,9.447368421052632
2019-03-21 00:00:00.000,13,9.478260869565217
2019-03-22 00:00:00.000,13,9.508620689655173
2019-03-23 00:00:00.000,18,9.581196581196581
2019-03-24 00:00:00.000,4,9.533898305084746
2019-03-25 00:00:00.000,7,9.512605042016807
2019-03-26 00:00:00.000,6,9.483333333333333
2019-03-27 00:00:00.000,25,9.611570247933884
2019-03-28 00:00:00.000,11,9.62295081967213
2019-03-29 00:00:00.000,12,9.642276422764228
2019-03-30 00:00:00.000,33,9.830645161290322
2019-03-31 00:00:00.000,19,9.904
2019-04-01 00:00:00.000,1,9.833333333333334
2019-04-02 00:00:00.000,6,9.803149606299213
2019-04-03 00:00:00.000,24,9.9140625
2019-04-04 00:00:00.000,8,9.89922480620155
2019-04-05 00:00:00.000,7,9.876923076923077
2019-04-06 00:00:00.000,37,10.083969465648854
2019-04-07 00:00:00.000,10,10.083333333333334
2019-04-08 00:00:00.000,2,10.022556390977444
2019-04-09 00:00:00.000,7,10.0
2019-04-10 00:00:00.000,19,10.066666666666666
2019-04-11 00:00:00.000,14,10.095588235294118
2019-04-12 00:00:00.000,9,10.087591240875913
2019-04-13 00:00:00.000,22,10.173913043478262
2019-04-14 00:00:00.000,5,10.136690647482014
2019-04-15 00:00:00.000,9,10.128571428571428
2019-04-16 00:00:00.000,4,10.085106382978724
2019-04-17 00:00:00.000,18,10.140845070422536
2019-04-18 00:00:00.000,10,10.13986013986014
2019-04-19 00:00:00.000,10,10.13888888888889
2019-04-20 00:00:00.000,11,10.144827586206896
2019-04-21 00:00:00.000,8,10.13013698630137
2019-04-22 00:00:00.000,12,10.142857142857142
2019-04-23 00:00:00.000,5,10.108108108108109
2019-04-24 00:00:00.000,29,10.234899328859061
2019-04-25 00:00:00.000,3,10.186666666666667
2019-04-26 00:00:00.000,5,10.152317880794701
2019-04-27 00:00:00.000,23,10.236842105263158
2019-04-28 00:00:00.000,6,10.209150326797385
2019-04-29 00:00:00.000,2,10.155844155844155
2019-04-30 00:00:00.000,11,10.161290322580646
2019-05-01 00:00:00.000,4,10.121794871794872
2019-05-02 00:00:00.000,27,10.229299363057326
2019-05-03 00:00:00.000,13,10.246835443037975
2019-05-04 00:00:00.000,8,10.232704402515724
2019-05-05 00:00:00.000,11,10.2375
2019-05-06 00:00:00.000,10,10.236024844720497
2019-05-07 00:00:00.000,4,10.197530864197532
2019-05-08 00:00:00.000,6,10.171779141104295
2019-05-09 00:00:00.000,6,10.146341463414634
2019-05-10 00:00:00.000,6,10.121212121212121
2019-05-11 00:00:00.000,11,10.126506024096386
2019-05-12 00:00:00.000,12,10.137724550898204
2019-05-13 00:00:00.000,8,10.125
2019-05-14 00:00:00.000,33,10.2603550295858
2019-05-15 00:00:00.000,14,10.282352941176471
2019-05-16 00:00:00.000,4,10.24561403508772
2019-05-17 00:00:00.000,25,10.331395348837209
2019-05-18 00:00:00.000,15,10.358381502890174
2019-05-19 00:00:00.000,6,10.333333333333334
2019-05-21 00:00:00.000,8,10.32
2019-05-22 00:00:00.000,21,10.380681818181818
2019-05-23 00:00:00.000,13,10.3954802259887
2019-05-24 00:00:00.000,12,10.404494382022472
2019-05-25 00:00:00.000,27,10.497206703910615
2019-05-26 00:00:00.000,4,10.46111111111111
2019-05-27 00:00:00.000,2,10.466666666666667
2019-05-28 00:00:00.000,6,10.494444444444444
2019-05-29 00:00:00.000,21,10.6
2019-05-30 00:00:00.000,18,10.694444444444445
2019-05-31 00:00:00.000,7,10.727777777777778
2019-06-01 00:00:00.000,15,10.805555555555555
2019-06-02 00:00:00.000,7,10.838888888888889
2019-06-03 00:00:00.000,4,10.855555555555556
2019-06-04 00:00:00.000,4,10.872222222222222
2019-06-05 00:00:00.000,2,10.872222222222222
2019-06-06 00:00:00.000,4,10.88888888888889
2019-06-07 00:00:00.000,1,10.88888888888889
2019-06-08 00:00:00.000,21,11.0
2019-06-09 00:00:00.000,13,11.066666666666666
2019-06-10 00:00:00.000,4,11.083333333333334
2019-06-11 00:00:00.000,10,11.133333333333333
2019-06-12 00:00:00.000,16,11.216666666666667
2019-06-13 00:00:00.000,5,11.238888888888889
2019-06-14 00:00:00.000,7,11.261111111111111
2019-06-15 00:00:00.000,15,11.338888888888889
2019-06-16 00:00:00.000,6,11.366666666666667
2019-06-18 00:00:00.000,6,11.394444444444444
2019-06-19 00:00:00.000,35,11.577777777777778
2019-06-20 00:00:00.000,12,11.616666666666667
2019-06-21 00:00:00.000,6,11.633333333333333
2019-06-22 00:00:00.000,29,11.783333333333333
2019-06-23 00:00:00.000,5,11.805555555555555
2019-06-24 00:00:00.000,10,11.85
2019-06-25 00:00:00.000,12,11.911111111111111
2019-06-26 00:00:00.000,20,12.016666666666667
2019-06-27 00:00:00.000,4,12.027777777777779
2019-06-28 00:00:00.000,6,12.033333333333333
2019-06-29 00:00:00.000,29,12.188888888888888
2019-06-30 00:00:00.000,5,12.2
2019-07-01 00:00:00.000,12,12.216666666666667
2019-07-02 00:00:00.000,13,12.255555555555556
2019-07-03 00:00:00.000,11,12.311111111111112
2019-07-04 00:00:00.000,12,12.366666666666667
2019-07-05 00:00:00.000,6,12.38888888888889
2019-07-06 00:00:00.000,16,12.338888888888889
2019-07-07 00:00:00.000,9,12.338888888888889
2019-07-08 00:00:00.000,4,12.338888888888889
2019-07-09 00:00:00.000,6,12.36111111111111
2019-07-10 00:00:00.000,12,12.333333333333334
2019-07-11 00:00:00.000,11,12.338888888888889
2019-07-12 00:00:00.000,5,12.35
2019-07-13 00:00:00.000,33,12.394444444444444
2019-07-14 00:00:00.000,13,12.405555555555555
2019-07-16 00:00:00.000,8,12.405555555555555
2019-07-17 00:00:00.000,22,12.511111111111111
2019-07-18 00:00:00.000,12,12.438888888888888
2019-07-19 00:00:00.000,6,12.422222222222222
2019-07-20 00:00:00.000,17,12.466666666666667
2019-07-22 00:00:00.000,13,12.366666666666667
2019-07-23 00:00:00.000,5,12.283333333333333
2019-07-24 00:00:00.000,16,12.35
2019-07-25 00:00:00.000,13,12.338888888888889
2019-07-26 00:00:00.000,7,12.28888888888889
2019-07-27 00:00:00.000,52,12.483333333333333
2019-07-28 00:00:00.000,4,12.483333333333333
2019-07-29 00:00:00.000,5,12.3
2019-07-30 00:00:00.000,8,12.25
2019-07-31 00:00:00.000,14,12.255555555555556
2019-08-01 00:00:00.000,6,12.255555555555556
2019-08-02 00:00:00.000,2,12.238888888888889
2019-08-03 00:00:00.000,30,12.322222222222223
2019-08-04 00:00:00.000,14,12.344444444444445
2019-08-05 00:00:00.000,23,12.205555555555556
2019-08-06 00:00:00.000,7,12.227777777777778
2019-08-07 00:00:00.000,19,12.233333333333333
2019-08-08 00:00:00.000,3,12.222222222222221
2019-08-09 00:00:00.000,18,12.172222222222222
2019-08-10 00:00:00.000,18,12.238888888888889
2019-08-11 00:00:00.000,7,12.188888888888888
2019-08-12 00:00:00.000,6,12.13888888888889
2019-08-13 00:00:00.000,5,12.1
2019-08-14 00:00:00.000,17,12.183333333333334
2019-08-15 00:00:00.000,9,12.194444444444445
2019-08-16 00:00:00.000,1,12.15
2019-08-17 00:00:00.000,19,12.183333333333334
2019-08-18 00:00:00.000,5,12.105555555555556
2019-08-19 00:00:00.000,5,12.011111111111111
2019-08-20 00:00:00.000,4,11.966666666666667
2019-08-21 00:00:00.000,19,12.027777777777779
2019-08-22 00:00:00.000,10,12.05
2019-08-23 00:00:00.000,3,11.972222222222221
2019-08-24 00:00:00.000,13,11.994444444444444
2019-08-25 00:00:00.000,6,12.005555555555556
2019-08-26 00:00:00.000,10,11.872222222222222
2019-08-27 00:00:00.000,6,11.805555555555555
2019-08-28 00:00:00.000,22,11.86111111111111
2019-08-29 00:00:00.000,5,11.877777777777778
2019-08-30 00:00:00.000,9,11.88888888888889
2019-08-31 00:00:00.000,13,11.944444444444445
2019-09-01 00:00:00.000,7,11.844444444444445
2019-09-03 00:00:00.000,1,11.594444444444445
2019-09-04 00:00:00.000,13,11.61111111111111
2019-09-05 00:00:00.000,5,11.572222222222223
2019-09-06 00:00:00.000,11,11.588888888888889
2019-09-07 00:00:00.000,26,11.644444444444444
2019-09-08 00:00:00.000,8,11.65
2019-09-09 00:00:00.000,5,11.527777777777779
2019-09-10 00:00:00.000,13,11.533333333333333
2019-09-11 00:00:00.000,14,11.477777777777778
2019-09-12 00:00:00.000,6,11.494444444444444
2019-09-13 00:00:00.000,5,11.511111111111111
2019-09-14 00:00:00.000,20,11.505555555555556
2019-09-15 00:00:00.000,8,11.488888888888889
2019-09-16 00:00:00.000,3,11.488888888888889
2019-09-17 00:00:00.000,12,11.444444444444445
2019-09-18 00:00:00.000,23,11.472222222222221
2019-09-19 00:00:00.000,5,11.466666666666667
2019-09-20 00:00:00.000,8,11.483333333333333
2019-09-21 00:00:00.000,15,11.555555555555555
2019-09-22 00:00:00.000,1,11.488888888888889
2019-09-23 00:00:00.000,9,11.466666666666667
2019-09-24 00:00:00.000,14,11.444444444444445
2019-09-25 00:00:00.000,17,11.516666666666667
2019-09-26 00:00:00.000,11,11.53888888888889
2019-09-27 00:00:00.000,7,11.544444444444444
2019-09-28 00:00:00.000,37,11.61111111111111
2019-09-29 00:00:00.000,5,11.577777777777778
2019-09-30 00:00:00.000,7,11.55
2019-10-01 00:00:00.000,3,11.383333333333333
2019-10-02 00:00:00.000,6,11.311111111111112
2019-10-03 00:00:00.000,10,11.36111111111111
2019-10-04 00:00:00.000,2,11.338888888888889
2019-10-05 00:00:00.000,29,11.366666666666667
2019-10-06 00:00:00.000,5,11.35
2019-10-07 00:00:00.000,24,11.444444444444445
2019-10-08 00:00:00.000,5,11.266666666666667
2019-10-09 00:00:00.000,24,11.344444444444445
2019-10-10 00:00:00.000,9,11.383333333333333
2019-10-11 00:00:00.000,8,11.38888888888889
2019-10-12 00:00:00.000,34,11.472222222222221
2019-10-13 00:00:00.000,5,11.422222222222222
2019-10-14 00:00:00.000,6,11.405555555555555
2019-10-15 00:00:00.000,3,11.3
2019-10-16 00:00:00.000,22,11.394444444444444
2019-10-17 00:00:00.000,7,11.383333333333333
2019-10-18 00:00:00.000,6,11.394444444444444
2019-10-19 00:00:00.000,28,11.45
2019-10-20 00:00:00.000,3,11.411111111111111
2019-10-21 00:00:00.000,7,11.394444444444444
2019-10-22 00:00:00.000,4,11.355555555555556
2019-10-23 00:00:00.000,17,11.405555555555555
2019-10-24 00:00:00.000,12,11.405555555555555
2019-10-25 00:00:00.000,19,11.483333333333333
2019-10-26 00:00:00.000,10,11.377777777777778
2019-10-27 00:00:00.000,5,11.38888888888889
2019-10-28 00:00:00.000,2,11.372222222222222
2019-10-29 00:00:00.000,19,11.35
2019-10-30 00:00:00.000,22,11.438888888888888
2019-10-31 00:00:00.000,4,11.45
2019-11-01 00:00:00.000,9,11.438888888888888
2019-11-02 00:00:00.000,19,11.522222222222222
2019-11-03 00:00:00.000,7,11.411111111111111
2019-11-04 00:00:00.000,3,11.355555555555556
2019-11-05 00:00:00.000,11,11.372222222222222
2019-11-06 00:00:00.000,21,11.427777777777777
2019-11-07 00:00:00.000,10,11.427777777777777
2019-11-08 00:00:00.000,20,11.516666666666667
2019-11-09 00:00:00.000,14,11.561111111111112
2019-11-10 00:00:00.000,5,11.555555555555555
2019-11-11 00:00:00.000,2,11.533333333333333
2019-11-12 00:00:00.000,14,11.55
2019-11-13 00:00:00.000,9,11.533333333333333
2019-11-14 00:00:00.000,7,11.527777777777779
2019-11-15 00:00:00.000,9,11.394444444444444
2019-11-16 00:00:00.000,8,11.36111111111111
2019-11-17 00:00:00.000,9,11.38888888888889
2019-11-18 00:00:00.000,16,11.338888888888889
2019-11-19 00:00:00.000,7,11.294444444444444
2019-11-20 00:00:00.000,26,11.405555555555555
2019-11-21 00:00:00.000,6,11.394444444444444
2019-11-22 00:00:00.000,7,11.316666666666666
2019-11-23 00:00:00.000,32,11.422222222222222
2019-11-24 00:00:00.000,10,11.411111111111111
2019-11-25 00:00:00.000,23,11.38888888888889
2019-11-26 00:00:00.000,7,11.405555555555555
2019-11-27 00:00:00.000,24,11.527777777777779
2019-11-28 00:00:00.000,8,11.53888888888889
2019-11-29 00:00:00.000,3,11.438888888888888
2019-11-30 00:00:00.000,23,11.466666666666667
2019-12-01 00:00:00.000,5,11.455555555555556
2019-12-02 00:00:00.000,5,11.4
2019-12-03 00:00:00.000,5,11.38888888888889
2019-12-04 00:00:00.000,25,11.505555555555556
2019-12-05 00:00:00.000,6,11.516666666666667
2019-12-06 00:00:00.000,6,11.53888888888889
2019-12-07 00:00:00.000,15,11.6
2019-12-08 00:00:00.000,11,11.655555555555555
2019-12-09 00:00:00.000,27,11.688888888888888
2019-12-10 00:00:00.000,8,11.661111111111111
2019-12-11 00:00:00.000,30,11.805555555555555
2019-12-12 00:00:00.000,10,11.805555555555555
2019-12-13 00:00:00.000,44,11.96111111111111
2019-12-14 00:00:00.000,15,12.016666666666667
2019-12-15 00:00:00.000,10,12.033333333333333
2019-12-16 00:00:00.000,5,11.977777777777778
2019-12-17 00:00:00.000,7,11.983333333333333
2019-12-18 00:00:00.000,5,11.977777777777778
2019-12-19 00:00:00.000,6,11.816666666666666
2019-12-20 00:00:00.000,6,11.783333333333333
2019-12-21 00:00:00.000,2,11.761111111111111
2019-12-22 00:00:00.000,29,11.761111111111111
2019-12-23 00:00:00.000,9,11.783333333333333
2019-12-24 00:00:00.000,2,11.738888888888889
2019-12-25 00:00:00.000,8,11.716666666666667
2019-12-26 00:00:00.000,3,11.622222222222222
2019-12-27 00:00:00.000,6,11.633333333333333
2019-12-28 00:00:00.000,50,11.877777777777778
2019-12-29 00:00:00.000,1,11.722222222222221
2019-12-30 00:00:00.000,7,11.733333333333333
2019-12-31 00:00:00.000,4,11.688888888888888
2020-01-04 00:00:00.000,41,11.844444444444445
2020-01-05 00:00:00.000,5,11.811111111111112
2020-01-06 00:00:00.000,4,11.766666666666667
2020-01-07 00:00:00.000,1,11.738888888888889
2020-01-08 00:00:00.000,22,11.772222222222222
2020-01-09 00:00:00.000,3,11.738888888888889
2020-01-10 00:00:00.000,4,11.738888888888889
2020-01-11 00:00:00.000,31,11.877777777777778
2020-01-12 00:00:00.000,16,11.9
2020-01-13 00:00:00.000,1,11.844444444444445
2020-01-14 00:00:00.000,1,11.822222222222223
2020-01-15 00:00:00.000,16,11.727777777777778
2020-01-16 00:00:00.000,9,11.705555555555556
2020-01-17 00:00:00.000,3,11.677777777777777
2020-01-18 00:00:00.000,19,11.661111111111111
2020-01-19 00:00:00.000,13,11.666666666666666
2020-01-20 00:00:00.000,8,11.677777777777777
2020-01-21 00:00:00.000,3,11.6
2020-01-22 00:00:00.000,8,11.572222222222223
2020-01-23 00:00:00.000,26,11.688888888888888
2020-01-24 00:00:00.000,5,11.627777777777778
2020-01-25 00:00:00.000,33,11.738888888888889
2020-01-26 00:00:00.000,6,11.733333333333333
2020-01-27 00:00:00.000,3,11.46111111111111
2020-01-28 00:00:00.000,2,11.45
2020-01-29 00:00:00.000,19,11.527777777777779
2020-01-30 00:00:00.000,11,11.544444444444444
2020-01-31 00:00:00.000,8,11.511111111111111
2020-02-01 00:00:00.000,35,11.672222222222222
2020-02-02 00:00:00.000,11,11.722222222222221
2020-02-03 00:00:00.000,8,11.6
2020-02-04 00:00:00.000,4,11.544444444444444
2020-02-05 00:00:00.000,21,11.533333333333333
2020-02-06 00:00:00.000,6,11.527777777777779
2020-02-07 00:00:00.000,1,11.427777777777777
2020-02-08 00:00:00.000,41,11.63888888888889
2020-02-09 00:00:00.000,5,11.566666666666666
2020-02-10 00:00:00.000,3,11.483333333333333
2020-02-11 00:00:00.000,9,11.494444444444444
2020-02-12 00:00:00.000,24,11.594444444444445
2020-02-13 00:00:00.000,6,11.6
2020-02-14 00:00:00.000,9,11.555555555555555
2020-02-15 00:00:00.000,33,11.688888888888888
2020-02-16 00:00:00.000,3,11.7
2020-02-17 00:00:00.000,6,11.627777777777778
2020-02-18 00:00:00.000,9,11.65
2020-02-19 00:00:00.000,16,11.71111111111111
2020-02-20 00:00:00.000,16,11.777777777777779
2020-02-21 00:00:00.000,12,11.738888888888889
2020-02-22 00:00:00.000,35,11.877777777777778
2020-02-23 00:00:00.000,5,11.88888888888889
2020-02-24 00:00:00.000,10,11.872222222222222
2020-02-25 00:00:00.000,4,11.86111111111111
2020-02-26 00:00:00.000,10,11.86111111111111
2020-02-27 00:00:00.000,30,11.994444444444444
2020-02-28 00:00:00.000,6,11.905555555555555
2020-02-29 00:00:00.000,38,12.088888888888889
2020-03-01 00:00:00.000,18,12.13888888888889
2020-03-02 00:00:00.000,7,12.105555555555556
2020-03-03 00:00:00.000,12,12.133333333333333
2020-03-04 00:00:00.000,34,12.316666666666666
2020-03-05 00:00:00.000,12,12.311111111111112
2020-03-06 00:00:00.000,11,12.344444444444445
2020-03-07 00:00:00.000,31,12.455555555555556
2020-03-08 00:00:00.000,14,12.38888888888889
2020-03-09 00:00:00.000,9,12.394444444444444
2020-03-10 00:00:00.000,6,12.4
2020-03-11 00:00:00.000,22,12.45
2020-03-12 00:00:00.000,8,12.416666666666666
2020-03-13 00:00:00.000,4,12.405555555555555
2020-03-14 00:00:00.000,23,12.505555555555556
2020-03-15 00:00:00.000,8,12.438888888888888
2020-03-16 00:00:00.000,15,12.477777777777778
2020-03-17 00:00:00.000,2,12.472222222222221
2020-03-18 00:00:00.000,11,12.466666666666667
2020-03-19 00:00:00.000,9,12.38888888888889
2020-03-20 00:00:00.000,2,12.372222222222222
2020-03-21 00:00:00.000,8,12.372222222222222
2020-03-22 00:00:00.000,3,12.305555555555555
2020-03-23 00:00:00.000,4,12.322222222222223
2020-03-24 00:00:00.000,6,12.305555555555555
2020-03-25 00:00:00.000,6,12.261111111111111
2020-03-26 00:00:00.000,1,12.172222222222222
2020-03-27 00:00:00.000,8,12.155555555555555
2020-03-28 00:00:00.000,11,12.177777777777777
2020-03-30 00:00:00.000,4,11.994444444444444
2020-04-01 00:00:00.000,5,11.994444444444444
2020-04-02 00:00:00.000,1,11.96111111111111
2020-04-04 00:00:00.000,8,11.988888888888889
2020-04-05 00:00:00.000,8,12.0
2020-04-06 00:00:00.000,1,11.95
2020-04-09 00:00:00.000,3,11.955555555555556
2020-04-10 00:00:00.000,2,11.805555555555555
2020-04-11 00:00:00.000,11,11.838888888888889
2020-04-12 00:00:00.000,1,11.71111111111111
2020-04-13 00:00:00.000,1,11.688888888888888
2020-04-14 00:00:00.000,7,11.594444444444445
2020-04-15 00:00:00.000,5,11.572222222222223
2020-04-16 00:00:00.000,3,11.544444444444444
2020-04-17 00:00:00.000,3,11.372222222222222
2020-04-18 00:00:00.000,4,11.366666666666667
2020-04-19 00:00:00.000,1,11.338888888888889
2020-04-20 00:00:00.000,3,11.338888888888889
2020-04-21 00:00:00.000,4,11.238888888888889
2020-04-22 00:00:00.000,1,11.205555555555556
2020-04-23 00:00:00.000,4,11.194444444444445
2020-04-24 00:00:00.000,3,11.055555555555555
2020-04-25 00:00:00.000,9,11.088888888888889
2020-04-26 00:00:00.000,12,11.116666666666667
2020-04-27 00:00:00.000,5,11.122222222222222
2020-04-28 00:00:00.000,1,11.033333333333333
2020-04-29 00:00:00.000,7,11.005555555555556
2020-05-01 00:00:00.000,3,10.916666666666666
2020-05-02 00:00:00.000,10,10.916666666666666
2020-05-03 00:00:00.000,3,10.905555555555555
2020-05-04 00:00:00.000,3,10.911111111111111
2020-05-05 00:00:00.000,2,10.816666666666666
2020-05-06 00:00:00.000,7,10.733333333333333
2020-05-08 00:00:00.000,3,10.727777777777778
2020-05-09 00:00:00.000,14,10.755555555555556
2020-05-10 00:00:00.000,2,10.661111111111111
2020-05-11 00:00:00.000,2,10.633333333333333
2020-05-12 00:00:00.000,2,10.627777777777778
2020-05-13 00:00:00.000,7,10.605555555555556
2020-05-14 00:00:00.000,5,10.516666666666667
2020-05-15 00:00:00.000,3,10.477777777777778
2020-05-16 00:00:00.000,12,10.433333333333334
2020-05-17 00:00:00.000,7,10.394444444444444
2020-05-20 00:00:00.000,3,10.383333333333333
2020-05-22 00:00:00.000,8,10.416666666666666
2020-05-23 00:00:00.000,30,10.505555555555556
2020-05-24 00:00:00.000,5,10.483333333333333
2020-05-25 00:00:00.000,7,10.483333333333333
2020-05-26 00:00:00.000,2,10.444444444444445
2020-05-27 00:00:00.000,7,10.438888888888888
2020-05-28 00:00:00.000,3,10.405555555555555
2020-05-29 00:00:00.000,6,10.35
2020-05-30 00:00:00.000,20,10.422222222222222
2020-05-31 00:00:00.000,4,10.3
2020-06-01 00:00:00.000,5,10.294444444444444
2020-06-02 00:00:00.000,1,10.261111111111111
2020-06-03 00:00:00.000,3,10.1
2020-06-04 00:00:00.000,3,10.061111111111112
2020-06-05 00:00:00.000,10,9.988888888888889
2020-06-06 00:00:00.000,27,10.1
2020-06-07 00:00:00.000,2,9.977777777777778
2020-06-08 00:00:00.000,8,9.977777777777778
2020-06-09 00:00:00.000,4,9.983333333333333
2020-06-10 00:00:00.000,8,9.9
2020-06-11 00:00:00.000,8,9.916666666666666
2020-06-12 00:00:00.000,20,10.0
2020-06-13 00:00:00.000,17,10.066666666666666
2020-06-14 00:00:00.000,2,9.938888888888888
2020-06-15 00:00:00.000,6,9.938888888888888
2020-06-16 00:00:00.000,2,9.916666666666666
2020-06-17 00:00:00.000,4,9.855555555555556
2020-06-18 00:00:00.000,14,9.872222222222222
2020-06-19 00:00:00.000,4,9.744444444444444
2020-06-20 00:00:00.000,18,9.8
2020-06-21 00:00:00.000,6,9.666666666666666
2020-06-22 00:00:00.000,3,9.627777777777778
2020-06-23 00:00:00.000,2,9.394444444444444
2020-06-24 00:00:00.000,10,9.366666666666667
2020-06-25 00:00:00.000,5,9.338888888888889
2020-06-26 00:00:00.000,21,9.427777777777777
2020-06-27 00:00:00.000,12,9.455555555555556
2020-06-28 00:00:00.000,9,9.477777777777778
2020-06-29 00:00:00.000,7,9.483333333333333
2020-06-30 00:00:00.000,7,9.488888888888889
2020-07-01 00:00:00.000,4,9.5
2020-07-02 00:00:00.000,7,9.377777777777778
2020-07-03 00:00:00.000,4,9.35
2020-07-04 00:00:00.000,39,9.555555555555555
2020-07-05 00:00:00.000,5,9.53888888888889
2020-07-06 00:00:00.000,4,9.544444444444444
2020-07-07 00:00:00.000,1,9.516666666666667
2020-07-08 00:00:00.000,7,9.277777777777779
2020-07-09 00:00:00.000,13,9.344444444444445
2020-07-10 00:00:00.000,2,9.316666666666666
2020-07-11 00:00:00.000,29,9.455555555555556
2020-07-12 00:00:00.000,5,9.255555555555556
2020-07-13 00:00:00.000,2,9.238888888888889
2020-07-14 00:00:00.000,4,9.238888888888889
2020-07-15 00:00:00.000,12,9.3
2020-07-16 00:00:00.000,7,9.216666666666667
2020-07-17 00:00:00.000,8,9.244444444444444
2020-07-18 00:00:00.000,20,9.333333333333334
2020-07-19 00:00:00.000,8,9.205555555555556
2020-07-20 00:00:00.000,1,9.122222222222222
2020-07-21 00:00:00.000,1,9.122222222222222
2020-07-22 00:00:00.000,9,9.166666666666666
2020-07-23 00:00:00.000,10,9.133333333333333
2020-07-24 00:00:00.000,5,9.11111111111111
2020-07-25 00:00:00.000,10,9.15
2020-07-26 00:00:00.000,7,9.083333333333334
2020-07-27 00:00:00.000,5,9.03888888888889
2020-07-28 00:00:00.000,3,9.011111111111111
2020-07-29 00:00:00.000,3,9.011111111111111
2020-07-30 00:00:00.000,13,9.03888888888889
2020-07-31 00:00:00.000,2,8.905555555555555
2020-08-01 00:00:00.000,4,8.9
2020-08-02 00:00:00.000,4,8.738888888888889
2020-08-03 00:00:00.000,2,8.716666666666667
2020-08-04 00:00:00.000,2,8.71111111111111
2020-08-05 00:00:00.000,2,8.71111111111111
2020-08-06 00:00:00.000,6,8.63888888888889
2020-08-07 00:00:00.000,15,8.661111111111111
2020-08-08 00:00:00.000,10,8.672222222222222
2020-08-09 00:00:00.000,3,8.494444444444444
2020-08-10 00:00:00.000,2,8.444444444444445
2020-08-11 00:00:00.000,8,8.444444444444445
2020-08-12 00:00:00.000,16,8.511111111111111
2020-08-13 00:00:00.000,3,8.411111111111111
2020-08-14 00:00:00.000,4,8.4
2020-08-15 00:00:00.000,13,8.466666666666667
2020-08-16 00:00:00.000,7,8.277777777777779
2020-08-17 00:00:00.000,15,8.333333333333334
2020-08-18 00:00:00.000,1,8.322222222222223
2020-08-19 00:00:00.000,18,8.372222222222222
2020-08-20 00:00:00.000,5,8.266666666666667
2020-08-21 00:00:00.000,2,8.244444444444444
2020-08-22 00:00:00.000,27,8.344444444444445
2020-08-23 00:00:00.000,8,8.205555555555556
2020-08-24 00:00:00.000,3,8.205555555555556
2020-08-26 00:00:00.000,7,8.21111111111111
2020-08-27 00:00:00.000,8,8.205555555555556
2020-08-28 00:00:00.000,9,8.166666666666666
2020-08-29 00:00:00.000,19,8.183333333333334
2020-08-30 00:00:00.000,4,8.13888888888889
2020-08-31 00:00:00.000,6,7.977777777777778
2020-09-01 00:00:00.000,3,7.966666666666667
2020-09-02 00:00:00.000,3,7.927777777777778
2020-09-03 00:00:00.000,7,7.944444444444445
2020-09-04 00:00:00.000,5,7.916666666666667
2020-09-05 00:00:00.000,20,7.861111111111111
2020-09-06 00:00:00.000,2,7.838888888888889
2020-09-07 00:00:00.000,10,7.683333333333334
2020-09-08 00:00:00.000,3,7.6
2020-09-09 00:00:00.000,7,7.6
2020-09-10 00:00:00.000,9,7.583333333333333
2020-09-11 00:00:00.000,4,7.416666666666667
2020-09-12 00:00:00.000,10,7.405555555555556
2020-09-13 00:00:00.000,8,7.388888888888889
2020-09-14 00:00:00.000,4,7.238888888888889
2020-09-15 00:00:00.000,9,7.211111111111111
2020-09-16 00:00:00.000,5,7.188888888888889
2020-09-17 00:00:00.000,6,7.188888888888889
2020-09-18 00:00:00.000,1,7.072222222222222
2020-09-19 00:00:00.000,18,7.127777777777778
2020-09-20 00:00:00.000,9,7.155555555555556
2020-09-21 00:00:00.000,5,7.055555555555555
2020-09-22 00:00:00.000,5,7.038888888888889
2020-09-23 00:00:00.000,3,6.972222222222222
2020-09-24 00:00:00.000,16,7.05
2020-09-25 00:00:00.000,25,7.127777777777778
2020-09-26 00:00:00.000,18,7.177777777777778
2020-09-27 00:00:00.000,1,7.1722222222222225
2020-09-28 00:00:00.000,5,7.155555555555556
2020-09-29 00:00:00.000,7,7.177777777777778
2020-09-30 00:00:00.000,6,7.188888888888889
2020-10-01 00:00:00.000,7,7.194444444444445
2020-10-02 00:00:00.000,28,7.316666666666666
2020-10-03 00:00:00.000,20,7.4222222222222225
2020-10-04 00:00:00.000,4,7.4
2020-10-05 00:00:00.000,2,7.35
2020-10-06 00:00:00.000,3,7.344444444444444
2020-10-07 00:00:00.000,3,7.333333333333333
2020-10-08 00:00:00.000,18,7.427777777777778
2020-10-09 00:00:00.000,10,7.438888888888889
2020-10-10 00:00:00.000,16,7.483333333333333
2020-10-11 00:00:00.000,3,7.4944444444444445
2020-10-12 00:00:00.000,2,7.488888888888889
2020-10-13 00:00:00.000,9,7.527777777777778
2020-10-14 00:00:00.000,28,7.622222222222222
2020-10-15 00:00:00.000,5,7.644444444444445
2020-10-16 00:00:00.000,5,7.666666666666667
2020-10-17 00:00:00.000,28,7.783333333333333
2020-10-18 00:00:00.000,3,7.772222222222222
2020-10-19 00:00:00.000,6,7.788888888888889
2020-10-20 00:00:00.000,4,7.794444444444444
2020-10-21 00:00:00.000,16,7.861111111111111
2020-10-22 00:00:00.000,12,7.9222222222222225
2020-10-23 00:00:00.000,10,7.961111111111111
2020-10-24 00:00:00.000,17,8.033333333333333
2020-10-25 00:00:00.000,5,8.055555555555555
2020-10-26 00:00:00.000,12,8.1
2020-10-27 00:00:00.000,5,8.11111111111111
2020-10-28 00:00:00.000,12,8.127777777777778
2020-10-29 00:00:00.000,5,8.088888888888889
2020-10-30 00:00:00.000,25,8.2
2020-10-31 00:00:00.000,13,8.266666666666667
2020-11-01 00:00:00.000,4,8.25
2020-11-02 00:00:00.000,3,8.25
2020-11-03 00:00:00.000,2,8.205555555555556
2020-11-04 00:00:00.000,28,8.344444444444445
2020-11-05 00:00:00.000,5,8.355555555555556
2020-11-06 00:00:00.000,10,8.4
2020-11-07 00:00:00.000,20,8.472222222222221
2020-11-08 00:00:00.000,2,8.466666666666667
2020-11-09 00:00:00.000,10,8.444444444444445
2020-11-10 00:00:00.000,4,8.455555555555556
2020-11-11 00:00:00.000,22,8.566666666666666
2020-11-12 00:00:00.000,7,8.594444444444445
2020-11-13 00:00:00.000,3,8.572222222222223
2020-11-14 00:00:00.000,27,8.694444444444445
2020-11-15 00:00:00.000,16,8.766666666666667
2020-11-16 00:00:00.000,12,8.766666666666667
2020-11-17 00:00:00.000,6,8.761111111111111
2020-11-18 00:00:00.000,18,8.844444444444445
2020-11-19 00:00:00.000,7,8.838888888888889
2020-11-20 00:00:00.000,5,8.7
2020-11-21 00:00:00.000,25,8.811111111111112
2020-11-22 00:00:00.000,4,8.794444444444444
2020-11-23 00:00:00.000,3,8.8
2020-11-24 00:00:00.000,18,8.86111111111111
2020-11-25 00:00:00.000,15,8.927777777777777
2020-11-26 00:00:00.000,8,8.938888888888888
2020-11-27 00:00:00.000,3,8.844444444444445
2020-11-28 00:00:00.000,27,8.972222222222221
2020-11-29 00:00:00.000,1,8.95
2020-11-30 00:00:00.000,26,9.088888888888889
2020-12-01 00:00:00.000,8,9.116666666666667
2020-12-02 00:00:00.000,18,9.2
2020-12-03 00:00:00.000,9,9.194444444444445
2020-12-04 00:00:00.000,10,9.1
2020-12-05 00:00:00.000,30,9.255555555555556
2020-12-06 00:00:00.000,1,9.216666666666667
2020-12-07 00:00:00.000,5,9.222222222222221
2020-12-08 00:00:00.000,5,9.205555555555556
2020-12-09 00:00:00.000,2,9.172222222222222
2020-12-10 00:00:00.000,18,9.161111111111111
2020-12-11 00:00:00.000,4,9.088888888888889
2020-12-12 00:00:00.000,52,9.366666666666667
2020-12-13 00:00:00.000,4,9.355555555555556
2020-12-14 00:00:00.000,5,9.372222222222222
2020-12-15 00:00:00.000,3,9.366666666666667
2020-12-16 00:00:00.000,23,9.416666666666666
2020-12-17 00:00:00.000,14,9.472222222222221
2020-12-18 00:00:00.000,7,9.411111111111111
2020-12-19 00:00:00.000,53,9.672222222222222
2020-12-21 00:00:00.000,1,9.661111111111111
2020-12-22 00:00:00.000,2,9.661111111111111
2020-12-23 00:00:00.000,11,9.666666666666666
2020-12-24 00:00:00.000,13,9.71111111111111
2020-12-25 00:00:00.000,1,9.6
2020-12-26 00:00:00.000,6,9.566666666666666
2020-12-27 00:00:00.000,2,9.527777777777779
2020-12-28 00:00:00.000,12,9.555555555555555
2020-12-29 00:00:00.000,1,9.522222222222222
2020-12-30 00:00:00.000,4,9.522222222222222
2020-12-31 00:00:00.000,1,9.488888888888889
2021-01-01 00:00:00.000,3,9.483333333333333
2021-01-02 00:00:00.000,10,9.322222222222223
2021-01-04 00:00:00.000,7,9.333333333333334
2021-01-05 00:00:00.000,23,9.438888888888888
2021-01-06 00:00:00.000,28,9.588888888888889
2021-01-07 00:00:00.000,13,9.622222222222222
2021-01-08 00:00:00.000,19,9.655555555555555
2021-01-09 00:00:00.000,46,9.9
2021-01-10 00:00:00.000,1,9.744444444444444
2021-01-11 00:00:00.000,8,9.761111111111111
2021-01-12 00:00:00.000,11,9.811111111111112
2021-01-13 00:00:00.000,30,9.955555555555556
2021-01-14 00:00:00.000,4,9.911111111111111
2021-01-15 00:00:00.000,18,9.972222222222221
2021-01-16 00:00:00.000,44,10.172222222222222
2021-01-17 00:00:00.000,2,10.072222222222223
2021-01-18 00:00:00.000,9,10.077777777777778
2021-01-19 00:00:00.000,11,10.133333333333333
2021-01-20 00:00:00.000,45,10.377777777777778
2021-01-21 00:00:00.000,12,10.394444444444444
2021-01-22 00:00:00.000,54,10.63888888888889
2021-01-23 00:00:00.000,27,10.761111111111111
2021-01-24 00:00:00.000,4,10.727777777777778
2021-01-25 00:00:00.000,5,10.716666666666667
2021-01-26 00:00:00.000,9,10.738888888888889
2021-01-27 00:00:00.000,49,10.994444444444444
2021-01-28 00:00:00.000,10,11.033333333333333
2021-01-29 00:00:00.000,17,11.055555555555555
2021-01-30 00:00:00.000,50,11.322222222222223
2021-02-01 00:00:00.000,11,11.36111111111111
2021-02-02 00:00:00.000,1,11.344444444444445
2021-02-03 00:00:00.000,29,11.494444444444444
2021-02-04 00:00:00.000,8,11.527777777777779
2021-02-05 00:00:00.000,34,11.705555555555556
2021-02-06 00:00:00.000,24,11.805555555555555
2021-02-07 00:00:00.000,3,11.738888888888889
2021-02-08 00:00:00.000,7,11.722222222222221
2021-02-09 00:00:00.000,17,11.8
2021-02-10 00:00:00.000,52,12.077777777777778
2021-02-11 00:00:00.000,8,12.077777777777778
2021-02-12 00:00:00.000,5,12.016666666666667
2021-02-13 00:00:00.000,41,12.227777777777778
2021-02-14 00:00:00.000,1,12.21111111111111
2021-02-15 00:00:00.000,7,12.177777777777777
2021-02-16 00:00:00.000,2,12.15
2021-02-17 00:00:00.000,6,12.1
2021-02-18 00:00:00.000,4,12.116666666666667
2021-02-19 00:00:00.000,4,12.03888888888889
2021-02-20 00:00:00.000,11,12.072222222222223
2021-02-21 00:00:00.000,2,12.072222222222223
2021-02-22 00:00:00.000,3,11.938888888888888
2021-02-23 00:00:00.000,1,11.9
2021-02-24 00:00:00.000,4,11.905555555555555
2021-02-25 00:00:00.000,7,11.905555555555555
2021-02-26 00:00:00.000,4,11.883333333333333
2021-02-27 00:00:00.000,6,11.866666666666667
2021-02-28 00:00:00.000,3,11.777777777777779
2021-03-01 00:00:00.000,4,11.777777777777779
2021-03-02 00:00:00.000,2,11.755555555555556
2021-03-03 00:00:00.000,3,11.755555555555556
2021-03-04 00:00:00.000,7,11.777777777777779
2021-03-05 00:00:00.000,9,11.78888888888889
2021-03-06 00:00:00.000,17,11.855555555555556
2021-03-07 00:00:00.000,4,11.766666666666667
2021-03-08 00:00:00.000,4,11.777777777777779
2021-03-09 00:00:00.000,2,11.733333333333333
2021-03-10 00:00:00.000,1,11.722222222222221
2021-03-11 00:00:00.000,3,11.7
2021-03-12 00:00:00.000,5,11.677777777777777
2021-03-13 00:00:00.000,2,11.666666666666666
2021-03-14 00:00:00.000,4,11.633333333333333
2021-03-15 00:00:00.000,1,11.594444444444445
2021-03-16 00:00:00.000,2,11.583333333333334
2021-03-17 00:00:00.000,1,11.53888888888889
2021-03-18 00:00:00.000,2,11.522222222222222
2021-03-19 00:00:00.000,6,11.522222222222222
2021-03-20 00:00:00.000,5,11.544444444444444
2021-03-21 00:00:00.000,3,11.46111111111111
2021-03-22 00:00:00.000,1,11.416666666666666
2021-03-23 00:00:00.000,1,11.394444444444444
2021-03-24 00:00:00.000,3,11.383333333333333
2021-03-25 00:00:00.000,3,11.383333333333333
2021-03-26 00:00:00.000,20,11.405555555555555
2021-03-27 00:00:00.000,34,11.455555555555556
2021-03-30 00:00:00.000,2,11.366666666666667
2021-03-31 00:00:00.000,2,11.372222222222222
2021-04-01 00:00:00.000,6,11.377777777777778
2021-04-03 00:00:00.000,30,11.505555555555556
2021-04-04 00:00:00.000,1,11.477777777777778
2021-04-05 00:00:00.000,15,11.522222222222222
2021-04-07 00:00:00.000,5,11.394444444444444
2021-04-08 00:00:00.000,2,11.294444444444444
2021-04-10 00:00:00.000,30,11.438888888888888
2021-04-11 00:00:00.000,2,11.438888888888888
2021-04-12 00:00:00.000,1,11.427777777777777
2021-04-13 00:00:00.000,8,11.455555555555556
2021-04-14 00:00:00.000,6,11.38888888888889
2021-04-15 00:00:00.000,2,11.344444444444445
2021-04-16 00:00:00.000,2,11.266666666666667
2021-04-17 00:00:00.000,32,11.427777777777777
2021-04-19 00:00:00.000,9,11.466666666666667
2021-04-20 00:00:00.000,5,11.444444444444445
2021-04-21 00:00:00.000,4,11.311111111111112
2021-04-23 00:00:00.000,2,11.294444444444444
2021-04-24 00:00:00.000,1,11.272222222222222
2021-04-25 00:00:00.000,1,11.122222222222222
2021-04-26 00:00:00.000,2,11.116666666666667
2021-04-27 00:00:00.000,2,11.094444444444445
2021-04-28 00:00:00.000,2,11.083333333333334
2021-04-29 00:00:00.000,4,11.016666666666667
2021-04-30 00:00:00.000,3,10.966666666666667
2021-05-01 00:00:00.000,5,10.938888888888888
2021-05-03 00:00:00.000,3,10.86111111111111
2021-05-05 00:00:00.000,9,10.883333333333333
2021-05-08 00:00:00.000,2,10.827777777777778
2021-05-12 00:00:00.000,1,10.805555555555555
2021-05-13 00:00:00.000,1,10.744444444444444
2021-05-14 00:00:00.000,1,10.722222222222221
2021-05-15 00:00:00.000,17,10.677777777777777
2021-05-21 00:00:00.000,9,10.655555555555555
2021-05-22 00:00:00.000,7,10.672222222222222
2021-05-26 00:00:00.000,1,10.661111111111111
2021-05-29 00:00:00.000,1,10.655555555555555
2021-05-31 00:00:00.000,3,10.516666666666667
2021-06-01 00:00:00.000,2,10.5
2021-06-02 00:00:00.000,1,10.45
2021-06-03 00:00:00.000,2,10.35
2021-06-04 00:00:00.000,1,10.344444444444445
2021-06-05 00:00:00.000,2,10.3
2021-06-06 00:00:00.000,2,10.28888888888889
2021-06-07 00:00:00.000,1,10.172222222222222
2021-06-09 00:00:00.000,1,10.13888888888889
2021-06-10 00:00:00.000,2,10.133333333333333
2021-06-11 00:00:00.000,1,9.988888888888889
2021-06-17 00:00:00.000,3,9.916666666666666
2021-06-18 00:00:00.000,22,9.972222222222221
2021-06-22 00:00:00.000,1,9.944444444444445
2021-06-24 00:00:00.000,1,9.85
2021-06-26 00:00:00.000,1,9.816666666666666
2021-06-29 00:00:00.000,1,9.794444444444444
2021-06-30 00:00:00.000,2,9.666666666666666
2021-07-05 00:00:00.000,1,9.65
2021-07-06 00:00:00.000,1,9.63888888888889
2021-07-08 00:00:00.000,6,9.572222222222223
2021-07-09 00:00:00.000,15,9.572222222222223
2021-07-10 00:00:00.000,16,9.616666666666667
2021-07-11 00:00:00.000,2,9.61111111111111
2021-07-12 00:00:00.000,2,9.472222222222221
2021-07-15 00:00:00.000,1,9.472222222222221
2021-07-17 00:00:00.000,1,9.333333333333334
2021-07-28 00:00:00.000,1,9.294444444444444
2021-08-02 00:00:00.000,5,9.222222222222221
2021-08-11 00:00:00.000,2,9.183333333333334
2021-08-13 00:00:00.000,4,9.15
2021-08-14 00:00:00.000,2,8.994444444444444
2021-08-15 00:00:00.000,1,8.994444444444444
2021-08-16 00:00:00.000,1,8.972222222222221
2021-08-17 00:00:00.000,1,8.95
2021-08-27 00:00:00.000,1,8.944444444444445
2021-08-28 00:00:00.000,3,8.86111111111111
2021-08-30 00:00:00.000,2,8.85
2021-08-31 00:00:00.000,3,8.577777777777778
2021-09-01 00:00:00.000,4,8.577777777777778
2021-09-04 00:00:00.000,1,8.555555555555555
2021-09-05 00:00:00.000,1,8.544444444444444
2021-09-06 00:00:00.000,1,8.422222222222222
2021-09-09 00:00:00.000,1,8.35
2021-09-10 00:00:00.000,2,8.322222222222223
2021-09-11 00:00:00.000,4,8.05
2021-09-13 00:00:00.000,1,8.05
2021-09-14 00:00:00.000,1,8.044444444444444
2021-09-15 00:00:00.000,2,7.9944444444444445
2021-09-17 00:00:00.000,3,7.938888888888889
2021-09-18 00:00:00.000,8,7.977777777777778
2021-09-22 00:00:00.000,1,7.95
2021-09-25 00:00:00.000,17,8.033333333333333
2021-09-26 00:00:00.000,2,7.977777777777778
2021-09-27 00:00:00.000,5,8.0
2021-09-29 00:00:00.000,1,7.983333333333333
2021-09-30 00:00:00.000,4,8.0
2021-10-01 00:00:00.000,1,7.988888888888889
2021-10-05 00:00:00.000,1,7.938888888888889
2021-10-06 00:00:00.000,1,7.905555555555556
2021-10-07 00:00:00.000,3,7.794444444444444
2021-10-09 00:00:00.000,1,7.644444444444445
2021-10-10 00:00:00.000,1,7.5777777777777775
2021-10-12 00:00:00.000,2,7.483333333333333
2021-10-13 00:00:00.000,1,7.233333333333333
2021-10-14 00:00:00.000,2,7.238888888888889
2021-10-15 00:00:00.000,1,7.2
2021-10-16 00:00:00.000,17,7.233333333333333
2021-10-17 00:00:00.000,1,7.072222222222222
2021-10-18 00:00:00.000,1,7.055555555555555
2021-10-19 00:00:00.000,2,6.966666666666667
2021-10-20 00:00:00.000,4,6.7444444444444445
2021-10-22 00:00:00.000,3,6.75
2021-10-23 00:00:00.000,1,6.705555555555556
2021-10-24 00:00:00.000,1,6.65
2021-10-25 00:00:00.000,1,6.405555555555556
2021-10-26 00:00:00.000,1,6.344444444444444
2021-10-27 00:00:00.000,1,6.05
2021-10-28 00:00:00.000,3,5.916666666666667
2021-10-30 00:00:00.000,10,5.95
2021-11-03 00:00:00.000,1,5.927777777777778
2021-11-06 00:00:00.000,3,5.894444444444445
2021-11-07 00:00:00.000,2,5.633333333333334
2021-11-09 00:00:00.000,4,5.6
2021-11-10 00:00:00.000,4,5.527777777777778
2021-11-11 00:00:00.000,6,5.283333333333333
2021-11-12 00:00:00.000,2,5.233333333333333
2021-11-13 00:00:00.000,2,5.238888888888889
2021-11-14 00:00:00.000,8,5.122222222222222
2021-11-15 00:00:00.000,6,5.111111111111111
2021-11-16 00:00:00.000,3,4.938888888888889
2021-11-17 00:00:00.000,37,5.011111111111111
2021-11-18 00:00:00.000,12,5.061111111111111
2021-11-19 00:00:00.000,24,5.155555555555556
2021-11-20 00:00:00.000,56,5.372222222222222
2021-11-21 00:00:00.000,1,5.088888888888889
2021-11-22 00:00:00.000,16,5.133333333333334
2021-11-23 00:00:00.000,3,5.122222222222222
2021-11-24 00:00:00.000,29,5.055555555555555
2021-11-25 00:00:00.000,8,5.094444444444444
2021-11-26 00:00:00.000,43,5.294444444444444
2021-11-27 00:00:00.000,26,5.427777777777778
2021-11-28 00:00:00.000,2,5.405555555555556
2021-11-29 00:00:00.000,6,5.416666666666667
2021-11-30 00:00:00.000,14,5.472222222222222
2021-12-01 00:00:00.000,28,5.566666666666666
2021-12-02 00:00:00.000,5,5.583333333333333
2021-12-03 00:00:00.000,37,5.772222222222222
2021-12-04 00:00:00.000,61,6.105555555555555
2021-12-05 00:00:00.000,4,6.105555555555555
2021-12-06 00:00:00.000,4,6.088888888888889
2021-12-07 00:00:00.000,12,6.133333333333334
2021-12-08 00:00:00.000,20,6.211111111111111
2021-12-09 00:00:00.000,10,6.25
2021-12-10 00:00:00.000,32,6.405555555555556
2021-12-11 00:00:00.000,19,6.5
2021-12-12 00:00:00.000,4,6.5055555555555555
2021-12-13 00:00:00.000,9,6.516666666666667
2021-12-14 00:00:00.000,8,6.511111111111111
2021-12-15 00:00:00.000,26,6.561111111111111
2021-12-16 00:00:00.000,15,6.622222222222222
2021-12-17 00:00:00.000,24,6.733333333333333
2021-12-18 00:00:00.000,47,6.983333333333333
2021-12-19 00:00:00.000,2,6.988888888888889
2021-12-20 00:00:00.000,6,7.0055555555555555
2021-12-21 00:00:00.000,14,7.055555555555555
2021-12-22 00:00:00.000,37,7.25
2021-12-23 00:00:00.000,21,7.344444444444444
2021-12-24 00:00:00.000,28,7.4944444444444445
2021-12-25 00:00:00.000,13,7.555555555555555
2021-12-26 00:00:00.000,2,7.561111111111111
2021-12-27 00:00:00.000,20,7.661111111111111
2021-12-28 00:00:00.000,7,7.666666666666667
2021-12-29 00:00:00.000,53,7.933333333333334
2021-12-30 00:00:00.000,18,8.016666666666667
2021-12-31 00:00:00.000,2,8.022222222222222
2022-01-01 00:00:00.000,3,8.033333333333333
2022-01-03 00:00:00.000,12,8.083333333333334
2022-01-04 00:00:00.000,11,8.127777777777778
2022-01-05 00:00:00.000,24,8.15
2022-01-06 00:00:00.000,8,8.005555555555556
2022-01-07 00:00:00.000,37,8.2
2022-01-08 00:00:00.000,57,8.505555555555556
2022-01-09 00:00:00.000,6,8.505555555555556
2022-01-10 00:00:00.000,7,8.377777777777778
2022-01-11 00:00:00.000,13,8.444444444444445
2022-01-12 00:00:00.000,34,8.55
2022-01-13 00:00:00.000,15,8.605555555555556
2022-01-14 00:00:00.000,29,8.755555555555556
2022-01-15 00:00:00.000,57,8.905555555555555
2022-01-16 00:00:00.000,6,8.927777777777777
2022-01-17 00:00:00.000,7,8.96111111111111
2022-01-18 00:00:00.000,6,8.95
2022-01-19 00:00:00.000,26,9.061111111111112
2022-01-20 00:00:00.000,8,9.094444444444445
2022-01-21 00:00:00.000,37,9.28888888888889
2022-01-22 00:00:00.000,47,9.372222222222222
2022-01-23 00:00:00.000,6,9.355555555555556
2022-01-24 00:00:00.000,4,9.35
2022-01-25 00:00:00.000,10,9.383333333333333
2022-01-26 00:00:00.000,24,9.505555555555556
2022-01-27 00:00:00.000,18,9.6
2022-01-28 00:00:00.000,24,9.727777777777778
2022-01-29 00:00:00.000,59,10.044444444444444
2022-01-30 00:00:00.000,6,10.066666666666666
2022-01-31 00:00:00.000,8,10.1
2022-02-01 00:00:00.000,7,10.116666666666667
2022-02-02 00:00:00.000,57,10.416666666666666
2022-02-03 00:00:00.000,6,10.422222222222222
2022-02-04 00:00:00.000,72,10.805555555555555
2022-02-05 00:00:00.000,22,10.877777777777778
2022-02-06 00:00:00.000,5,10.894444444444444
2022-02-07 00:00:00.000,6,10.922222222222222
2022-02-08 00:00:00.000,5,10.944444444444445
2022-02-09 00:00:00.000,40,11.161111111111111
2022-02-10 00:00:00.000,20,11.177777777777777
2022-02-11 00:00:00.000,57,11.444444444444445
2022-02-12 00:00:00.000,33,11.588888888888889
2022-02-13 00:00:00.000,3,11.6
2022-02-14 00:00:00.000,10,11.65
2022-02-15 00:00:00.000,5,11.661111111111111
2022-02-16 00:00:00.000,40,11.872222222222222
2022-02-17 00:00:00.000,26,12.011111111111111
2022-02-18 00:00:00.000,41,12.227777777777778
2022-02-19 00:00:00.000,36,12.422222222222222
2022-02-20 00:00:00.000,13,12.483333333333333
2022-02-21 00:00:00.000,10,12.527777777777779
2022-02-22 00:00:00.000,6,12.555555555555555
2022-02-23 00:00:00.000,34,12.738888888888889
2022-02-24 00:00:00.000,16,12.816666666666666
2022-02-25 00:00:00.000,19,12.916666666666666
2022-02-26 00:00:00.000,76,13.322222222222223
2022-02-27 00:00:00.000,2,13.21111111111111
2022-02-28 00:00:00.000,7,13.244444444444444
2022-03-01 00:00:00.000,16,13.327777777777778
2022-03-02 00:00:00.000,41,13.55
2022-03-03 00:00:00.000,12,13.61111111111111
2022-03-04 00:00:00.000,45,13.85
2022-03-05 00:00:00.000,116,14.488888888888889
2022-03-06 00:00:00.000,2,14.494444444444444
2022-03-07 00:00:00.000,14,14.53888888888889
2022-03-08 00:00:00.000,5,14.483333333333333
2022-03-09 00:00:00.000,23,14.522222222222222
2022-03-10 00:00:00.000,22,14.633333333333333
2022-03-11 00:00:00.000,53,14.916666666666666
2022-03-12 00:00:00.000,33,15.094444444444445
2022-03-13 00:00:00.000,1,15.094444444444445
2022-03-14 00:00:00.000,49,15.36111111111111
2022-03-15 00:00:00.000,12,15.4
2022-03-16 00:00:00.000,34,15.577777777777778
2022-03-17 00:00:00.000,19,15.661111111111111
2022-03-18 00:00:00.000,35,15.844444444444445
2022-03-19 00:00:00.000,97,16.377777777777776
2022-03-20 00:00:00.000,16,16.461111111111112
2022-03-21 00:00:00.000,9,16.505555555555556
2022-03-22 00:00:00.000,3,16.516666666666666
2022-03-23 00:00:00.000,42,16.733333333333334
2022-03-24 00:00:00.000,6,16.755555555555556
2022-03-25 00:00:00.000,29,16.9
2022-03-26 00:00:00.000,98,17.42222222222222
2022-03-27 00:00:00.000,8,17.461111111111112
2022-03-28 00:00:00.000,15,17.538888888888888
2022-03-29 00:00:00.000,6,17.566666666666666
2022-03-30 00:00:00.000,21,17.677777777777777
2022-03-31 00:00:00.000,30,17.833333333333332
2022-04-01 00:00:00.000,41,18.038888888888888
2022-04-02 00:00:00.000,52,18.322222222222223
2022-04-03 00:00:00.000,1,18.322222222222223
2022-04-04 00:00:00.000,38,18.522222222222222
2022-04-05 00:00:00.000,9,18.555555555555557
2022-04-06 00:00:00.000,34,18.7
2022-04-07 00:00:00.000,14,18.772222222222222
2022-04-08 00:00:00.000,19,18.783333333333335
2022-04-09 00:00:00.000,103,19.344444444444445
2022-04-10 00:00:00.000,2,19.32777777777778
2022-04-11 00:00:00.000,8,19.366666666666667
2022-04-12 00:00:00.000,6,19.377777777777776
2022-04-13 00:00:00.000,40,19.594444444444445
2022-04-14 00:00:00.000,6,19.622222222222224
2022-04-15 00:00:00.000,44,19.86111111111111
2022-04-16 00:00:00.000,55,20.15
2022-04-17 00:00:00.000,1,20.15
2022-04-18 00:00:00.000,12,20.211111111111112
2022-04-19 00:00:00.000,6,20.233333333333334
2022-04-20 00:00:00.000,20,20.33888888888889
2022-04-21 00:00:00.000,7,20.366666666666667
2022-04-22 00:00:00.000,21,20.477777777777778
2022-04-23 00:00:00.000,79,20.822222222222223
2022-04-24 00:00:00.000,3,20.833333333333332
2022-04-25 00:00:00.000,8,20.872222222222224
2022-04-26 00:00:00.000,11,20.92222222222222
2022-04-27 00:00:00.000,35,21.094444444444445
2022-04-28 00:00:00.000,25,21.216666666666665
2022-04-29 00:00:00.000,40,21.433333333333334
2022-04-30 00:00:00.000,63,21.77777777777778
2022-05-01 00:00:00.000,2,21.783333333333335
2022-05-02 00:00:00.000,4,21.8
2022-05-03 00:00:00.000,9,21.844444444444445
2022-05-04 00:00:00.000,23,21.955555555555556
2022-05-05 00:00:00.000,9,21.95
2022-05-06 00:00:00.000,47,22.205555555555556
2022-05-07 00:00:00.000,96,22.72222222222222
2022-05-08 00:00:00.000,3,22.727777777777778
2022-05-09 00:00:00.000,9,22.755555555555556
2022-05-10 00:00:00.000,5,22.761111111111113
2022-05-11 00:00:00.000,25,22.866666666666667
2022-05-12 00:00:00.000,28,23.011111111111113
2022-05-13 00:00:00.000,66,23.366666666666667
2022-05-14 00:00:00.000,37,23.52777777777778
2022-05-15 00:00:00.000,8,23.538888888888888
2022-05-16 00:00:00.000,27,23.67222222222222
2022-05-17 00:00:00.000,6,23.5
2022-05-18 00:00:00.000,34,23.622222222222224
2022-05-19 00:00:00.000,7,23.52777777777778
2022-05-20 00:00:00.000,26,23.36111111111111
2022-05-21 00:00:00.000,71,23.75
2022-05-22 00:00:00.000,10,23.716666666666665
2022-05-23 00:00:00.000,25,23.83888888888889
2022-05-24 00:00:00.000,8,23.72222222222222
2022-05-25 00:00:00.000,27,23.82777777777778
2022-05-26 00:00:00.000,13,23.66111111111111
2022-05-27 00:00:00.000,24,23.65
2022-05-28 00:00:00.000,82,24.094444444444445
2022-05-29 00:00:00.000,1,24.066666666666666
2022-05-30 00:00:00.000,14,24.066666666666666
2022-05-31 00:00:00.000,44,24.155555555555555
2022-06-01 00:00:00.000,14,24.205555555555556
2022-06-02 00:00:00.000,9,24.05
2022-06-03 00:00:00.000,50,23.988888888888887
2022-06-04 00:00:00.000,51,24.25
2022-06-06 00:00:00.000,6,24.261111111111113
2022-06-07 00:00:00.000,9,24.244444444444444
2022-06-08 00:00:00.000,22,24.255555555555556
2022-06-09 00:00:00.000,13,24.272222222222222
2022-06-10 00:00:00.000,52,24.383333333333333
2022-06-11 00:00:00.000,53,24.572222222222223
2022-06-12 00:00:00.000,11,24.61111111111111
2022-06-13 00:00:00.000,21,24.677777777777777
2022-06-14 00:00:00.000,23,24.761111111111113
2022-06-15 00:00:00.000,35,24.81111111111111
2022-06-16 00:00:00.000,13,24.8
2022-06-17 00:00:00.000,41,24.894444444444446
2022-06-18 00:00:00.000,59,24.961111111111112
2022-06-19 00:00:00.000,3,24.966666666666665
2022-06-20 00:00:00.000,30,25.1
2022-06-21 00:00:00.000,7,25.06111111111111
2022-06-22 00:00:00.000,26,25.0
2022-06-23 00:00:00.000,14,24.961111111111112
2022-06-24 00:00:00.000,8,24.85
2022-06-25 00:00:00.000,70,25.166666666666668
2022-06-26 00:00:00.000,14,25.233333333333334
2022-06-27 00:00:00.000,36,25.322222222222223
2022-06-28 00:00:00.000,13,25.355555555555554
2022-06-29 00:00:00.000,40,25.283333333333335
2022-06-30 00:00:00.000,21,25.3
2022-07-01 00:00:00.000,11,25.35
2022-07-02 00:00:00.000,106,25.92222222222222
2022-07-03 00:00:00.000,2,25.866666666666667
2022-07-04 00:00:00.000,11,25.866666666666667
2022-07-05 00:00:00.000,12,25.8
2022-07-06 00:00:00.000,30,25.92222222222222
2022-07-07 00:00:00.000,26,25.86111111111111
2022-07-08 00:00:00.000,6,25.57777777777778
2022-07-09 00:00:00.000,61,25.883333333333333
2022-07-10 00:00:00.000,7,25.883333333333333
2022-07-11 00:00:00.000,5,25.83888888888889
2022-07-12 00:00:00.000,42,25.883333333333333
2022-07-13 00:00:00.000,26,25.944444444444443
2022-07-14 00:00:00.000,8,25.82777777777778
2022-07-15 00:00:00.000,19,25.616666666666667
2022-07-16 00:00:00.000,74,25.994444444444444
2022-07-17 00:00:00.000,27,26.105555555555554
2022-07-18 00:00:00.000,14,26.15
2022-07-19 00:00:00.000,17,26.1
2022-07-20 00:00:00.000,34,26.244444444444444
2022-07-21 00:00:00.000,17,26.133333333333333
2022-07-22 00:00:00.000,15,25.955555555555556
2022-07-23 00:00:00.000,120,26.58888888888889
2022-07-24 00:00:00.000,1,26.572222222222223
2022-07-25 00:00:00.000,26,26.66111111111111
2022-07-26 00:00:00.000,20,26.63888888888889
2022-07-27 00:00:00.000,20,26.65
2022-07-28 00:00:00.000,9,26.566666666666666
2022-07-29 00:00:00.000,19,26.344444444444445
2022-07-30 00:00:00.000,76,26.733333333333334
2022-07-31 00:00:00.000,7,26.727777777777778
2022-08-01 00:00:00.000,8,26.733333333333334
2022-08-02 00:00:00.000,18,26.516666666666666
2022-08-03 00:00:00.000,43,26.72222222222222
2022-08-04 00:00:00.000,27,26.47222222222222
2022-08-05 00:00:00.000,23,26.477777777777778
2022-08-06 00:00:00.000,28,26.605555555555554
2022-08-07 00:00:00.000,6,26.605555555555554
2022-08-08 00:00:00.000,42,26.81111111111111
2022-08-09 00:00:00.000,6,26.622222222222224
2022-08-10 00:00:00.000,28,26.666666666666668
2022-08-11 00:00:00.000,5,26.377777777777776
2022-08-12 00:00:00.000,19,26.3
2022-08-13 00:00:00.000,40,26.505555555555556
2022-08-14 00:00:00.000,1,26.455555555555556
2022-08-15 00:00:00.000,4,26.45
2022-08-16 00:00:00.000,15,26.31111111111111
2022-08-17 00:00:00.000,19,26.272222222222222
2022-08-18 00:00:00.000,5,26.072222222222223
2022-08-19 00:00:00.000,25,26.011111111111113
2022-08-20 00:00:00.000,24,26.072222222222223
2022-08-21 00:00:00.000,1,26.022222222222222
2022-08-22 00:00:00.000,12,26.055555555555557
2022-08-23 00:00:00.000,8,25.91111111111111
2022-08-24 00:00:00.000,20,25.933333333333334
2022-08-25 00:00:00.000,11,25.88888888888889
2022-08-26 00:00:00.000,29,25.627777777777776
2022-08-27 00:00:00.000,63,25.966666666666665
2022-08-28 00:00:00.000,1,25.933333333333334
2022-08-29 00:00:00.000,10,25.9
2022-08-30 00:00:00.000,5,25.7
2022-08-31 00:00:00.000,26,25.77777777777778
2022-09-01 00:00:00.000,12,25.594444444444445
2022-09-02 00:00:00.000,4,24.97222222222222
2022-09-03 00:00:00.000,83,25.42222222222222
2022-09-04 00:00:00.000,3,25.36111111111111
2022-09-05 00:00:00.000,8,25.377777777777776
2022-09-06 00:00:00.000,18,25.35
2022-09-07 00:00:00.000,21,25.344444444444445
2022-09-08 00:00:00.000,8,25.094444444444445
2022-09-09 00:00:00.000,20,25.022222222222222
2022-09-10 00:00:00.000,75,25.433333333333334
2022-09-11 00:00:00.000,12,25.227777777777778
2022-09-12 00:00:00.000,10,25.216666666666665
2022-09-13 00:00:00.000,6,25.06111111111111
2022-09-14 00:00:00.000,48,25.22222222222222
2022-09-15 00:00:00.000,9,25.07777777777778
2022-09-16 00:00:00.000,10,24.594444444444445
2022-09-17 00:00:00.000,97,25.044444444444444
2022-09-18 00:00:00.000,4,25.016666666666666
2022-09-19 00:00:00.000,19,25.105555555555554
2022-09-20 00:00:00.000,8,24.916666666666668
2022-09-21 00:00:00.000,31,25.055555555555557
2022-09-22 00:00:00.000,18,24.994444444444444
2022-09-23 00:00:00.000,31,24.622222222222224
2022-09-24 00:00:00.000,77,25.005555555555556
2022-09-25 00:00:00.000,7,24.961111111111112
2022-09-26 00:00:00.000,7,24.966666666666665
2022-09-27 00:00:00.000,12,24.916666666666668
2022-09-28 00:00:00.000,21,24.866666666666667
2022-09-29 00:00:00.000,15,24.72222222222222
2022-09-30 00:00:00.000,39,24.65
2022-10-01 00:00:00.000,81,25.094444444444445
2022-10-02 00:00:00.000,6,24.916666666666668
2022-10-03 00:00:00.000,17,24.961111111111112
2022-10-04 00:00:00.000,11,24.833333333333332
2022-10-05 00:00:00.000,26,24.9
2022-10-06 00:00:00.000,19,24.9
2022-10-07 00:00:00.000,20,24.43888888888889
2022-10-08 00:00:00.000,91,24.933333333333334
2022-10-09 00:00:00.000,5,24.916666666666668
2022-10-10 00:00:00.000,9,24.933333333333334
2022-10-11 00:00:00.000,35,24.905555555555555
2022-10-12 00:00:00.000,8,24.916666666666668
2022-10-13 00:00:00.000,10,24.727777777777778
2022-10-14 00:00:00.000,12,24.488888888888887
2022-10-15 00:00:00.000,100,25.038888888888888
2022-10-16 00:00:00.000,6,25.005555555555556
2022-10-17 00:00:00.000,27,25.122222222222224
2022-10-18 00:00:00.000,10,25.066666666666666
2022-10-19 00:00:00.000,21,25.144444444444446
2022-10-20 00:00:00.000,13,25.1
2022-10-21 00:00:00.000,23,24.788888888888888
2022-10-22 00:00:00.000,88,25.261111111111113
2022-10-23 00:00:00.000,15,25.3
2022-10-24 00:00:00.000,9,25.288888888888888
2022-10-25 00:00:00.000,14,25.17222222222222
2022-10-26 00:00:00.000,24,25.166666666666668
2022-10-27 00:00:00.000,19,25.05
2022-10-28 00:00:00.000,21,24.816666666666666
2022-10-29 00:00:00.000,68,25.183333333333334
2022-10-30 00:00:00.000,15,25.244444444444444
2022-10-31 00:00:00.000,8,25.238888888888887
2022-11-01 00:00:00.000,13,25.183333333333334
2022-11-02 00:00:00.000,23,25.261111111111113
2022-11-03 00:00:00.000,14,25.07777777777778
2022-11-04 00:00:00.000,26,24.68888888888889
2022-11-05 00:00:00.000,69,25.055555555555557
2022-11-06 00:00:00.000,28,25.16111111111111
2022-11-07 00:00:00.000,8,25.177777777777777
2022-11-08 00:00:00.000,10,25.094444444444445
2022-11-09 00:00:00.000,30,25.105555555555554
2022-11-10 00:00:00.000,25,24.877777777777776
2022-11-11 00:00:00.000,11,24.733333333333334
2022-11-12 00:00:00.000,88,25.177777777777777
2022-11-13 00:00:00.000,19,25.133333333333333
2022-11-14 00:00:00.000,7,25.13888888888889
2022-11-15 00:00:00.000,7,24.988888888888887
2022-11-16 00:00:00.000,25,25.08888888888889
2022-11-17 00:00:00.000,35,25.13888888888889
2022-11-18 00:00:00.000,19,24.85
2022-11-19 00:00:00.000,82,25.25
2022-11-20 00:00:00.000,13,25.183333333333334
2022-11-21 00:00:00.000,13,25.211111111111112
2022-11-22 00:00:00.000,22,25.183333333333334
2022-11-23 00:00:00.000,29,25.272222222222222
2022-11-24 00:00:00.000,12,25.205555555555556
2022-11-25 00:00:00.000,7,24.788888888888888
2022-11-26 00:00:00.000,121,25.455555555555556
2022-11-27 00:00:00.000,11,25.43888888888889
2022-11-28 00:00:00.000,20,25.305555555555557
2022-11-29 00:00:00.000,15,25.31111111111111
2022-11-30 00:00:00.000,20,25.372222222222224
2022-12-01 00:00:00.000,6,25.127777777777776
2022-12-02 00:00:00.000,10,24.9
2022-12-03 00:00:00.000,119,25.52777777777778
2022-12-04 00:00:00.000,2,25.488888888888887
2022-12-05 00:00:00.000,14,25.444444444444443
2022-12-06 00:00:00.000,10,25.427777777777777
2022-12-07 00:00:00.000,35,25.333333333333332
2022-12-08 00:00:00.000,17,25.133333333333333
2022-12-09 00:00:00.000,8,25.116666666666667
2022-12-10 00:00:00.000,82,25.455555555555556
2022-12-11 00:00:00.000,5,25.355555555555554
2022-12-12 00:00:00.000,9,25.211111111111112
2022-12-13 00:00:00.000,13,25.211111111111112
2022-12-14 00:00:00.000,46,25.238888888888887
2022-12-15 00:00:00.000,21,25.02777777777778
2022-12-16 00:00:00.000,21,25.127777777777776
2022-12-17 00:00:00.000,81,25.41111111111111
2022-12-18 00:00:00.000,5,25.4
2022-12-19 00:00:00.000,30,25.42222222222222
2022-12-20 00:00:00.000,26,25.488888888888887
2022-12-21 00:00:00.000,18,25.544444444444444
2022-12-22 00:00:00.000,33,25.33888888888889
2022-12-23 00:00:00.000,18,25.36111111111111
2022-12-24 00:00:00.000,76,25.583333333333332
2022-12-25 00:00:00.000,11,25.572222222222223
2022-12-26 00:00:00.000,11,25.41111111111111
2022-12-27 00:00:00.000,16,25.383333333333333
2022-12-28 00:00:00.000,26,25.466666666666665
2022-12-29 00:00:00.000,21,24.994444444444444
2022-12-30 00:00:00.000,4,25.005555555555556
2022-12-31 00:00:00.000,32,25.122222222222224
2023-01-01 00:00:00.000,7,25.094444444444445
2023-01-02 00:00:00.000,10,24.983333333333334
2023-01-03 00:00:00.000,2,24.85
2023-01-04 00:00:00.000,28,24.97222222222222
2023-01-05 00:00:00.000,17,24.727777777777778
2023-01-06 00:00:00.000,18,24.788888888888888
2023-01-07 00:00:00.000,75,25.177777777777777
2023-01-08 00:00:00.000,3,24.961111111111112
2023-01-09 00:00:00.000,8,24.86111111111111
2023-01-10 00:00:00.000,15,24.9
2023-01-11 00:00:00.000,32,24.97222222222222
2023-01-12 00:00:00.000,16,24.65
2023-01-13 00:00:00.000,6,24.533333333333335
2023-01-14 00:00:00.000,77,24.883333333333333
2023-01-15 00:00:00.000,5,24.816666666666666
2023-01-16 00:00:00.000,6,24.66111111111111
2023-01-17 00:00:00.000,23,24.694444444444443
2023-01-18 00:00:00.000,29,24.772222222222222
2023-01-19 00:00:00.000,11,24.166666666666668
2023-01-20 00:00:00.000,16,24.25
2023-01-21 00:00:00.000,103,24.677777777777777
2023-01-22 00:00:00.000,23,24.694444444444443
2023-01-23 00:00:00.000,20,24.694444444444443
2023-01-24 00:00:00.000,11,24.705555555555556
2023-01-25 00:00:00.000,41,24.82777777777778
2023-01-26 00:00:00.000,8,24.45
2023-01-27 00:00:00.000,4,24.433333333333334
2023-01-28 00:00:00.000,86,24.866666666666667
2023-01-29 00:00:00.000,8,24.81111111111111
2023-01-30 00:00:00.000,27,24.72222222222222
2023-01-31 00:00:00.000,6,24.605555555555554
2023-02-01 00:00:00.000,53,24.772222222222222
2023-02-02 00:00:00.000,18,24.716666666666665
2023-02-03 00:00:00.000,2,24.694444444444443
2023-02-04 00:00:00.000,107,25.055555555555557
2023-02-05 00:00:00.000,10,25.07777777777778
2023-02-06 00:00:00.000,12,24.988888888888887
2023-02-07 00:00:00.000,11,25.022222222222222
2023-02-08 00:00:00.000,32,25.094444444444445
2023-02-09 00:00:00.000,39,25.08888888888889
2023-02-10 00:00:00.000,12,25.15
2023-02-11 00:00:00.000,79,25.566666666666666
2023-02-12 00:00:00.000,8,25.52777777777778
2023-02-13 00:00:00.000,8,25.466666666666665
2023-02-14 00:00:00.000,13,25.511111111111113
2023-02-15 00:00:00.000,43,25.61111111111111
2023-02-16 00:00:00.000,15,25.56111111111111
2023-02-17 00:00:00.000,11,25.616666666666667
2023-02-18 00:00:00.000,75,25.966666666666665
2023-02-19 00:00:00.000,15,26.005555555555556
2023-02-20 00:00:00.000,26,26.038888888888888
2023-02-21 00:00:00.000,12,26.044444444444444
2023-02-22 00:00:00.000,39,26.1
2023-02-23 00:00:00.000,17,25.844444444444445
2023-02-24 00:00:00.000,16,25.927777777777777
2023-02-25 00:00:00.000,114,26.505555555555556
2023-02-26 00:00:00.000,12,26.544444444444444
2023-02-27 00:00:00.000,14,26.477777777777778
2023-02-28 00:00:00.000,20,26.522222222222222
2023-03-01 00:00:00.000,38,26.711111111111112
2023-03-02 00:00:00.000,12,26.316666666666666
2023-03-03 00:00:00.000,11,26.36111111111111
2023-03-04 00:00:00.000,93,26.833333333333332
2023-03-05 00:00:00.000,16,26.822222222222223
2023-03-06 00:00:00.000,30,26.872222222222224
2023-03-07 00:00:00.000,11,26.88888888888889
2023-03-08 00:00:00.000,39,26.994444444444444
2023-03-09 00:00:00.000,19,26.683333333333334
2023-03-10 00:00:00.000,4,26.63888888888889
2023-03-11 00:00:00.000,103,27.155555555555555
2023-03-12 00:00:00.000,28,27.27777777777778
2023-03-13 00:00:00.000,41,27.238888888888887
2023-03-14 00:00:00.000,14,27.266666666666666
2023-03-15 00:00:00.000,43,27.45
2023-03-16 00:00:00.000,26,27.055555555555557
2023-03-17 00:00:00.000,6,27.066666666666666
2023-03-18 00:00:00.000,87,27.444444444444443
2023-03-19 00:00:00.000,15,27.483333333333334
2023-03-20 00:00:00.000,11,27.372222222222224
2023-03-21 00:00:00.000,12,27.33888888888889
2023-03-22 00:00:00.000,24,27.3
2023-03-23 00:00:00.000,35,27.066666666666666
2023-03-24 00:00:00.000,25,27.166666666666668
2023-03-25 00:00:00.000,118,27.783333333333335
2023-03-26 00:00:00.000,4,27.738888888888887
2023-03-27 00:00:00.000,18,27.72222222222222
2023-03-28 00:00:00.000,3,27.655555555555555
2023-03-29 00:00:00.000,49,27.711111111111112
2023-03-30 00:00:00.000,22,27.383333333333333
2023-03-31 00:00:00.000,12,27.416666666666668
2023-04-01 00:00:00.000,97,27.86111111111111
2023-04-02 00:00:00.000,12,27.866666666666667
2023-04-03 00:00:00.000,15,27.805555555555557
2023-04-04 00:00:00.000,7,27.738888888888887
2023-04-05 00:00:00.000,41,27.855555555555554
2023-04-06 00:00:00.000,17,27.444444444444443
2023-04-07 00:00:00.000,3,27.433333333333334
2023-04-08 00:00:00.000,79,27.822222222222223
2023-04-09 00:00:00.000,23,27.755555555555556
2023-04-10 00:00:00.000,8,27.755555555555556
2023-04-11 00:00:00.000,15,27.783333333333335
2023-04-12 00:00:00.000,30,27.883333333333333
2023-04-13 00:00:00.000,26,27.47222222222222
2023-04-14 00:00:00.000,26,27.583333333333332
2023-04-15 00:00:00.000,93,27.95
2023-04-16 00:00:00.000,16,27.983333333333334
2023-04-17 00:00:00.000,13,27.93888888888889
2023-04-18 00:00:00.000,10,27.92222222222222
2023-04-19 00:00:00.000,38,28.005555555555556
2023-04-20 00:00:00.000,21,27.633333333333333
2023-04-21 00:00:00.000,7,27.58888888888889
2023-04-22 00:00:00.000,99,28.08888888888889
2023-04-23 00:00:00.000,6,28.044444444444444
2023-04-24 00:00:00.000,12,27.977777777777778
2023-04-25 00:00:00.000,25,28.011111111111113
2023-04-26 00:00:00.000,36,28.094444444444445
2023-04-27 00:00:00.000,19,27.822222222222223
2023-04-28 00:00:00.000,17,27.833333333333332
2023-04-29 00:00:00.000,88,28.27777777777778
2023-04-30 00:00:00.000,13,28.27777777777778
2023-05-01 00:00:00.000,7,28.18888888888889
2023-05-02 00:00:00.000,11,28.17222222222222
2023-05-03 00:00:00.000,33,28.211111111111112
2023-05-04 00:00:00.000,24,27.961111111111112
2023-05-05 00:00:00.000,35,28.0
2023-05-06 00:00:00.000,88,28.444444444444443
2023-05-07 00:00:00.000,17,28.483333333333334
2023-05-08 00:00:00.000,14,28.394444444444446
2023-05-09 00:00:00.000,14,28.333333333333332
2023-05-10 00:00:00.000,32,28.45
2023-05-11 00:00:00.000,26,28.105555555555554
2023-05-12 00:00:00.000,18,28.1
2023-05-13 00:00:00.000,86,28.538888888888888
2023-05-14 00:00:00.000,15,28.583333333333332
2023-05-15 00:00:00.000,12,28.511111111111113
2023-05-16 00:00:00.000,18,28.416666666666668
2023-05-17 00:00:00.000,31,28.483333333333334
2023-05-18 00:00:00.000,11,28.08888888888889
2023-05-19 00:00:00.000,12,28.083333333333332
2023-05-20 00:00:00.000,102,28.57777777777778
2023-05-21 00:00:00.000,10,28.511111111111113
2023-05-22 00:00:00.000,10,28.405555555555555
2023-05-23 00:00:00.000,15,28.42222222222222
2023-05-24 00:00:00.000,49,28.655555555555555
2023-05-25 00:00:00.000,35,28.177777777777777
2023-05-26 00:00:00.000,7,28.155555555555555
2023-05-27 00:00:00.000,99,28.594444444444445
2023-05-28 00:00:00.000,26,28.655555555555555
2023-05-29 00:00:00.000,8,28.58888888888889
2023-05-30 00:00:00.000,6,28.58888888888889
2023-05-31 00:00:00.000,28,28.68888888888889
2023-06-01 00:00:00.000,35,28.22222222222222
2023-06-02 00:00:00.000,5,28.238888888888887
2023-06-03 00:00:00.000,115,28.8
2023-06-04 00:00:00.000,18,28.844444444444445
2023-06-05 00:00:00.000,6,28.683333333333334
2023-06-06 00:00:00.000,14,28.666666666666668
2023-06-07 00:00:00.000,41,28.85
2023-06-08 00:00:00.000,10,28.45
2023-06-09 00:00:00.000,2,28.433333333333334
2023-06-10 00:00:00.000,101,28.944444444444443
2023-06-11 00:00:00.000,26,29.016666666666666
2023-06-12 00:00:00.000,22,28.883333333333333
2023-06-13 00:00:00.000,19,28.872222222222224
2023-06-14 00:00:00.000,49,29.02777777777778
2023-06-15 00:00:00.000,7,28.616666666666667
2023-06-16 00:00:00.000,11,28.65
2023-06-17 00:00:00.000,103,29.055555555555557
2023-06-18 00:00:00.000,10,28.966666666666665
2023-06-19 00:00:00.000,33,29.05
2023-06-20 00:00:00.000,27,29.016666666666666
2023-06-21 00:00:00.000,45,29.166666666666668
2023-06-22 00:00:00.000,20,28.855555555555554
2023-06-23 00:00:00.000,6,28.82777777777778
2023-06-24 00:00:00.000,79,29.205555555555556
2023-06-25 00:00:00.000,19,29.22222222222222
2023-06-26 00:00:00.000,38,29.288888888888888
2023-06-27 00:00:00.000,38,29.383333333333333
2023-06-28 00:00:00.000,6,29.394444444444446
2023-06-29 00:00:00.000,7,29.255555555555556
2023-06-30 00:00:00.000,33,29.4
2023-07-01 00:00:00.000,72,29.744444444444444
2023-07-02 00:00:00.000,3,29.75
2023-07-03 00:00:00.000,13,29.666666666666668
2023-07-04 00:00:00.000,33,29.755555555555556
2023-07-05 00:00:00.000,27,29.805555555555557
2023-07-06 00:00:00.000,11,29.45
2023-07-07 00:00:00.000,9,29.483333333333334
2023-07-08 00:00:00.000,125,30.133333333333333
2023-07-09 00:00:00.000,10,30.105555555555554
2023-07-10 00:00:00.000,26,30.072222222222223
2023-07-11 00:00:00.000,16,30.072222222222223
2023-07-12 00:00:00.000,64,30.394444444444446
2023-07-13 00:00:00.000,7,30.005555555555556
2023-07-14 00:00:00.000,10,30.033333333333335
2023-07-15 00:00:00.000,62,30.344444444444445
2023-07-16 00:00:00.000,20,30.32777777777778
2023-07-17 00:00:00.000,37,30.372222222222224
2023-07-18 00:00:00.000,26,30.455555555555556
2023-07-19 00:00:00.000,35,30.56111111111111
2023-07-20 00:00:00.000,16,30.07777777777778
2023-07-21 00:00:00.000,11,30.011111111111113
2023-07-22 00:00:00.000,84,30.366666666666667
2023-07-23 00:00:00.000,13,30.377777777777776
2023-07-24 00:00:00.000,25,30.288888888888888
2023-07-25 00:00:00.000,9,30.294444444444444
2023-07-26 00:00:00.000,39,30.488888888888887
2023-07-27 00:00:00.000,12,30.07777777777778
2023-07-28 00:00:00.000,5,30.06111111111111
2023-07-29 00:00:00.000,75,30.32777777777778
2023-07-30 00:00:00.000,20,30.405555555555555
2023-07-31 00:00:00.000,5,30.13888888888889
2023-08-01 00:00:00.000,10,30.094444444444445
2023-08-02 00:00:00.000,26,30.227777777777778
2023-08-03 00:00:00.000,10,29.68888888888889
2023-08-04 00:00:00.000,3,29.65
2023-08-05 00:00:00.000,57,29.9
2023-08-06 00:00:00.000,6,29.872222222222224
2023-08-07 00:00:00.000,19,29.8
2023-08-08 00:00:00.000,17,29.677777777777777
2023-08-09 00:00:00.000,20,29.72222222222222
2023-08-10 00:00:00.000,7,29.322222222222223
2023-08-11 00:00:00.000,2,29.288888888888888
2023-08-12 00:00:00.000,76,29.666666666666668
2023-08-13 00:00:00.000,9,29.644444444444446
2023-08-14 00:00:00.000,13,29.477777777777778
2023-11-15 00:00:00.000,2,29.405555555555555
2023-12-11 00:00:00.000,2,29.355555555555554
2024-01-17 00:00:00.000,1,28.944444444444443
2024-02-03 00:00:00.000,3,28.877777777777776
2024-03-05 00:00:00.000,1,28.738888888888887
2024-03-29 00:00:00.000,1,28.677777777777777
2024-06-04 00:00:00.000,11,28.522222222222222
2024-07-05 00:00:00.000,7,28.466666666666665
2024-09-05 00:00:00.000,3,28.394444444444446
2024-09-06 00:00:00.000,4,27.783333333333335
2024-12-16 00:00:00.000,9,27.766666666666666
2025-08-05 00:00:48.703,87,28.17222222222222
