InvoiceDate,TotalRevenue,TotalProfit
2013-07-05,141.60000000000002,141.60000000000002
2013-07-10,5178.222,5178.222
2013-08-16,134.39999999999998,134.39999999999998
2013-09-11,194.13,194.13
2013-09-12,2073.744,2073.744
2013-10-07,4548.2429999999995,4548.2429999999995
2013-10-21,58598.277,58598.277
2013-11-07,566.4000000000001,566.4000000000001
2013-11-13,75.53999999999999,75.53999999999999
2013-12-11,2031.0749999999998,2031.0749999999998
2013-12-20,18763.335,18763.335
2013-12-23,78000.0,78000.0
2014-01-03,0.0,0.0
2014-01-30,335719.314,335719.314
2014-02-04,0.0,0.0
2014-05-20,0.0,0.0
2014-07-04,59101.200000000004,59101.200000000004
2014-08-13,0.0,0.0
2014-10-03,1689.816,1689.816
2015-01-20,735.0,735.0
2015-04-22,0.0,0.0
2015-04-27,76198.065,76198.065
2015-04-29,30225.72,30225.72
2015-05-15,226.58,226.58
2015-05-25,525.03,525.03
2015-11-06,0.0,0.0
2015-12-23,336.0,336.0
2016-01-17,0.0,0.0
2016-01-21,0.0,0.0
2016-02-02,0.0,0.0
2016-02-25,0.0,0.0
2016-04-12,15226.5,15226.5
2016-11-28,451.34999999999997,451.34999999999997
2016-12-22,855.0,855.0
2017-06-07,3976.5,3976.5
2017-09-16,280249.14,280249.14
2017-09-20,1200.0,1200.0
2018-01-11,4870.5,4870.5
2018-01-12,323.25,323.25
2018-01-15,2523.0,2523.0
2018-01-16,11524.746,11524.746
2018-01-17,1439.7,1439.7
2018-01-18,3039.84,3039.84
2018-01-19,323.25,323.25
2018-01-22,786.3000000000001,786.3000000000001
2018-01-23,5803.482,5803.482
2018-01-29,525.0,525.0
2018-01-30,274.79999999999995,274.79999999999995
2018-01-31,194.39999999999998,194.39999999999998
2018-02-06,510.0,510.0
2018-02-07,180.0,180.0
2018-02-09,561.0,561.0
2018-02-13,1818.8999999999999,1818.8999999999999
2018-02-15,4621.86,4621.86
2018-02-16,495.0,495.0
2018-02-19,301.79999999999995,301.79999999999995
2018-02-22,586.05,586.0500000000001
2018-03-01,495.0,495.0
2018-03-05,4172.5289999999995,4172.529
2018-03-06,1269.6,1269.6
2018-03-08,2763.3,2763.2999999999997
2018-03-09,1736.6100000000001,1736.6100000000001
2018-03-14,9592.41,9592.41
2018-03-16,1966.884,1966.884
2018-03-22,2162.55,2162.5499999999997
2018-03-23,1111.884,1111.884
2018-03-24,4573.9169999999995,4573.9169999999995
2018-03-26,7739.142,7739.142
2018-03-28,495.0,495.0
2018-03-30,92.85,92.85
2018-04-02,61801.371,61801.37099999999
2018-04-03,3684.6359999999995,3684.6359999999995
2018-04-06,675.0,675.0
2018-04-11,1786.8000000000002,1786.8000000000002
2018-04-14,2100.774,2100.774
2018-04-16,5058.96,5058.96
2018-04-17,10711.8,10711.8
2018-04-19,29116.811999999998,29116.811999999998
2018-04-20,561.0,561.0
2018-04-24,662.7570000000001,662.7570000000001
2018-04-25,718.392,718.392
2018-04-26,2280.0,2280.0
2018-04-28,1155.6,1155.6
2018-05-03,2670.0,2670.0
2018-05-05,3646.5240000000003,3646.5239999999994
2018-05-07,3181.7999999999997,3181.8
2018-05-08,555.942,555.942
2018-05-09,390.0,390.0
2018-05-10,4700.400000000001,4700.400000000001
2018-05-12,896.9939999999999,896.994
2018-05-18,1359.114,1359.114
2018-05-19,3420.8459999999995,3420.8459999999995
2018-05-22,12014.400000000001,12014.4
2018-05-23,357.0,357.0
2018-05-25,20645.919,20645.919
2018-05-26,27044.751,27044.751
2018-05-28,26347.293,26347.293
2018-05-29,25322.619,25322.619000000002
2018-05-30,29577.237,29577.237
2018-05-31,4610.49,4610.490000000001
2018-06-01,13440.855,13440.855000000003
2018-06-02,19143.96,19143.96
2018-06-04,19618.02,19618.020000000004
2018-06-06,746.415,746.415
2018-06-11,287.4,287.4
2018-06-12,4843.176,4843.176
2018-06-13,2991.8999999999996,2991.8999999999996
2018-06-14,732.0,732.0
2018-06-20,13282.479000000001,13282.479000000001
2018-06-21,4113.0,4113.0
2018-06-22,3288.048,3288.048
2018-06-25,4340.778,4340.778
2018-06-28,8761.181999999999,8761.182
2018-06-29,1050.0,1050.0
2018-06-30,1540.1999999999998,1540.1999999999998
2018-07-02,43491.126000000004,43491.126000000004
2018-07-04,8930.442,8930.442
2018-07-09,578.736,578.736
2018-07-10,3498.75,3498.7499999999995
2018-07-13,1937.184,1937.184
2018-07-14,45087.765,45087.765
2018-07-20,37767.084,37767.083999999995
2018-07-23,2538.0,2538.0
2018-07-28,75.0,75.0
2018-08-01,75.0,75.0
2018-08-02,6381.93,6381.929999999999
2018-08-03,15334.542,15334.541999999998
2018-08-06,1227.0,1227.0
2018-08-07,23933.352,23933.352
2018-08-08,930.0,930.0
2018-08-09,73.19999999999999,73.19999999999999
2018-08-14,67022.16900000001,67022.16900000001
2018-08-15,1543.98,1543.9800000000002
2018-08-16,42929.28,42929.280000000006
2018-08-17,8661.18,8661.18
2018-08-20,1479.9,1479.9
2018-08-23,4783.41,4783.410000000001
2018-08-28,4725.0,4725.0
2018-08-31,6428.256,6428.256000000001
2018-09-03,11550.45,11550.45
2018-09-04,571.8,571.8
2018-09-05,9186.779999999999,9186.78
2018-09-06,11920.41,11920.410000000002
2018-09-12,782.415,782.415
2018-09-15,405.0,405.0
2018-09-17,150.0,150.0
2018-09-18,752.0550000000001,752.0550000000001
2018-09-21,1672.1999999999998,1672.1999999999998
2018-09-26,5583.567,5583.567000000001
2018-09-27,8385.222,8385.222
2018-09-28,1215.0,1215.0
2018-10-02,5030.1449999999995,5030.145
2018-10-04,33407.763,33407.763
2018-10-08,675.0,675.0
2018-10-09,2818.245,2818.2449999999994
2018-10-10,5859.252,5859.252
2018-10-12,65571.738,65571.738
2018-10-13,4305.0,4305.0
2018-10-15,344.70000000000005,344.70000000000005
2018-10-18,6261.507,6261.507
2018-10-23,1357.95,1357.9499999999998
2018-10-25,5685.72,5685.72
2018-10-26,495.0,495.0
2018-10-29,4723.545,4723.545
2018-10-30,25038.174,25038.174
2018-10-31,252688.638,252688.638
2018-11-01,2560.41,2560.41
2018-11-05,50032.725,50032.725
2018-11-06,43911.615,43911.61499999999
2018-11-07,54583.884,54583.884
2018-11-12,5203.623,5203.623
2018-11-14,41953.926,41953.92600000001
2018-11-16,29428.92,29428.92
2018-11-19,574.584,574.584
2018-11-21,50378.541,50378.541
2018-11-22,63738.723000000005,63738.723000000005
2018-11-24,6205.32,6205.32
2018-11-27,3162.66,3162.6599999999994
2018-11-28,6746.34,6746.339999999999
2018-11-29,10869.501,10869.501000000002
2018-11-30,1252.5330000000001,1252.5330000000001
2018-12-03,3747.6449999999995,3747.6449999999995
2018-12-06,690.0,690.0
2018-12-08,30168.228,30168.228
2018-12-10,684.0,684.0
2018-12-13,6561.0,6561.0
2018-12-14,131.25,131.25
2018-12-17,1947.06,1947.06
2018-12-19,1947.06,1947.06
2018-12-22,47395.89,47395.89
2018-12-24,18203.547,18203.547
2018-12-31,90000.0,90000.0
2019-01-03,16985.094,16985.094
2019-01-04,4524.075,4524.074999999999
2019-01-08,13261.076999999997,13261.076999999997
2019-01-09,1153.1999999999998,1153.1999999999998
2019-01-11,516.1500000000001,516.1500000000001
2019-01-12,644.4000000000001,644.4000000000001
2019-01-15,11966.634,11966.634
2019-01-17,2100.0,2100.0
2019-01-18,2683.5,2683.5
2019-01-22,227010.027,227010.027
2019-01-23,216.783,216.783
2019-01-24,495.0,495.0
2019-01-28,2889.93,2889.93
2019-01-30,137356.13999999998,137356.14
2019-01-31,1050.0,1050.0
2019-02-01,223276.638,223276.638
2019-02-04,21580.44,21580.44
2019-02-06,5238624.366,5238624.366
2019-02-07,150.0,150.0
2019-02-08,744124.281,744124.281
2019-02-11,13639.05,13639.049999999997
2019-02-13,50459.703,50459.703
2019-02-15,4699.9529999999995,4699.9529999999995
2019-02-16,23880.978,23880.978
2019-02-18,495.0,495.0
2019-02-19,840.0,840.0
2019-02-21,6390.0,6390.0
2019-02-22,1880.55,1880.55
2019-02-25,68361.987,68361.987
2019-02-27,6390.0,6390.0
2019-03-01,5299.509,5299.509
2019-03-02,757.08,757.08
2019-03-04,915.72,915.72
2019-03-05,25246.92,25246.919999999995
2019-03-06,371.1,371.1
2019-03-08,13161.69,13161.69
2019-03-09,66944.184,66944.184
2019-03-11,16990.876,16990.876
2019-03-12,300.0,300.0
2019-03-13,48754.743,48754.742999999995
2019-03-14,1950.0,1950.0
2019-03-15,107101.79999999999,107101.79999999999
2019-03-19,2383.245,2383.245
2019-03-21,495.0,495.0
2019-03-22,8993.4,8993.4
2019-03-25,1452.0,1452.0
2019-03-28,9630.918,9630.918
2019-03-29,11377.494,11377.494
2019-03-30,18701.742,18701.742
2019-03-31,875458.88,875458.88
2019-04-02,17544.642,17544.642
2019-04-03,40782.024,40782.024
2019-04-04,2730.3,2730.3
2019-04-08,458296.977,458296.977
2019-04-10,155523.318,155523.318
2019-04-11,100501.989,100501.989
2019-04-12,198980.385,198980.385
2019-04-16,234290.55000000002,234290.55000000002
2019-04-17,6479.178,6479.178
2019-04-18,2245.245,2245.245
2019-04-19,649.8,649.8
2019-04-22,7320.0,7320.0
2019-04-23,6658.799999999999,6658.799999999999
2019-04-24,2001.3899999999999,2001.3899999999999
2019-04-25,50628.0,50628.0
2019-04-27,1080.0,1080.0
2019-04-29,91639.5,91639.5
2019-04-30,108207.813,108207.81300000001
2019-05-02,232039.992,232039.99200000003
2019-05-07,6153.6,6153.599999999999
2019-05-08,720.0,720.0
2019-05-09,728.415,728.415
2019-05-10,3135.0,3135.0
2019-05-13,12840.729,12840.729000000001
2019-05-14,3023.097,3023.0969999999998
2019-05-15,1260.0,1260.0
2019-05-16,11643.779999999999,11643.779999999999
2019-05-17,960.0,960.0
2019-05-20,5781.6,5781.6
2019-05-22,40774.041,40774.041
2019-05-24,3072.3450000000003,3072.345
2019-05-25,2940.0,2940.0
2019-05-27,9894.0,9894.0
2019-05-29,744.0,744.0
2019-05-31,3990.0750000000003,3990.074999999999
2019-06-03,791717.6039999999,791717.6040000002
2019-06-04,6236.976,6236.976
2019-06-10,1200.0,1200.0
2019-06-11,29888.699999999997,29888.7
2019-06-12,2087.496,2087.496
2019-06-13,51000.0,51000.0
2019-06-14,2400.0,2400.0
2019-06-15,4485.299999999999,4485.299999999999
2019-06-17,2975.463,2975.463
2019-06-18,129414.29999999999,129414.29999999999
2019-06-19,6478.208999999999,6478.208999999999
2019-06-24,11444.55,11444.55
2019-06-26,10248.951000000001,10248.951
2019-07-02,107101.79999999999,107101.79999999999
2019-07-04,6138684.078,6138684.078
2019-07-05,12239.414999999999,12239.414999999999
2019-07-07,3853.7999999999997,3853.7999999999997
2019-07-08,68567.091,68567.09099999999
2019-07-09,1895.6999999999998,1895.7
2019-07-10,391915.587,391915.587
2019-07-18,180.3,180.3
2019-07-19,153.52499999999998,153.52499999999998
2019-07-23,15538.8,15538.800000000001
2019-07-24,8139.6449999999995,8139.645
2019-07-26,9337.473,9337.473000000002
2019-07-30,248.16,248.16
2019-07-31,15898.5,15898.5
2019-08-01,9997.8,9997.8
2019-08-06,19477.23,19477.23
2019-08-07,15166.086,15166.086
2019-08-15,33271.8,33271.8
2019-08-19,11737.8,11737.800000000001
2019-08-21,72038.691,72038.691
2019-08-29,19996.113,19996.113
2019-08-30,212653.11,212653.11000000002
2019-08-31,2553.0,2553.0
2019-09-02,9209.49,9209.490000000002
2019-09-03,3484.3500000000004,3484.3500000000004
2019-09-04,109616.13,109616.13
2019-09-07,570.0,570.0
2019-09-09,646.2,646.2
2019-09-10,8468.538,8468.538
2019-09-11,25875.96,25875.96
2019-09-13,714.0,714.0
2019-09-17,4466.099999999999,4466.099999999999
2019-09-18,153060.0,153060.0
2019-09-19,23691.57,23691.57
2019-09-23,840.0,840.0
2019-09-25,2505.0,2505.0
2019-09-26,157777.83000000002,157777.83000000002
2019-09-27,4953.4800000000005,4953.4800000000005
2019-09-30,226638.0,226638.0
2019-10-01,2088.3,2088.3
2019-10-03,4122.0599999999995,4122.06
2019-10-04,1005.0,1005.0
2019-10-07,151.8,151.8
2019-10-08,1088.415,1088.415
2019-10-09,109581.18,109581.18
2019-10-10,649.8,649.8
2019-10-11,7223.16,7223.16
2019-10-14,17981.001,17981.001
2019-10-16,9997.8,9997.8
2019-10-17,9923.7,9923.7
2019-10-19,28380.0,28380.0
2019-10-22,11727.3,11727.3
2019-10-25,855.0,855.0
2019-10-29,2279.16,2279.16
2019-10-30,6458.961,6458.961
2019-11-01,1189.8,1189.8000000000002
2019-11-04,1245.0,1245.0
2019-11-07,4190.997,4190.997
2019-11-11,225390.0,225390.0
2019-11-15,8415.599999999999,8415.6
2019-11-19,3141.0,3141.0
2019-11-22,58527.066,58527.066000000006
2019-11-25,3640.8,3640.7999999999997
2019-11-28,2220.3720000000003,2220.3720000000003
2019-11-30,46.73,46.73
2019-12-02,1412.415,1412.415
2019-12-03,2143.44,2143.44
2019-12-06,17582.709000000003,17582.709000000003
2019-12-12,28122.0,28122.0
2019-12-17,8036.099999999999,8036.1
2019-12-18,2076.0,2076.0
2019-12-19,20130.597,20130.596999999998
2019-12-20,2475.0,2475.0
2019-12-21,885.0,885.0
2019-12-23,32700.0,32700.0
2019-12-24,1082.1,1082.1000000000001
2019-12-25,1855.62,1855.62
2020-01-07,8644.02,8644.02
2020-01-08,2807.1000000000004,2807.1000000000004
2020-01-09,728.415,728.415
2020-01-10,10994.715,10994.715
2020-01-13,79350.0,79350.0
2020-01-16,18360.0,18360.0
2020-01-17,104814.0,104814.0
2020-01-21,36510.0,36510.0
2020-01-27,3090.0,3090.0
2020-01-28,21390.0,21390.0
2020-01-29,180.3,180.3
2020-01-30,9990.0,9990.0
2020-01-31,4107.299999999999,4107.299999999999
2020-02-04,37500.0,37500.0
2020-02-05,5932.5,5932.5
2020-02-06,450.0,450.0
2020-02-07,24377.496,24377.496
2020-02-08,22680.0,22680.0
2020-02-10,101521.65,101521.65000000002
2020-02-12,2280.0,2280.0
2020-02-14,142965.0,142965.0
2020-02-19,160185.0,160185.0
2020-02-21,4401.0,4401.0
2020-02-24,5888.549999999999,5888.549999999999
2020-02-25,11940.0,11940.0
2020-02-26,30.0,30.0
2020-02-27,12994.044,12994.044
2020-02-28,16639.32,16639.32
2020-03-02,3724.887,3724.8870000000006
2020-03-03,34008.0,34008.0
2020-03-04,728.415,728.415
2020-03-05,1869.615,1869.6149999999998
2020-03-09,644.4000000000001,644.4000000000001
2020-03-11,57840.0,57840.0
2020-03-16,4004.8109999999997,4004.8109999999997
2020-04-01,223649.316,223649.316
2020-04-02,4410.0,4410.0
2020-04-08,39794.43,39794.43000000001
2020-04-10,222004.632,222004.632
2020-04-11,752.415,752.415
2020-04-15,24446.07,24446.070000000003
2020-04-16,13349.442000000001,13349.442000000001
2020-04-17,7182.6539999999995,7182.654
2020-04-18,22097.049,22097.049
2020-04-22,25860.0,25860.0
2020-04-23,6421.799999999999,6421.799999999999
2020-04-29,11820.0,11820.0
2020-04-30,3431.484,3431.484
2020-05-04,19440.948,19440.948
2020-05-05,9075.0,9075.0
2020-05-06,19752.6,19752.6
2020-05-07,750.0,750.0
2020-05-09,1647.7649999999999,1647.7649999999999
2020-05-11,714.0,714.0
2020-05-12,900.0,900.0
2020-05-16,600.0,600.0
2020-05-19,76311.29999999999,76311.29999999999
2020-05-20,32504.853000000003,32504.853000000003
2020-05-21,6322.799999999999,6322.799999999999
2020-05-22,125711.08499999999,125711.08499999999
2020-06-01,3256.8,3256.7999999999997
2020-06-03,768.0,768.0
2020-06-04,13515.609,13515.609
2020-06-09,2401.245,2401.245
2020-06-10,1803.0,1803.0
2020-06-11,125.0,125.0
2020-06-12,42652.383,42652.383
2020-06-15,8657.565,8657.565
2020-06-18,28710.0,28710.0
2020-06-20,3954.3,3954.2999999999997
2020-06-22,1707.0,1707.0
2020-06-23,20346.54,20346.54
2020-06-24,37976.253,37976.253
2020-06-25,750.0,750.0
2020-06-26,709.8,709.8
2020-06-29,1905.3809999999999,1905.3809999999999
2020-06-30,20347.251,20347.250999999997
2020-07-01,24410.685,24410.685
2020-07-02,27449.096999999998,27449.097000000005
2020-07-03,25761.51,25761.510000000002
2020-07-04,1879.3619999999999,1879.3619999999999
2020-07-08,1549.83,1549.8300000000002
2020-07-09,2580.0,2580.0
2020-07-13,12895.905,12895.905
2020-07-16,22993.65,22993.649999999998
2020-07-17,3555.0,3555.0
2020-07-21,72859.77900000001,72859.779
2020-07-22,8040.1050000000005,8040.1050000000005
2020-07-24,22616.736,22616.735999999997
2020-07-27,2642.694,2642.694
2020-07-29,11845.724999999999,11845.724999999999
2020-08-03,104601.144,104601.14399999999
2020-08-04,56111.157,56111.15700000001
2020-08-05,26378.961,26378.961000000003
2020-08-07,11516.343,11516.343
2020-08-08,170340.0,170340.0
2020-08-10,646.2,646.2
2020-08-11,180.3,180.3
2020-08-12,646.2,646.2
2020-08-14,11533.026,11533.026
2020-08-18,4816.799999999999,4816.799999999999
2020-08-19,12753.525000000001,12753.525
2020-08-21,76101.0,76101.0
2020-08-24,41580.0,41580.0
2020-08-25,14238.948,14238.948
2020-08-26,11621.762999999999,11621.762999999999
2020-08-27,269.54999999999995,269.54999999999995
2020-08-28,36072.204,36072.204
2020-08-31,801.0,801.0
2020-09-02,9432.06,9432.06
2020-09-03,1686.0,1686.0
2020-09-07,3255.0,3255.0
2020-09-09,80202.975,80202.97499999999
2020-09-10,58499.958,58499.958
2020-09-11,18633.84,18633.839999999997
2020-09-14,20229.690000000002,20229.690000000002
2020-09-15,11932.038,11932.038
2020-09-16,8088.4259999999995,8088.4259999999995
2020-09-17,24678.6,24678.600000000002
2020-09-18,19249.800000000003,19249.800000000003
2020-09-21,13796.25,13796.25
2020-09-22,27440.424,27440.424000000003
2020-09-23,930.0,930.0
2020-09-25,16854.258,16854.258
2020-10-01,3390.0,3390.0
2020-10-02,7068.0,7068.0
2020-10-05,6059.7,6059.700000000001
2020-10-06,75220.5,75220.5
2020-10-07,4816.799999999999,4816.799999999999
2020-10-08,13924.8,13924.800000000001
2020-10-09,132465.63900000002,132465.63900000002
2020-10-13,2833.086,2833.086
2020-10-14,23201.922,23201.922
2020-10-16,5181.0,5181.0
2020-10-19,214648.476,214648.47600000002
2020-10-20,76261.581,76261.581
2020-10-22,2400.0,2400.0
2020-10-24,17927.844,17927.843999999997
2020-10-26,924.0,924.0
2020-10-27,68460.0,68460.0
2020-10-28,6959.3099999999995,6959.3099999999995
2020-10-29,50.0,50.0
2020-10-30,9239.7,9239.7
2020-11-02,3208.5,3208.5
2020-11-06,4366.2,4366.2
2020-11-11,418839.0,418839.0
2020-11-12,108558.6,108558.6
2020-11-13,1333.98,1333.98
2020-11-16,504.0,504.0
2020-11-17,4323.75,4323.75
2020-11-18,2302.8,2302.8
2020-11-19,6058.5,6058.500000000001
2020-11-20,537.3,537.3
2020-11-24,17321.052,17321.052000000003
2020-11-30,3393.2999999999997,3393.2999999999997
2020-12-02,14995.800000000001,14995.800000000001
2020-12-08,3684.6000000000004,3684.6000000000004
2020-12-09,11239.5,11239.5
2020-12-10,38802.0,38802.0
2020-12-11,2960.7,2960.7
2020-12-15,1665.0,1665.0
2020-12-16,85436.841,85436.841
2020-12-17,3510.0,3510.0
2020-12-18,1755.0,1755.0
2020-12-19,4174.799999999999,4174.799999999999
2020-12-23,27368.25,27368.25
2020-12-24,25407.252,25407.252
2020-12-25,24228.15,24228.15
2020-12-26,1800.75,1800.75
2020-12-28,28257.0,28257.0
2020-12-30,2092.5,2092.5
2021-01-04,71223.29999999999,71223.29999999999
2021-01-05,93805.79999999999,93805.79999999999
2021-01-06,8747.55,8747.55
2021-01-08,643.8,643.8
2021-01-11,32430.510000000002,32430.51
2021-01-12,87257.469,87257.46900000001
2021-01-13,34642.32,34642.32
2021-01-15,3690.0,3690.0
2021-01-17,4495.799999999999,4495.799999999999
2021-01-19,51041.100000000006,51041.1
2021-01-20,4285.799999999999,4285.799999999999
2021-01-21,2813.1000000000004,2813.1
2021-01-22,1456.1999999999998,1456.2
2021-01-23,9810.0,9810.0
2021-01-26,32373.372,32373.372
2021-01-28,110199.75,110199.75
2021-02-02,146220.0,146220.0
2021-02-04,106734.15,106734.15
2021-02-05,18169.35,18169.35
2021-02-09,6292.599999999999,6292.599999999999
2021-02-10,3690.87,3690.87
2021-02-11,288.90000000000003,288.90000000000003
2021-02-12,18450.0,18450.0
2021-02-15,2679.3,2679.3
2021-02-16,130346.025,130346.025
2021-02-17,6822.0,6822.0
2021-02-18,9810.0,9810.0
2021-02-19,21689.25,21689.25
2021-02-20,10099.8,10099.8
2021-02-23,14705.400000000001,14705.400000000001
2021-02-24,12330.0,12330.0
2021-02-25,2955.0,2955.0
2021-02-26,555.0,555.0
2021-02-27,2786.1000000000004,2786.1
2021-03-01,412.68,412.68
2021-03-02,497921.388,497921.388
2021-03-03,11580.3,11580.300000000001
2021-03-04,29092.682999999997,29092.683
2021-03-05,165584.871,165584.871
2021-03-08,59572.08,59572.08
2021-03-11,60.0,60.0
2021-03-12,2340.0,2340.0
2021-03-15,5456.4,5456.4
2021-03-16,223344.429,223344.429
2021-03-19,184080.0,184080.0
2021-03-22,7479.92,7479.92
2021-03-23,1248.0,1248.0
2021-03-26,57090.299999999996,57090.299999999996
2021-03-29,4320.0,4320.0
2021-03-30,18042.0,18042.0
2021-03-31,9034.295999999998,9034.295999999998
2021-04-01,103833.29999999999,103833.29999999999
2021-04-02,8205.78,8205.78
2021-04-06,110574.504,110574.50399999999
2021-04-08,162979.8,162979.8
2021-04-11,0.0,0.0
2021-04-12,20657.34,20657.34
2021-04-13,34631.100000000006,34631.100000000006
2021-04-14,21540.0,21540.0
2021-04-15,10260.0,10260.0
2021-04-19,7050.0,7050.0
2021-04-20,7869.0,7869.0
2021-04-21,5966.46,5966.460000000001
2021-04-22,3000.0,3000.0
2021-04-23,12636.81,12636.810000000001
2021-04-24,1879.3619999999999,1879.3619999999999
2021-04-26,4596.9,4596.9
2021-04-27,27717.0,27717.0
2021-04-28,92625.0,92625.0
2021-04-29,4996.799999999999,4996.799999999999
2021-04-30,3150.0,3150.0
2021-05-03,750001.8,750001.8
2021-05-04,381238.86,381238.86
2021-05-05,111423.408,111423.408
2021-05-06,4380.0,4380.0
2021-05-10,59969.445,59969.445
2021-05-15,3577.8,3577.7999999999997
2021-05-17,4510.95,4510.950000000001
2021-05-19,19602.045000000002,19602.045
2021-05-21,6999.264,6999.263999999999
2021-05-24,285952.97099999996,285952.971
2021-05-25,32962.188,32962.188
2021-05-26,515386.48199999996,515386.4820000001
2021-05-27,246231.252,246231.252
2021-05-28,46484.985,46484.98499999999
2021-05-29,32857.062,32857.062
2021-05-31,686566.0700000001,686566.07
2021-06-01,622024.1370000001,622024.137
2021-06-02,5509.8060000000005,5509.8060000000005
2021-06-03,3393.1499999999996,3393.15
2021-06-04,12975.75,12975.75
2021-06-05,14460.0,14460.0
2021-06-07,1365.0,1365.0
2021-06-08,155173.929,155173.92899999997
2021-06-09,216382.416,216382.41600000003
2021-06-10,400602.28500000003,400602.28500000003
2021-06-11,47920.056,47920.056
2021-06-14,281835.08999999997,281835.08999999997
2021-06-15,185142.321,185142.321
2021-06-16,18792.63,18792.63
2021-06-17,35094.0,35094.0
2021-06-18,35874.33,35874.33
2021-06-21,3768.8999999999996,3768.8999999999996
2021-06-23,355862.481,355862.481
2021-06-24,4538.526,4538.526
2021-06-26,15983.849999999999,15983.85
2021-06-28,167772.85,167772.85
2021-06-29,4622.05,4622.05
2021-06-30,28535.25,28535.25
2021-07-01,237825.876,237825.876
2021-07-02,131009.4,131009.4
2021-07-05,1072986.657,1072986.657
2021-07-06,103162.29000000001,103162.29000000001
2021-07-07,220758.294,220758.294
2021-07-13,338617.94100000005,338617.941
2021-07-14,53695.56,53695.56
2021-07-16,3900.0,3900.0
2021-07-17,10020.0,10020.0
2021-07-23,24990.600000000002,24990.600000000002
2021-07-27,16768.5,16768.5
2021-07-28,55393.409999999996,55393.41
2021-07-29,34781.1,34781.100000000006
2021-07-30,3520.3500000000004,3520.3500000000004
2021-08-01,0.0,0.0
2021-08-02,705.0,705.0
2021-08-03,353407.80000000005,353407.80000000005
2021-08-05,117635.70000000001,117635.70000000001
2021-08-06,7440.0,7440.0
2021-08-09,3612.0,3612.0
2021-08-11,75.0,75.0
2021-08-12,95473.101,95473.101
2021-08-16,121337.53499999999,121337.535
2021-08-17,6856.14,6856.14
2021-08-18,2475.0,2475.0
2021-08-19,23100.0,23100.0
2021-08-20,56424.354,56424.354
2021-08-24,658.8,658.8
2021-08-28,5448.93,5448.93
2021-08-30,14970.0,14970.0
2021-08-31,114744.6,114744.6
2021-09-01,71223.29999999999,71223.29999999999
2021-09-02,265710.0,265710.0
2021-09-03,2494.032,2494.032
2021-09-04,212.088,212.088
2021-09-06,2251.5,2251.5
2021-09-08,2194.8,2194.8
2021-09-09,48834.0,48833.99999999999
2021-09-10,42651.75,42651.75
2021-09-13,6088.68,6088.68
2021-09-14,7029.299999999999,7029.3
2021-09-15,31199.154,31199.154
2021-09-16,170473.31999999998,170473.32
2021-09-17,426.97,426.97
2021-09-20,17350.5,17350.5
2021-09-21,1925.6999999999998,1925.6999999999998
2021-09-22,30567.0,30567.0
2021-09-24,50865.42,50865.42
2021-09-27,52058.520000000004,52058.52
2021-09-28,23021.25,23021.25
2021-09-29,130030.35,130030.34999999999
2021-09-30,316065.0,316065.0
2021-10-01,74973.59999999999,74973.59999999999
2021-10-02,16500.0,16500.0
2021-10-04,3408.6000000000004,3408.6
2021-10-05,366.0,366.0
2021-10-06,17221.05,17221.05
2021-10-07,9000.0,9000.0
2021-10-08,6135.0,6135.0
2021-10-11,1461.0,1461.0
2021-10-13,5681.3,5551.3
2021-10-14,7440.0,7440.0
2021-10-15,7837.68,7837.68
2021-10-16,3780.18,3780.18
2021-10-19,119311.626,119311.62599999999
2021-10-20,21818.9,21818.9
2021-10-21,24355.787,24347.617
2021-10-22,222093.76799999998,222093.76799999998
2021-10-23,48825.87,48825.87
2021-10-25,347163.2,347163.2
2021-10-26,72065.32500000001,72065.32500000001
2021-10-27,11244.417000000001,11244.417000000001
2021-10-28,51041.217,51041.217000000004
2021-10-29,10586.985,10586.985
2021-10-30,5415.0,5415.0
2021-10-31,59.6,59.6
2021-11-01,325980.3,325980.29999999993
2021-11-02,28866.408,28866.408000000003
2021-11-03,42627.6,42627.600000000006
2021-11-04,54893.64,54893.64000000001
2021-11-05,64858.464,64858.464
2021-11-08,3057.0,2953.0
2021-11-10,4270.799999999999,4270.799999999999
2021-11-11,5433.45,5433.45
2021-11-12,9.0,9.0
2021-11-13,17817.0,17817.0
2021-11-15,564579.271,564579.2710000001
2021-11-16,98272.26,98272.26000000001
2021-11-17,135523.812,135523.812
2021-11-18,24256.5,24256.5
2021-11-19,528067.201,528044.5420000001
2021-11-21,19.0,19.0
2021-11-22,55141.263,55141.263000000006
2021-11-23,113679.228,113679.228
2021-11-24,68803.05900000001,68803.05900000001
2021-11-25,52952.41,52758.61
2021-11-26,67132.861,67132.861
2021-11-27,10010.2,10010.2
2021-11-29,30026.197,30015.057999999997
2021-11-30,91180.433,91053.133
2021-12-01,168705.819,168663.10000000003
2021-12-02,48720.93000000001,48629.73
2021-12-03,44207.321,44207.320999999996
2021-12-06,34779.399999999994,34779.399999999994
2021-12-07,1136005.58,1135963.18
2021-12-08,263769.84,263769.84
2021-12-09,50024.223,50024.223
2021-12-10,12567.6,12567.599999999999
2021-12-11,24244.6,24077.6
2021-12-13,9537.79,9411.18
2021-12-14,151747.112,151122.107
2021-12-15,50947.848,50947.848
2021-12-16,24409.2,24409.200000000004
2021-12-17,117.958,99.124
2021-12-18,78233.445,77895.498
2021-12-19,71.1,71.1
2021-12-20,167363.595,147622.37099999998
2021-12-21,17997.9,17997.9
2021-12-22,65125.01,64967.51
2021-12-23,242656.75300000003,242526.513
2021-12-24,16708.602,16708.602
2021-12-25,7660.2,7660.200000000001
2021-12-27,62948.130000000005,56841.149999999994
2021-12-28,294569.694,294087.54
2021-12-29,82247.245,77397.17
2021-12-30,190456.762,190384.562
2021-12-31,243667.992,243356.927
2022-01-01,12619.06,12619.06
2022-01-02,175.825,175.825
2022-01-03,207804.582,181909.375
2022-01-04,15247.289999999999,15019.29
2022-01-05,24484.188000000002,23089.063000000002
2022-01-06,195495.28100000002,192654.095
2022-01-07,26241.21,23787.071999999996
2022-01-08,27421.32,25745.519999999997
2022-01-10,194525.988,187655.74800000002
2022-01-11,126201.207,121401.006
2022-01-12,610951.16,610822.886
2022-01-13,44280.916,42952.754
2022-01-14,26762.247,25464.521999999997
2022-01-15,243061.24599999998,242759.024
2022-01-16,1489.27,1489.27
2022-01-17,57500.397000000004,55819.275000000016
2022-01-18,264677.70900000003,259963.554
2022-01-19,45158.088,44483.991
2022-01-20,4231151.886,3557232.946
2022-01-21,174404.583,174188.076
2022-01-22,2788.0660000000003,2356.924
2022-01-23,238.0,238.0
2022-01-24,111755.00200000001,110205.631
2022-01-25,261971.93300000002,260745.38699999996
2022-01-26,103690.462,100226.41000000002
2022-01-27,154077.225,151364.61600000004
2022-01-28,77139.934,76692.77100000001
2022-01-29,936.642,788.052
2022-01-31,1385489.418,1382827.1409999998
2022-02-01,261916.137,257163.72699999998
2022-02-02,1785506.268,1764132.186
2022-02-03,271890.424,271020.136
2022-02-04,56821.252,55069.05099999999
2022-02-05,237546.73799999998,237133.79100000003
2022-02-07,35838.747,35230.118
2022-02-08,310387.146,299130.46499999997
2022-02-09,56711.123999999996,55980.350999999995
2022-02-10,255991.719,254623.43100000004
2022-02-11,120951.72899999999,119135.28499999996
2022-02-12,465.078,440.54099999999994
2022-02-14,297691.462,293505.919
2022-02-15,263492.85,259587.802
2022-02-16,57032.275,55951.891
2022-02-17,71895.981,66415.722
2022-02-18,64121.361,63718.433999999994
2022-02-19,41600.01,41257.06
2022-02-20,2158.982,2105.246
2022-02-21,110239.038,108294.20700000002
2022-02-22,838585.525,836980.3420000001
2022-02-23,171361.451,168595.076
2022-02-24,188154.785,184262.59999999998
2022-02-25,103278.298,98567.72499999999
2022-02-26,7880.396,7652.698000000002
2022-02-27,142407.41,142407.41
2022-02-28,1173074.509,1113801.4209999996
2022-03-01,712753.318,706282.129
2022-03-02,488438.111,474286.1429999999
2022-03-03,24557.992,23332.462
2022-03-04,325047.925,323577.705
2022-03-05,8163.589999999999,7856.99
2022-03-06,824.0,824.0
2022-03-07,227416.697,226733.57499999995
2022-03-08,309841.564,308477.272
2022-03-09,101271.333,100195.43100000001
2022-03-10,298861.058,290398.24299999996
2022-03-11,344593.524,342591.285
2022-03-12,7945.069,6849.206000000001
2022-03-13,493.659,440.287
2022-03-14,333536.394,331603.15499999997
2022-03-15,175728.62099999998,174629.703
2022-03-16,114634.728,112022.90100000001
2022-03-17,559395.034,546666.044
2022-03-18,331643.995,326350.09199999995
2022-03-19,11855.841,10828.989000000001
2022-03-20,1329.366,1329.366
2022-03-21,268684.727,265842.71599999996
2022-03-22,59067.969,56757.604999999996
2022-03-23,1003742.977,994851.5799999998
2022-03-24,184397.536,181005.50799999997
2022-03-25,95329.741,93539.90299999999
2022-03-26,687728.2019999999,684789.1860000001
2022-03-27,1110.484,1064.8200000000002
2022-03-28,377420.376,374096.756
2022-03-29,387334.401,384413.7150000001
2022-03-30,98370.041,97506.83600000001
2022-03-31,75179.842,72205.91900000001
2022-04-01,440361.75899999996,437898.349
2022-04-02,6508.8,6379.983
2022-04-03,101222.036,85319.03600000001
2022-04-04,617754.748,616534.2019999999
2022-04-05,273257.289,269767.72400000005
2022-04-06,30576.963,29805.944999999992
2022-04-07,108764.759,107842.97200000001
2022-04-08,90101.91500000001,89140.344
2022-04-09,345.0,322.43
2022-04-10,12055.785,11439.23
2022-04-11,36667.428,33779.455
2022-04-12,278000.73,277108.51
2022-04-13,138457.022,137839.217
2022-04-14,121036.447,113865.15400000001
2022-04-15,379091.876,365182.0559999999
2022-04-16,111612.39600000001,111057.557
2022-04-17,2151.395,2079.86
2022-04-18,334755.594,307137.588
2022-04-19,260084.612,246807.815
2022-04-20,1211706.339,1174474.2360000003
2022-04-21,55966.266,53936.172
2022-04-22,202465.062,199319.58100000003
2022-04-23,6056.01,5361.608
2022-04-24,869.29,801.1350000000001
2022-04-25,214278.66400000002,196543.985
2022-04-26,417728.947,413100.72
2022-04-27,242770.628,239799.00199999998
2022-04-28,157522.37,148772.406
2022-04-29,153000.644,151992.89
2022-04-30,91981.901,84804.566
2022-05-01,3109.368,3086.5679999999998
2022-05-02,446.0,446.0
2022-05-03,5985.25,5965.490000000001
2022-05-04,357075.94299999997,347234.378
2022-05-05,418120.064,413834.796
2022-05-06,114332.27100000001,110638.42500000002
2022-05-07,10900.413,10551.744
2022-05-08,1011.9459999999999,950.1759999999999
2022-05-09,60191.424999999996,58980.05499999999
2022-05-10,116219.258,111814.76200000002
2022-05-11,54776.263999999996,53931.953
2022-05-12,166489.343,164333.31900000002
2022-05-13,107745.239,103860.49099999998
2022-05-14,24221.398,22820.237999999998
2022-05-15,12191.064,12172.253
2022-05-16,138141.841,131606.048
2022-05-17,170962.172,168860.983
2022-05-18,154095.932,153462.836
2022-05-19,140497.90600000002,138005.24
2022-05-20,146831.029,145465.33299999998
2022-05-21,43861.405,42600.666000000005
2022-05-22,5372.38,5372.38
2022-05-23,333515.292,331521.935
2022-05-24,222458.859,219742.404
2022-05-25,166055.817,164209.637
2022-05-26,75005.32,73770.53199999999
2022-05-27,233872.626,232163.432
2022-05-28,11540.085,11345.385999999999
2022-05-29,41.096000000000004,37.676
2022-05-30,90756.79400000001,88688.728
2022-05-31,171463.851,166499.11500000005
2022-06-01,58850.49,56047.681000000004
2022-06-02,84860.321,80608.719
2022-06-03,161827.691,160751.23799999998
2022-06-04,37547.596,36639.30299999999
2022-06-06,46171.459,43946.43100000001
2022-06-07,370955.119,370309.69000000006
2022-06-08,74698.182,73022.318
2022-06-09,252471.555,251660.659
2022-06-10,20659.436,19864.684999999998
2022-06-11,2227.55,2190.5
2022-06-12,467.976,467.976
2022-06-13,531561.076,526132.896
2022-06-14,308933.254,307465.122
2022-06-15,24365.956000000002,23445.484
2022-06-16,71963.433,68962.287
2022-06-17,112877.56300000001,110879.783
2022-06-18,31142.708,30985.538999999997
2022-06-19,974.57,974.57
2022-06-20,193807.90300000002,192772.501
2022-06-21,130660.521,128155.2
2022-06-22,94723.137,92920.791
2022-06-23,76611.894,75769.68100000001
2022-06-24,13078.213,12264.856000000002
2022-06-25,18223.0,17299.4
2022-06-27,128818.753,127233.89500000002
2022-06-28,64266.997,64183.109000000004
2022-06-29,273555.496,270132.8069999999
2022-06-30,68252.935,66984.435
2022-07-01,375073.242,374469.37100000004
2022-07-03,1425.989,1388.349
2022-07-04,37708.172999999995,37447.12399999999
2022-07-05,145483.335,137534.251
2022-07-06,124577.867,115674.179
2022-07-07,178363.02,173186.15500000003
2022-07-08,42080.86,40247.377
2022-07-11,131909.027,130624.357
2022-07-12,542034.467,540617.296
2022-07-13,26061.599000000002,24401.939999999995
2022-07-14,75197.697,73466.50099999999
2022-07-15,59157.52,53136.365999999995
2022-07-16,21863.893,19540.026
2022-07-17,7425.0,7425.0
2022-07-18,48497.896,46478.034
2022-07-19,62435.67799999999,61673.831999999995
2022-07-20,195766.162,193402.849
2022-07-21,76183.925,75396.223
2022-07-22,46327.864,46097.792
2022-07-23,32365.374,31680.384999999995
2022-07-25,1305.0,1305.0
2022-07-26,568626.604,564447.353
2022-07-27,60676.601,60181.958999999995
2022-07-28,871382.701,869216.4599999998
2022-07-29,46124.399,44762.992
2022-07-30,66.0,66.0
2022-07-31,4890.9259999999995,4362.536
2022-08-01,490925.333,489849.9859999999
2022-08-02,221280.566,219202.557
2022-08-03,41256.134,39979.264
2022-08-04,63711.22,61417.826
2022-08-05,51468.331,49622.63399999999
2022-08-06,8523.419,8365.529
2022-08-07,5212.5,5147.0470000000005
2022-08-08,100149.304,98520.623
2022-08-09,42460.315,41886.175999999985
2022-08-10,177075.508,173185.23300000004
2022-08-11,67498.379,66842.976
2022-08-12,735854.7220000001,722866.2799999999
2022-08-13,13919.041,13492.1
2022-08-14,8511.21,8304.318
2022-08-15,42021.405,40870.377
2022-08-16,71189.43400000001,69109.88999999998
2022-08-17,83404.34,81965.318
2022-08-18,62697.221,61249.915
2022-08-19,79740.92,78774.601
2022-08-20,71142.962,69786.647
2022-08-22,36251.883,35247.053
2022-08-23,303807.52,302779.48699999996
2022-08-24,210440.716,208199.407
2022-08-25,82248.803,79506.92100000003
2022-08-26,137494.167,136717.679
2022-08-27,147585.45799999998,147092.973
2022-08-28,32137.734,30945.428999999996
2022-08-29,108664.243,107929.026
2022-08-30,214995.39,213523.08299999998
2022-08-31,92836.995,87562.63500000001
2022-09-01,190292.657,186700.243
2022-09-02,77790.51299999999,72706.414
2022-09-03,16170.181999999999,15509.355000000001
2022-09-04,5212.96,5101.017
2022-09-05,104330.69,103133.642
2022-09-06,412338.89999999997,408214.453
2022-09-07,137512.644,132887.318
2022-09-08,94201.767,90242.28200000002
2022-09-09,146707.248,142922.681
2022-09-10,76002.072,75659.231
2022-09-11,5826.371,5644.411
2022-09-12,164895.89500000002,160526.33000000002
2022-09-13,163483.199,158340.686
2022-09-14,196856.603,182099.734
2022-09-15,90158.234,81732.15699999999
2022-09-16,413763.638,409695.54900000006
2022-09-17,19547.634,18089.644999999997
2022-09-18,156.446,149.606
2022-09-19,85460.03199999999,84844.69099999999
2022-09-20,932094.254,921515.366
2022-09-21,68361.342,67051.34400000001
2022-09-22,160711.855,159065.48
2022-09-23,148182.077,145814.952
2022-09-24,118815.407,118120.82800000001
2022-09-26,209940.142,208266.083
2022-09-27,72914.513,70536.719
2022-09-28,245711.68099999998,244811.26
2022-09-29,40891.457,39132.474
2022-09-30,96027.374,91124.624
2022-10-01,28612.93,28305.822000000004
2022-10-02,1244.984,1164.548
2022-10-03,209857.066,203761.76899999997
2022-10-04,107565.674,103182.627
2022-10-05,126265.368,120206.04100000003
2022-10-06,186528.597,181226.16899999997
2022-10-07,211469.139,204283.418
2022-10-08,5554.664000000001,5462.514000000001
2022-10-09,760.75,756.0
2022-10-10,302325.388,300843.493
2022-10-11,226338.7,222200.74999999997
2022-10-12,25252.026,24227.933999999997
2022-10-13,423426.86299999995,401218.88699999993
2022-10-14,121245.876,115004.961
2022-10-15,35617.507,31844.916
2022-10-16,1264.776,1264.776
2022-10-17,112310.78099999999,111363.174
2022-10-18,81533.098,80820.122
2022-10-19,41729.043,40608.346
2022-10-20,39522.989,37707.818
2022-10-21,144843.933,143904.794
2022-10-22,101448.822,100359.30500000001
2022-10-23,27003.985,27001.61
2022-10-24,128430.561,125915.282
2022-10-25,108379.751,107159.73700000001
2022-10-26,171851.122,169131.42099999997
2022-10-27,281885.879,278607.129
2022-10-28,307795.294,305027.537
2022-10-29,53334.531,52443.378
2022-10-30,18381.324,18320.714
2022-10-31,371121.779,359854.768
2022-11-01,123965.411,116413.411
2022-11-02,223127.813,220420.36200000002
2022-11-03,94859.90000000001,93547.27299999999
2022-11-04,201297.401,199562.47699999996
2022-11-05,9706.897,9281.279999999999
2022-11-06,4816.323,4807.013000000001
2022-11-07,454952.813,452704.2789999999
2022-11-08,212636.959,211198.712
2022-11-09,390957.80799999996,388440.14199999993
2022-11-10,81641.058,79193.555
2022-11-11,494853.92699999997,492260.73099999997
2022-11-12,69823.781,65301.497
2022-11-13,27737.92,27729.369999999995
2022-11-14,311189.007,308262.948
2022-11-15,171918.662,168179.89800000002
2022-11-16,303118.548,298690.377
2022-11-17,97077.37299999999,94632.509
2022-11-18,100379.496,98039.07
2022-11-19,17093.404000000002,16894.845999999998
2022-11-20,297.4,297.4
2022-11-21,127293.147,123028.769
2022-11-22,235267.865,232593.777
2022-11-23,218908.53,218072.665
2022-11-24,55795.409999999996,55279.11
2022-11-25,100888.083,100016.901
2022-11-26,22042.731,21965.396
2022-11-27,16475.649999999998,16286.407
2022-11-28,63989.1,62542.562999999995
2022-11-29,240440.306,237738.226
2022-11-30,188602.39,177028.50999999998
2022-12-01,633911.866,631955.5909999999
2022-12-02,40831.127,40209.835999999996
2022-12-03,3405.968,3277.306
2022-12-04,3171.249,3091.140999999999
2022-12-05,634608.1039999999,538882.4500000001
2022-12-06,13711.771,13396.938999999998
2022-12-07,111624.278,108737.607
2022-12-08,146163.405,144653.524
2022-12-09,52237.079,49864.683
2022-12-10,17765.311,17220.031
2022-12-11,1445.6779999999999,1443.3029999999999
2022-12-12,296830.419,290519.9689999999
2022-12-13,253187.83000000002,251077.37300000002
2022-12-14,106450.609,103712.43000000002
2022-12-15,148270.725,144884.309
2022-12-16,249227.891,247271.632
2022-12-17,2613.44,2560.9569999999994
2022-12-18,57921.887,57628.622
2022-12-19,136476.408,135239.24699999994
2022-12-20,333223.997,329729.7360000001
2022-12-21,95478.022,93527.18999999999
2022-12-22,251560.421,248203.20799999998
2022-12-23,166242.706,164656.6
2022-12-24,42610.039,38419.818
2022-12-25,2838.115,2826.9049999999997
2022-12-26,76069.816,72007.95499999999
2022-12-27,145577.367,142735.11000000002
2022-12-28,375409.158,346051.608
2022-12-29,102492.926,98452.40100000001
2022-12-30,176261.74,174802.90899999999
2022-12-31,475282.222,455198.037
2023-01-01,8672.872,7636.1990000000005
2023-01-02,136292.203,130381.451
2023-01-03,1002586.4990000001,1000602.7080000001
2023-01-04,107219.02100000001,94503.423
2023-01-05,241861.633,225690.32299999997
2023-01-06,284900.611,281501.01099999994
2023-01-07,10488.842,10247.714999999998
2023-01-08,30268.577999999998,30230.756
2023-01-09,81275.13799999999,79681.996
2023-01-10,100743.413,97940.734
2023-01-11,283817.707,283129.638
2023-01-12,65978.602,63158.676999999996
2023-01-13,116440.027,114695.02100000001
2023-01-14,82805.919,76534.908
2023-01-15,84259.43,84033.098
2023-01-16,179047.022,175595.769
2023-01-17,191413.044,189914.94400000002
2023-01-18,29235.932,27951.531000000003
2023-01-19,177658.986,173647.725
2023-01-20,149315.357,138832.195
2023-01-21,134402.156,131790.85100000002
2023-01-22,6128.937,6120.767
2023-01-23,101081.921,99982.002
2023-01-24,40356.392,39411.92700000001
2023-01-25,150101.34,139833.81699999998
2023-01-26,329542.425,328482.76699999993
2023-01-27,59328.429000000004,56229.193
2023-01-28,17038.957,16910.335
2023-01-29,1502.954,1464.574
2023-01-30,543030.999,532748.009
2023-01-31,477334.517,466786.054
2023-02-01,127747.896,124011.03300000001
2023-02-02,119845.667,117872.72
2023-02-03,159868.657,158349.99
2023-02-04,73399.353,73148.568
2023-02-05,5959.266,5842.226
2023-02-06,101034.789,99738.337
2023-02-07,90417.982,87273.562
2023-02-08,51264.399,50382.43199999999
2023-02-09,134890.911,133656.678
2023-02-10,224021.84699999998,223186.752
2023-02-11,40384.666,39642.425
2023-02-12,2250.344,2085.609
2023-02-13,168370.912,166719.477
2023-02-14,64111.719000000005,62831.334
2023-02-15,245334.481,239918.60500000004
2023-02-16,119236.853,117337.644
2023-02-17,105669.532,103277.656
2023-02-18,17377.996,17176.247
2023-02-19,2549.857,2543.017
2023-02-20,255632.381,241469.46
2023-02-21,206237.494,202872.54299999998
2023-02-22,123524.65,121616.67899999999
2023-02-23,142748.45,136915.885
2023-02-24,417511.791,414593.31299999997
2023-02-25,85307.333,84998.374
2023-02-26,2834.718,2524.01
2023-02-27,251624.813,249365.992
2023-02-28,498378.337,483542.51600000006
2023-03-01,105123.831,101013.41000000002
2023-03-02,159484.215,155802.46100000004
2023-03-03,64569.520000000004,63213.721999999994
2023-03-04,53189.441,50652.318999999996
2023-03-05,8921.582,8796.467
2023-03-06,210333.059,205363.277
2023-03-07,279385.201,272983.695
2023-03-08,123347.92700000001,122452.98599999998
2023-03-09,196643.64,192523.683
2023-03-10,247754.019,242463.484
2023-03-11,10312.266,9958.295999999998
2023-03-12,2587.4300000000003,2481.6290000000004
2023-03-13,505479.55999999994,501408.57499999995
2023-03-14,179255.7,166566.95800000007
2023-03-15,194601.388,186125.461
2023-03-16,149500.728,148082.465
2023-03-17,170555.128,168452.779
2023-03-18,43878.72,42321.174999999996
2023-03-19,6305.129,6305.128999999999
2023-03-20,74708.995,74340.593
2023-03-21,325459.627,322192.008
2023-03-22,98481.42700000001,96804.38500000001
2023-03-23,163784.231,162121.94999999998
2023-03-24,197969.989,197176.837
2023-03-25,103144.009,102433.14300000001
2023-03-26,3843.08,3843.08
2023-03-27,120068.32800000001,114990.90300000002
2023-03-28,195519.2,191010.327
2023-03-29,106130.186,102611.34499999999
2023-03-30,79953.63100000001,77550.732
2023-03-31,346927.558,334981.889
2023-04-01,105326.542,104655.281
2023-04-02,7981.842000000001,7926.758
2023-04-03,88319.39199999999,84780.231
2023-04-04,128008.49799999999,123891.55800000002
2023-04-05,558150.907,487228.497
2023-04-06,131678.953,126426.28400000001
2023-04-07,68293.766,64847.229999999996
2023-04-08,13824.421,12721.708999999999
2023-04-09,4752.617,4641.261
2023-04-10,813654.787,802969.213
2023-04-11,119729.83,118073.87400000001
2023-04-12,636457.407,629934.377
2023-04-13,111234.851,107400.98200000002
2023-04-14,37949.653,35892.187999999995
2023-04-15,13930.922999999999,12974.823999999997
2023-04-16,4138.211,4119.496
2023-04-17,65541.632,64123.459
2023-04-18,153566.758,144415.192
2023-04-19,99280.825,96808.324
2023-04-20,27805.503,26810.900999999998
2023-04-21,16894.989999999998,16894.989999999998
2023-04-22,6483.202,6234.667000000002
2023-04-23,4316.79,3944.902
2023-04-24,197979.48500000002,195923.86299999998
2023-04-25,220386.551,212992.05
2023-04-26,299497.036,295507.458
2023-04-27,131553.058,129088.78100000002
2023-04-28,292546.55,287910.533
2023-04-29,142952.731,140728.53899999996
2023-04-30,137936.46600000001,128950.64600000001
2023-05-01,18621.264,17507.198
2023-05-02,178289.724,175636.54
2023-05-03,65509.472,63705.544
2023-05-04,296354.551,292368.2480000001
2023-05-05,174317.706,167494.701
2023-05-06,30262.111,29575.643
2023-05-07,988.258,975.3380000000001
2023-05-08,158319.186,154361.736
2023-05-09,132187.932,126643.86600000001
2023-05-10,157697.608,154100.364
2023-05-11,264762.97500000003,260748.211
2023-05-12,112431.97600000001,110983.513
2023-05-13,189424.054,188547.69600000008
2023-05-14,9473.295,9442.804
2023-05-15,122036.867,119816.856
2023-05-16,209308.057,206877.08800000002
2023-05-17,192488.778,186928.764
2023-05-18,148378.98500000002,146296.759
2023-05-19,133339.792,132007.81999999998
2023-05-20,5931.976,5642.1539999999995
2023-05-21,3595.471,3427.4179999999997
2023-05-22,314122.102,310445.298
2023-05-23,265037.493,261190.46899999998
2023-05-24,81989.615,78925.282
2023-05-25,249726.531,236705.07200000004
2023-05-26,171110.971,169726.914
2023-05-27,61280.334,60624.225
2023-05-28,22699.675,22465.715
2023-05-29,143212.115,141269.702
2023-05-30,301103.359,294306.778
2023-05-31,449871.40499999997,434032.95999999996
2023-06-01,92073.782,88011.407
2023-06-02,115132.31300000001,112751.063
2023-06-03,12497.978,12031.366000000002
2023-06-04,11789.52,11382.603000000001
2023-06-05,194398.793,190873.87
2023-06-06,407556.87200000003,398166.6589999999
2023-06-07,75606.748,73598.882
2023-06-08,251987.894,239214.93899999995
2023-06-09,250909.044,244707.92799999999
2023-06-10,97622.34,96916.914
2023-06-11,6647.175,6640.335
2023-06-12,186078.831,181948.759
2023-06-13,304547.919,299316.33199999994
2023-06-14,151953.839,148676.98
2023-06-15,71768.364,66136.506
2023-06-16,76426.01699999999,74249.67699999998
2023-06-17,24131.623,23122.906000000003
2023-06-18,66280.278,65992.15399999998
2023-06-19,209975.416,207383.92099999997
2023-06-20,63603.822,62007.788
2023-06-21,237285.886,234431.104
2023-06-22,473239.636,442012.68299999996
2023-06-23,149201.902,148144.22
2023-06-24,98144.774,96906.016
2023-06-25,9566.14,9332.118999999999
2023-06-26,121535.328,118852.97699999998
2023-06-27,83340.664,81030.60800000002
2023-06-28,9782.71,9782.709999999997
2023-06-29,23193.722999999998,22684.798
2023-06-30,424540.179,410125.127
2023-07-01,109868.448,109545.95000000001
2023-07-02,10336.52,9614.322
2023-07-03,349037.302,346480.178
2023-07-04,52063.811,51205.985
2023-07-05,116627.47,108761.162
2023-07-06,36547.069,35226.91900000001
2023-07-07,160437.008,156437.332
2023-07-08,202632.252,202448.69200000004
2023-07-09,18759.209,18609.869
2023-07-10,242626.494,239048.11000000002
2023-07-11,127576.868,120684.87199999999
2023-07-12,45070.859,43978.393
2023-07-13,119215.30500000001,114152.59399999998
2023-07-14,73598.82,72032.46100000001
2023-07-15,32539.668999999998,32106.333999999995
2023-07-16,18280.603,17793.269
2023-07-17,146352.245,144673.812
2023-07-18,268654.459,249781.443
2023-07-19,47891.256,47652.391
2023-07-20,152127.721,148364.287
2023-07-21,108989.31,101896.25700000001
2023-07-22,52457.186,49597.128000000004
2023-07-23,4212.04,3984.99
2023-07-24,141819.59100000001,140301.749
2023-07-25,80057.22899999999,77832.696
2023-07-26,220570.184,219713.337
2023-07-27,153785.49,151570.51499999998
2023-07-28,123119.14,121976.926
2023-07-29,82946.55900000001,81504.94400000002
2023-07-30,5093.865,4955.639999999999
2023-07-31,330937.191,318415.495
2023-08-01,132813.009,129699.04199999999
2023-08-02,207504.519,204358.74200000003
2023-08-03,121803.8,109859.37599999997
2023-08-04,131963.478,127719.73700000001
2023-08-05,5167.907999999999,4833.1230000000005
2023-08-06,74248.59,73476.05
2023-08-07,114043.57800000001,112090.48000000001
2023-08-08,351682.68200000003,348577.02599999995
2023-08-09,40632.05,39336.264
2023-08-10,193473.849,190862.50199999998
2023-08-11,63914.476,61152.548
2023-08-12,20566.050000000003,19206.708
2023-08-13,809.0,809.0
2023-08-14,58657.880000000005,56833.209
2023-08-23,0.0,0.0
2023-08-24,373.0,354.0
2023-09-05,7456.81,7456.81
2023-09-11,2657.18,2235.0
2023-09-14,0.0,0.0
2023-09-15,11387.917,11208.563
2023-10-10,273.7,230.0
2023-10-11,317.24,317.24
2023-10-20,1.0,1.0
2023-11-07,286.0,286.0
2023-11-15,41.65,35.0
2023-11-16,0.0,0.0
2023-12-06,12.0,12.0
2023-12-12,1191.0,1191.0
2023-12-19,130.4,122.0
2023-12-26,0.0,0.0
2023-12-27,1971.544,1891.114
2023-12-31,239.0,201.0
2024-01-01,119.0,100.0
2024-01-10,2768.36,2428.0
2024-01-15,1.0,1.0
2024-01-16,725.0,725.0
2024-01-17,241913.66,241864.0
2024-01-18,917.586,771.24
2024-01-25,173.2,162.0
2024-01-29,2246.7,1934.0
2024-01-30,1.0,1.0
2024-01-31,192.4,162.0
2024-02-01,8.379999999999999,8.0
2024-02-02,191.4,161.0
2024-02-06,0.0,0.0
2024-02-08,0.0,0.0
2024-02-14,201.0,201.0
2024-02-16,0.0,0.0
2024-02-22,243.19,205.0
2024-02-23,230.0,230.0
2024-03-04,429.0,401.0
2024-03-07,691.3,602.0
2024-03-12,221.15,186.0
2024-03-13,120.0,101.0
2024-03-27,396.445,396.445
2024-03-28,2134.0,2058.0
2024-03-29,161.5,151.0
2024-04-04,1370.5,1152.0
2024-04-22,598.47,598.47
2024-04-24,3000.0,3000.0
2024-04-29,1174.0,1002.0
2024-04-30,319.0,300.0
2024-05-02,31.0,31.0
2024-05-07,1.0,1.0
2024-05-09,1293.0,1103.0
2024-05-14,24702.793,20895.061
2024-05-15,688.528,655.08
2024-05-21,1223.0,1202.0
2024-05-23,3037.0,2904.0
2024-06-04,643.5,601.0
2024-06-12,1752.0,1752.0
2024-06-18,2338.0,2338.0
2024-06-19,499.5,452.0
2024-06-27,210.488,177.04
2024-07-01,298.5,251.0
2024-07-02,1.0,1.0
2024-07-05,885.1999999999999,885.1999999999999
2024-07-08,0.0,0.0
2024-07-15,634.4639999999999,534.12
2024-07-16,995.0,995.0
2024-07-17,230.0,230.0
2024-07-18,1.0,1.0
2024-08-30,240.0,202.0
2024-09-03,1.0,1.0
2024-09-05,2140.61,1864.0
2024-09-06,528.425,479.5
2024-09-09,0.0,0.0
2024-09-10,3440.0,3402.0
2024-09-17,1050.964,884.1200000000001
2024-09-18,0.0,0.0
2024-09-23,238.0,200.0
2024-09-24,238.0,200.0
2024-09-25,1460.8600000000001,1329.0
2024-09-27,215.0,201.0
2024-09-30,1068.04,1068.04
2024-10-01,38732.364,33232.6
2024-10-08,358.0,301.0
2024-10-10,5950.0,5000.0
2024-10-17,239.0,201.0
2024-10-18,0.0,0.0
2024-10-23,1574.62,1574.62
2024-11-15,12772.56,12654.0
2024-11-21,0.0,0.0
2024-11-25,3107.17,3085.62
2024-11-28,1200.0,1200.0
2024-11-29,12745.0,12745.0
2024-12-02,578.9,512.0
2024-12-03,602.0,602.0
2024-12-04,201.0,201.0
2024-12-05,450.7,431.0
2024-12-06,558.0,501.0
2024-12-09,2800.0,2800.0
2024-12-10,7036.0,7001.0
2024-12-13,0.0,0.0
2024-12-16,11948.5,11879.0
2024-12-17,240.0,202.0
2024-12-18,359.0,302.0
2024-12-23,28.37,24.0
2024-12-24,550.0,536.0
2024-12-25,1324.0,1121.0
2024-12-30,24.8,21.0
2024-12-31,2501.0,2501.0
2025-01-02,489.0,451.0
2025-01-06,153773.01,129780.00000000001
2025-01-10,25.482,25.404999999999998
2025-01-22,1020.59,1020.59
2025-01-23,2654.8,2551.05
2025-01-27,2001.0,2001.0
2025-01-31,2238.0,2200.0
2025-02-03,101.0,101.0
2025-02-04,175.8,148.05
2025-02-07,1019.5,953.0
2025-02-10,587.8,565.0
2025-02-11,3477.0,3401.0
2025-02-18,7226.79,7162.0
2025-02-19,12823.7,12823.7
2025-02-20,775.0,680.0
2025-02-27,75.0,75.0
2025-03-03,598.5,550.0
2025-03-04,173.74,146.0
