ShipmentDate,Shipments,6M_Forecast,InvoiceDate,NetAmount,Correlation
2018-09-21,1,1.0,2018-09-21,1672.1999999999998,0.013646986353854362
2018-10-04,2,1.3333333333333333,2018-10-04,33407.763,0.013646986353854362
2018-10-08,1,1.1666666666666667,2018-10-08,675.0,0.013646986353854362
2018-10-29,1,1.125,2018-10-29,4723.545,0.013646986353854362
2018-11-19,1,1.1818181818181819,2018-11-19,574.584,0.013646986353854362
2018-11-22,1,1.1666666666666667,2018-11-22,63738.723000000005,0.013646986353854362
2018-11-27,1,1.1428571428571428,2018-11-27,3162.66,0.013646986353854362
2018-12-06,1,1.1333333333333333,2018-12-06,690.0,0.013646986353854362
2018-12-13,3,1.2105263157894737,2018-12-13,6561.0,0.013646986353854362
2018-12-14,1,1.2,2018-12-14,131.25,0.013646986353854362
2018-12-17,2,1.2173913043478262,2018-12-17,1947.06,0.013646986353854362
2018-12-22,1,1.4444444444444444,2018-12-22,47395.89,0.013646986353854362
2018-12-31,9,1.8,2018-12-31,90000.0,0.013646986353854362
2019-01-03,2,1.894736842105263,2019-01-03,16985.094,0.013646986353854362
2019-01-04,2,1.8974358974358974,2019-01-04,4524.075,0.013646986353854362
2019-01-08,2,2.6511627906976742,2019-01-08,13261.076999999997,0.013646986353854362
2019-01-09,17,2.977272727272727,2019-01-09,1153.1999999999998,0.013646986353854362
2019-01-11,3,3.130434782608696,2019-01-11,516.1500000000001,0.013646986353854362
2019-01-12,25,3.595744680851064,2019-01-12,644.4000000000001,0.013646986353854362
2019-01-15,3,3.82,2019-01-15,11966.634,0.013646986353854362
2019-01-17,9,4.326923076923077,2019-01-17,2100.0,0.013646986353854362
2019-01-18,9,4.415094339622642,2019-01-18,2683.5,0.013646986353854362
2019-01-22,15,5.333333333333333,2019-01-22,227010.027,0.013646986353854362
2019-01-23,16,5.517241379310345,2019-01-23,216.783,0.013646986353854362
2019-01-24,17,5.711864406779661,2019-01-24,495.0,0.013646986353854362
2019-01-28,13,6.492063492063492,2019-01-28,2889.93,0.013646986353854362
2019-01-30,5,6.461538461538462,2019-01-30,137356.13999999998,0.013646986353854362
2019-01-31,15,6.590909090909091,2019-01-31,1050.0,0.013646986353854362
2019-02-01,10,6.641791044776119,2019-02-01,223276.638,0.013646986353854362
2019-02-04,18,7.3428571428571425,2019-02-04,21580.44,0.013646986353854362
2019-02-06,27,7.583333333333333,2019-02-06,5238624.366,0.013646986353854362
2019-02-07,6,7.561643835616438,2019-02-07,150.0,0.013646986353854362
2019-02-08,16,7.675675675675675,2019-02-08,744124.281,0.013646986353854362
2019-02-11,2,7.753246753246753,2019-02-11,13639.05,0.013646986353854362
2019-02-13,9,7.7594936708860756,2019-02-13,50459.703,0.013646986353854362
2019-02-15,19,7.962962962962963,2019-02-15,4699.9529999999995,0.013646986353854362
2019-02-16,22,8.134146341463415,2019-02-16,23880.978,0.013646986353854362
2019-02-18,8,8.178571428571429,2019-02-18,495.0,0.013646986353854362
2019-02-19,6,8.152941176470588,2019-02-19,840.0,0.013646986353854362
2019-02-21,9,8.264367816091953,2019-02-21,6390.0,0.013646986353854362
2019-02-22,4,8.215909090909092,2019-02-22,1880.55,0.013646986353854362
2019-02-25,12,8.648351648351648,2019-02-25,68361.987,0.013646986353854362
2019-02-27,7,8.559139784946236,2019-02-27,6390.0,0.013646986353854362
2019-03-01,25,8.673684210526316,2019-03-01,5299.509,0.013646986353854362
2019-03-02,46,9.0625,2019-03-02,757.08,0.013646986353854362
2019-03-04,12,9.10204081632653,2019-03-04,915.72,0.013646986353854362
2019-03-05,8,9.090909090909092,2019-03-05,25246.92,0.013646986353854362
2019-03-06,16,9.16,2019-03-06,371.1,0.013646986353854362
2019-03-08,27,9.313725490196079,2019-03-08,13161.69,0.013646986353854362
2019-03-09,12,9.339805825242719,2019-03-09,66944.184,0.013646986353854362
2019-03-11,3,9.41904761904762,2019-03-11,16990.876,0.013646986353854362
2019-03-12,2,9.349056603773585,2019-03-12,300.0,0.013646986353854362
2019-03-13,21,9.457943925233645,2019-03-13,48754.743,0.013646986353854362
2019-03-14,11,9.472222222222221,2019-03-14,1950.0,0.013646986353854362
2019-03-15,3,9.412844036697248,2019-03-15,107101.79999999999,0.013646986353854362
2019-03-19,5,9.513274336283185,2019-03-19,2383.245,0.013646986353854362
2019-03-21,13,9.478260869565217,2019-03-21,495.0,0.013646986353854362
2019-03-22,13,9.508620689655173,2019-03-22,8993.4,0.013646986353854362
2019-03-25,7,9.512605042016807,2019-03-25,1452.0,0.013646986353854362
2019-03-28,11,9.62295081967213,2019-03-28,9630.918,0.013646986353854362
2019-03-29,12,9.642276422764228,2019-03-29,11377.494,0.013646986353854362
2019-03-30,33,9.830645161290322,2019-03-30,18701.742,0.013646986353854362
2019-03-31,19,9.904,2019-03-31,875458.88,0.013646986353854362
2019-04-02,6,9.803149606299213,2019-04-02,17544.642,0.013646986353854362
2019-04-03,24,9.9140625,2019-04-03,40782.024,0.013646986353854362
2019-04-04,8,9.89922480620155,2019-04-04,2730.3,0.013646986353854362
2019-04-08,2,10.022556390977444,2019-04-08,458296.977,0.013646986353854362
2019-04-10,19,10.066666666666666,2019-04-10,155523.318,0.013646986353854362
2019-04-11,14,10.095588235294118,2019-04-11,100501.989,0.013646986353854362
2019-04-12,9,10.087591240875913,2019-04-12,198980.385,0.013646986353854362
2019-04-16,4,10.085106382978724,2019-04-16,234290.55000000002,0.013646986353854362
2019-04-17,18,10.140845070422536,2019-04-17,6479.178,0.013646986353854362
2019-04-18,10,10.13986013986014,2019-04-18,2245.245,0.013646986353854362
2019-04-19,10,10.13888888888889,2019-04-19,649.8,0.013646986353854362
2019-04-22,12,10.142857142857142,2019-04-22,7320.0,0.013646986353854362
2019-04-23,5,10.108108108108109,2019-04-23,6658.799999999999,0.013646986353854362
2019-04-24,29,10.234899328859061,2019-04-24,2001.3899999999999,0.013646986353854362
2019-04-25,3,10.186666666666667,2019-04-25,50628.0,0.013646986353854362
2019-04-27,23,10.236842105263158,2019-04-27,1080.0,0.013646986353854362
2019-04-29,2,10.155844155844155,2019-04-29,91639.5,0.013646986353854362
2019-04-30,11,10.161290322580646,2019-04-30,108207.813,0.013646986353854362
2019-05-02,27,10.229299363057326,2019-05-02,232039.992,0.013646986353854362
2019-05-07,4,10.197530864197532,2019-05-07,6153.6,0.013646986353854362
2019-05-08,6,10.171779141104295,2019-05-08,720.0,0.013646986353854362
2019-05-09,6,10.146341463414634,2019-05-09,728.415,0.013646986353854362
2019-05-10,6,10.121212121212121,2019-05-10,3135.0,0.013646986353854362
2019-05-13,8,10.125,2019-05-13,12840.729,0.013646986353854362
2019-05-14,33,10.2603550295858,2019-05-14,3023.097,0.013646986353854362
2019-05-15,14,10.282352941176471,2019-05-15,1260.0,0.013646986353854362
2019-05-16,4,10.24561403508772,2019-05-16,11643.779999999999,0.013646986353854362
2019-05-17,25,10.331395348837209,2019-05-17,960.0,0.013646986353854362
2019-05-22,21,10.380681818181818,2019-05-22,40774.041,0.013646986353854362
2019-05-24,12,10.404494382022472,2019-05-24,3072.3450000000003,0.013646986353854362
2019-05-25,27,10.497206703910615,2019-05-25,2940.0,0.013646986353854362
2019-05-27,2,10.466666666666667,2019-05-27,9894.0,0.013646986353854362
2019-05-29,21,10.6,2019-05-29,744.0,0.013646986353854362
2019-05-31,7,10.727777777777778,2019-05-31,3990.0750000000003,0.013646986353854362
2019-06-03,4,10.855555555555556,2019-06-03,791717.6039999999,0.013646986353854362
2019-06-04,4,10.872222222222222,2019-06-04,6236.976,0.013646986353854362
2019-06-10,4,11.083333333333334,2019-06-10,1200.0,0.013646986353854362
2019-06-11,10,11.133333333333333,2019-06-11,29888.699999999997,0.013646986353854362
2019-06-12,16,11.216666666666667,2019-06-12,2087.496,0.013646986353854362
2019-06-13,5,11.238888888888889,2019-06-13,51000.0,0.013646986353854362
2019-06-14,7,11.261111111111111,2019-06-14,2400.0,0.013646986353854362
2019-06-15,15,11.338888888888889,2019-06-15,4485.299999999999,0.013646986353854362
2019-06-18,6,11.394444444444444,2019-06-18,129414.29999999999,0.013646986353854362
2019-06-19,35,11.577777777777778,2019-06-19,6478.208999999999,0.013646986353854362
2019-06-24,10,11.85,2019-06-24,11444.55,0.013646986353854362
2019-06-26,20,12.016666666666667,2019-06-26,10248.951000000001,0.013646986353854362
2019-07-02,13,12.255555555555556,2019-07-02,107101.79999999999,0.013646986353854362
2019-07-04,12,12.366666666666667,2019-07-04,6138684.078,0.013646986353854362
2019-07-05,6,12.38888888888889,2019-07-05,12239.414999999999,0.013646986353854362
2019-07-07,9,12.338888888888889,2019-07-07,3853.7999999999997,0.013646986353854362
2019-07-08,4,12.338888888888889,2019-07-08,68567.091,0.013646986353854362
2019-07-09,6,12.36111111111111,2019-07-09,1895.6999999999998,0.013646986353854362
2019-07-10,12,12.333333333333334,2019-07-10,391915.587,0.013646986353854362
2019-07-18,12,12.438888888888888,2019-07-18,180.3,0.013646986353854362
2019-07-19,6,12.422222222222222,2019-07-19,153.52499999999998,0.013646986353854362
2019-07-23,5,12.283333333333333,2019-07-23,15538.8,0.013646986353854362
2019-07-24,16,12.35,2019-07-24,8139.6449999999995,0.013646986353854362
2019-07-26,7,12.28888888888889,2019-07-26,9337.473,0.013646986353854362
2019-07-30,8,12.25,2019-07-30,248.16,0.013646986353854362
2019-07-31,14,12.255555555555556,2019-07-31,15898.5,0.013646986353854362
2019-08-01,6,12.255555555555556,2019-08-01,9997.8,0.013646986353854362
2019-08-06,7,12.227777777777778,2019-08-06,19477.23,0.013646986353854362
2019-08-07,19,12.233333333333333,2019-08-07,15166.086,0.013646986353854362
2019-08-15,9,12.194444444444445,2019-08-15,33271.8,0.013646986353854362
2019-08-19,5,12.011111111111111,2019-08-19,11737.8,0.013646986353854362
2019-08-21,19,12.027777777777779,2019-08-21,72038.691,0.013646986353854362
2019-08-29,5,11.877777777777778,2019-08-29,19996.113,0.013646986353854362
2019-08-30,9,11.88888888888889,2019-08-30,212653.11,0.013646986353854362
2019-08-31,13,11.944444444444445,2019-08-31,2553.0,0.013646986353854362
2019-09-03,1,11.594444444444445,2019-09-03,3484.3500000000004,0.013646986353854362
2019-09-04,13,11.61111111111111,2019-09-04,109616.13,0.013646986353854362
2019-09-07,26,11.644444444444444,2019-09-07,570.0,0.013646986353854362
2019-09-09,5,11.527777777777779,2019-09-09,646.2,0.013646986353854362
2019-09-10,13,11.533333333333333,2019-09-10,8468.538,0.013646986353854362
2019-09-11,14,11.477777777777778,2019-09-11,25875.96,0.013646986353854362
2019-09-13,5,11.511111111111111,2019-09-13,714.0,0.013646986353854362
2019-09-17,12,11.444444444444445,2019-09-17,4466.099999999999,0.013646986353854362
2019-09-18,23,11.472222222222221,2019-09-18,153060.0,0.013646986353854362
2019-09-19,5,11.466666666666667,2019-09-19,23691.57,0.013646986353854362
2019-09-23,9,11.466666666666667,2019-09-23,840.0,0.013646986353854362
2019-09-25,17,11.516666666666667,2019-09-25,2505.0,0.013646986353854362
2019-09-26,11,11.53888888888889,2019-09-26,157777.83000000002,0.013646986353854362
2019-09-27,7,11.544444444444444,2019-09-27,4953.4800000000005,0.013646986353854362
2019-09-30,7,11.55,2019-09-30,226638.0,0.013646986353854362
2019-10-01,3,11.383333333333333,2019-10-01,2088.3,0.013646986353854362
2019-10-03,10,11.36111111111111,2019-10-03,4122.0599999999995,0.013646986353854362
2019-10-04,2,11.338888888888889,2019-10-04,1005.0,0.013646986353854362
2019-10-07,24,11.444444444444445,2019-10-07,151.8,0.013646986353854362
2019-10-08,5,11.266666666666667,2019-10-08,1088.415,0.013646986353854362
2019-10-09,24,11.344444444444445,2019-10-09,109581.18,0.013646986353854362
2019-10-10,9,11.383333333333333,2019-10-10,649.8,0.013646986353854362
2019-10-11,8,11.38888888888889,2019-10-11,7223.16,0.013646986353854362
2019-10-14,6,11.405555555555555,2019-10-14,17981.001,0.013646986353854362
2019-10-16,22,11.394444444444444,2019-10-16,9997.8,0.013646986353854362
2019-10-17,7,11.383333333333333,2019-10-17,9923.7,0.013646986353854362
2019-10-19,28,11.45,2019-10-19,28380.0,0.013646986353854362
2019-10-22,4,11.355555555555556,2019-10-22,11727.3,0.013646986353854362
2019-10-25,19,11.483333333333333,2019-10-25,855.0,0.013646986353854362
2019-10-29,19,11.35,2019-10-29,2279.16,0.013646986353854362
2019-10-30,22,11.438888888888888,2019-10-30,6458.961,0.013646986353854362
2019-11-01,9,11.438888888888888,2019-11-01,1189.8,0.013646986353854362
2019-11-04,3,11.355555555555556,2019-11-04,1245.0,0.013646986353854362
2019-11-07,10,11.427777777777777,2019-11-07,4190.997,0.013646986353854362
2019-11-11,2,11.533333333333333,2019-11-11,225390.0,0.013646986353854362
2019-11-15,9,11.394444444444444,2019-11-15,8415.599999999999,0.013646986353854362
2019-11-19,7,11.294444444444444,2019-11-19,3141.0,0.013646986353854362
2019-11-22,7,11.316666666666666,2019-11-22,58527.066,0.013646986353854362
2019-11-25,23,11.38888888888889,2019-11-25,3640.8,0.013646986353854362
2019-11-28,8,11.53888888888889,2019-11-28,2220.3720000000003,0.013646986353854362
2019-11-30,23,11.466666666666667,2019-11-30,46.73,0.013646986353854362
2019-12-02,5,11.4,2019-12-02,1412.415,0.013646986353854362
2019-12-03,5,11.38888888888889,2019-12-03,2143.44,0.013646986353854362
2019-12-06,6,11.53888888888889,2019-12-06,17582.709000000003,0.013646986353854362
2019-12-12,10,11.805555555555555,2019-12-12,28122.0,0.013646986353854362
2019-12-17,7,11.983333333333333,2019-12-17,8036.099999999999,0.013646986353854362
2019-12-18,5,11.977777777777778,2019-12-18,2076.0,0.013646986353854362
2019-12-19,6,11.816666666666666,2019-12-19,20130.597,0.013646986353854362
2019-12-20,6,11.783333333333333,2019-12-20,2475.0,0.013646986353854362
2019-12-21,2,11.761111111111111,2019-12-21,885.0,0.013646986353854362
2019-12-23,9,11.783333333333333,2019-12-23,32700.0,0.013646986353854362
2019-12-24,2,11.738888888888889,2019-12-24,1082.1,0.013646986353854362
2019-12-25,8,11.716666666666667,2019-12-25,1855.62,0.013646986353854362
2020-01-07,1,11.738888888888889,2020-01-07,8644.02,0.013646986353854362
2020-01-08,22,11.772222222222222,2020-01-08,2807.1000000000004,0.013646986353854362
2020-01-09,3,11.738888888888889,2020-01-09,728.415,0.013646986353854362
2020-01-10,4,11.738888888888889,2020-01-10,10994.715,0.013646986353854362
2020-01-13,1,11.844444444444445,2020-01-13,79350.0,0.013646986353854362
2020-01-16,9,11.705555555555556,2020-01-16,18360.0,0.013646986353854362
2020-01-17,3,11.677777777777777,2020-01-17,104814.0,0.013646986353854362
2020-01-21,3,11.6,2020-01-21,36510.0,0.013646986353854362
2020-01-27,3,11.46111111111111,2020-01-27,3090.0,0.013646986353854362
2020-01-28,2,11.45,2020-01-28,21390.0,0.013646986353854362
2020-01-29,19,11.527777777777779,2020-01-29,180.3,0.013646986353854362
2020-01-30,11,11.544444444444444,2020-01-30,9990.0,0.013646986353854362
2020-01-31,8,11.511111111111111,2020-01-31,4107.299999999999,0.013646986353854362
2020-02-04,4,11.544444444444444,2020-02-04,37500.0,0.013646986353854362
2020-02-05,21,11.533333333333333,2020-02-05,5932.5,0.013646986353854362
2020-02-06,6,11.527777777777779,2020-02-06,450.0,0.013646986353854362
2020-02-07,1,11.427777777777777,2020-02-07,24377.496,0.013646986353854362
2020-02-08,41,11.63888888888889,2020-02-08,22680.0,0.013646986353854362
2020-02-10,3,11.483333333333333,2020-02-10,101521.65,0.013646986353854362
2020-02-12,24,11.594444444444445,2020-02-12,2280.0,0.013646986353854362
2020-02-14,9,11.555555555555555,2020-02-14,142965.0,0.013646986353854362
2020-02-19,16,11.71111111111111,2020-02-19,160185.0,0.013646986353854362
2020-02-21,12,11.738888888888889,2020-02-21,4401.0,0.013646986353854362
2020-02-24,10,11.872222222222222,2020-02-24,5888.549999999999,0.013646986353854362
2020-02-25,4,11.86111111111111,2020-02-25,11940.0,0.013646986353854362
2020-02-26,10,11.86111111111111,2020-02-26,30.0,0.013646986353854362
2020-02-27,30,11.994444444444444,2020-02-27,12994.044,0.013646986353854362
2020-02-28,6,11.905555555555555,2020-02-28,16639.32,0.013646986353854362
2020-03-02,7,12.105555555555556,2020-03-02,3724.887,0.013646986353854362
2020-03-03,12,12.133333333333333,2020-03-03,34008.0,0.013646986353854362
2020-03-04,34,12.316666666666666,2020-03-04,728.415,0.013646986353854362
2020-03-05,12,12.311111111111112,2020-03-05,1869.615,0.013646986353854362
2020-03-09,9,12.394444444444444,2020-03-09,644.4000000000001,0.013646986353854362
2020-03-11,22,12.45,2020-03-11,57840.0,0.013646986353854362
2020-03-16,15,12.477777777777778,2020-03-16,4004.8109999999997,0.013646986353854362
2020-04-01,5,11.994444444444444,2020-04-01,223649.316,0.013646986353854362
2020-04-02,1,11.96111111111111,2020-04-02,4410.0,0.013646986353854362
2020-04-10,2,11.805555555555555,2020-04-10,222004.632,0.013646986353854362
2020-04-11,11,11.838888888888889,2020-04-11,752.415,0.013646986353854362
2020-04-15,5,11.572222222222223,2020-04-15,24446.07,0.013646986353854362
2020-04-16,3,11.544444444444444,2020-04-16,13349.442000000001,0.013646986353854362
2020-04-17,3,11.372222222222222,2020-04-17,7182.6539999999995,0.013646986353854362
2020-04-18,4,11.366666666666667,2020-04-18,22097.049,0.013646986353854362
2020-04-22,1,11.205555555555556,2020-04-22,25860.0,0.013646986353854362
2020-04-23,4,11.194444444444445,2020-04-23,6421.799999999999,0.013646986353854362
2020-04-29,7,11.005555555555556,2020-04-29,11820.0,0.013646986353854362
2020-05-04,3,10.911111111111111,2020-05-04,19440.948,0.013646986353854362
2020-05-05,2,10.816666666666666,2020-05-05,9075.0,0.013646986353854362
2020-05-06,7,10.733333333333333,2020-05-06,19752.6,0.013646986353854362
2020-05-09,14,10.755555555555556,2020-05-09,1647.7649999999999,0.013646986353854362
2020-05-11,2,10.633333333333333,2020-05-11,714.0,0.013646986353854362
2020-05-12,2,10.627777777777778,2020-05-12,900.0,0.013646986353854362
2020-05-16,12,10.433333333333334,2020-05-16,600.0,0.013646986353854362
2020-05-20,3,10.383333333333333,2020-05-20,32504.853000000003,0.013646986353854362
2020-05-22,8,10.416666666666666,2020-05-22,125711.08499999999,0.013646986353854362
2020-06-01,5,10.294444444444444,2020-06-01,3256.8,0.013646986353854362
2020-06-03,3,10.1,2020-06-03,768.0,0.013646986353854362
2020-06-04,3,10.061111111111112,2020-06-04,13515.609,0.013646986353854362
2020-06-09,4,9.983333333333333,2020-06-09,2401.245,0.013646986353854362
2020-06-10,8,9.9,2020-06-10,1803.0,0.013646986353854362
2020-06-11,8,9.916666666666666,2020-06-11,125.0,0.013646986353854362
2020-06-12,20,10.0,2020-06-12,42652.383,0.013646986353854362
2020-06-15,6,9.938888888888888,2020-06-15,8657.565,0.013646986353854362
2020-06-18,14,9.872222222222222,2020-06-18,28710.0,0.013646986353854362
2020-06-20,18,9.8,2020-06-20,3954.3,0.013646986353854362
2020-06-22,3,9.627777777777778,2020-06-22,1707.0,0.013646986353854362
2020-06-23,2,9.394444444444444,2020-06-23,20346.54,0.013646986353854362
2020-06-24,10,9.366666666666667,2020-06-24,37976.253,0.013646986353854362
2020-06-25,5,9.338888888888889,2020-06-25,750.0,0.013646986353854362
2020-06-26,21,9.427777777777777,2020-06-26,709.8,0.013646986353854362
2020-06-29,7,9.483333333333333,2020-06-29,1905.3809999999999,0.013646986353854362
2020-06-30,7,9.488888888888889,2020-06-30,20347.251,0.013646986353854362
2020-07-01,4,9.5,2020-07-01,24410.685,0.013646986353854362
2020-07-02,7,9.377777777777778,2020-07-02,27449.096999999998,0.013646986353854362
2020-07-03,4,9.35,2020-07-03,25761.51,0.013646986353854362
2020-07-04,39,9.555555555555555,2020-07-04,1879.3619999999999,0.013646986353854362
2020-07-08,7,9.277777777777779,2020-07-08,1549.83,0.013646986353854362
2020-07-09,13,9.344444444444445,2020-07-09,2580.0,0.013646986353854362
2020-07-13,2,9.238888888888889,2020-07-13,12895.905,0.013646986353854362
2020-07-16,7,9.216666666666667,2020-07-16,22993.65,0.013646986353854362
2020-07-17,8,9.244444444444444,2020-07-17,3555.0,0.013646986353854362
2020-07-21,1,9.122222222222222,2020-07-21,72859.77900000001,0.013646986353854362
2020-07-22,9,9.166666666666666,2020-07-22,8040.1050000000005,0.013646986353854362
2020-07-24,5,9.11111111111111,2020-07-24,22616.736,0.013646986353854362
2020-07-27,5,9.03888888888889,2020-07-27,2642.694,0.013646986353854362
2020-07-29,3,9.011111111111111,2020-07-29,11845.724999999999,0.013646986353854362
2020-08-03,2,8.716666666666667,2020-08-03,104601.144,0.013646986353854362
2020-08-04,2,8.71111111111111,2020-08-04,56111.157,0.013646986353854362
2020-08-05,2,8.71111111111111,2020-08-05,26378.961,0.013646986353854362
2020-08-07,15,8.661111111111111,2020-08-07,11516.343,0.013646986353854362
2020-08-08,10,8.672222222222222,2020-08-08,170340.0,0.013646986353854362
2020-08-10,2,8.444444444444445,2020-08-10,646.2,0.013646986353854362
2020-08-11,8,8.444444444444445,2020-08-11,180.3,0.013646986353854362
2020-08-12,16,8.511111111111111,2020-08-12,646.2,0.013646986353854362
2020-08-14,4,8.4,2020-08-14,11533.026,0.013646986353854362
2020-08-18,1,8.322222222222223,2020-08-18,4816.799999999999,0.013646986353854362
2020-08-19,18,8.372222222222222,2020-08-19,12753.525000000001,0.013646986353854362
2020-08-21,2,8.244444444444444,2020-08-21,76101.0,0.013646986353854362
2020-08-24,3,8.205555555555556,2020-08-24,41580.0,0.013646986353854362
2020-08-26,7,8.21111111111111,2020-08-26,11621.762999999999,0.013646986353854362
2020-08-27,8,8.205555555555556,2020-08-27,269.54999999999995,0.013646986353854362
2020-08-28,9,8.166666666666666,2020-08-28,36072.204,0.013646986353854362
2020-08-31,6,7.977777777777778,2020-08-31,801.0,0.013646986353854362
2020-09-02,3,7.927777777777778,2020-09-02,9432.06,0.013646986353854362
2020-09-03,7,7.944444444444445,2020-09-03,1686.0,0.013646986353854362
2020-09-07,10,7.683333333333334,2020-09-07,3255.0,0.013646986353854362
2020-09-09,7,7.6,2020-09-09,80202.975,0.013646986353854362
2020-09-10,9,7.583333333333333,2020-09-10,58499.958,0.013646986353854362
2020-09-11,4,7.416666666666667,2020-09-11,18633.84,0.013646986353854362
2020-09-14,4,7.238888888888889,2020-09-14,20229.690000000002,0.013646986353854362
2020-09-15,9,7.211111111111111,2020-09-15,11932.038,0.013646986353854362
2020-09-16,5,7.188888888888889,2020-09-16,8088.4259999999995,0.013646986353854362
2020-09-17,6,7.188888888888889,2020-09-17,24678.6,0.013646986353854362
2020-09-18,1,7.072222222222222,2020-09-18,19249.800000000003,0.013646986353854362
2020-09-21,5,7.055555555555555,2020-09-21,13796.25,0.013646986353854362
2020-09-22,5,7.038888888888889,2020-09-22,27440.424,0.013646986353854362
2020-09-23,3,6.972222222222222,2020-09-23,930.0,0.013646986353854362
2020-09-25,25,7.127777777777778,2020-09-25,16854.258,0.013646986353854362
2020-10-01,7,7.194444444444445,2020-10-01,3390.0,0.013646986353854362
2020-10-02,28,7.316666666666666,2020-10-02,7068.0,0.013646986353854362
2020-10-05,2,7.35,2020-10-05,6059.7,0.013646986353854362
2020-10-06,3,7.344444444444444,2020-10-06,75220.5,0.013646986353854362
2020-10-07,3,7.333333333333333,2020-10-07,4816.799999999999,0.013646986353854362
2020-10-08,18,7.427777777777778,2020-10-08,13924.8,0.013646986353854362
2020-10-09,10,7.438888888888889,2020-10-09,132465.63900000002,0.013646986353854362
2020-10-13,9,7.527777777777778,2020-10-13,2833.086,0.013646986353854362
2020-10-14,28,7.622222222222222,2020-10-14,23201.922,0.013646986353854362
2020-10-16,5,7.666666666666667,2020-10-16,5181.0,0.013646986353854362
2020-10-19,6,7.788888888888889,2020-10-19,214648.476,0.013646986353854362
2020-10-20,4,7.794444444444444,2020-10-20,76261.581,0.013646986353854362
2020-10-22,12,7.9222222222222225,2020-10-22,2400.0,0.013646986353854362
2020-10-24,17,8.033333333333333,2020-10-24,17927.844,0.013646986353854362
2020-10-26,12,8.1,2020-10-26,924.0,0.013646986353854362
2020-10-27,5,8.11111111111111,2020-10-27,68460.0,0.013646986353854362
2020-10-28,12,8.127777777777778,2020-10-28,6959.3099999999995,0.013646986353854362
2020-10-29,5,8.088888888888889,2020-10-29,50.0,0.013646986353854362
2020-10-30,25,8.2,2020-10-30,9239.7,0.013646986353854362
2020-11-02,3,8.25,2020-11-02,3208.5,0.013646986353854362
2020-11-06,10,8.4,2020-11-06,4366.2,0.013646986353854362
2020-11-11,22,8.566666666666666,2020-11-11,418839.0,0.013646986353854362
2020-11-12,7,8.594444444444445,2020-11-12,108558.6,0.013646986353854362
2020-11-13,3,8.572222222222223,2020-11-13,1333.98,0.013646986353854362
2020-11-16,12,8.766666666666667,2020-11-16,504.0,0.013646986353854362
2020-11-17,6,8.761111111111111,2020-11-17,4323.75,0.013646986353854362
2020-11-18,18,8.844444444444445,2020-11-18,2302.8,0.013646986353854362
2020-11-19,7,8.838888888888889,2020-11-19,6058.5,0.013646986353854362
2020-11-20,5,8.7,2020-11-20,537.3,0.013646986353854362
2020-11-24,18,8.86111111111111,2020-11-24,17321.052,0.013646986353854362
2020-11-30,26,9.088888888888889,2020-11-30,3393.2999999999997,0.013646986353854362
2020-12-02,18,9.2,2020-12-02,14995.800000000001,0.013646986353854362
2020-12-08,5,9.205555555555556,2020-12-08,3684.6000000000004,0.013646986353854362
2020-12-09,2,9.172222222222222,2020-12-09,11239.5,0.013646986353854362
2020-12-10,18,9.161111111111111,2020-12-10,38802.0,0.013646986353854362
2020-12-11,4,9.088888888888889,2020-12-11,2960.7,0.013646986353854362
2020-12-15,3,9.366666666666667,2020-12-15,1665.0,0.013646986353854362
2020-12-16,23,9.416666666666666,2020-12-16,85436.841,0.013646986353854362
2020-12-17,14,9.472222222222221,2020-12-17,3510.0,0.013646986353854362
2020-12-18,7,9.411111111111111,2020-12-18,1755.0,0.013646986353854362
2020-12-19,53,9.672222222222222,2020-12-19,4174.799999999999,0.013646986353854362
2020-12-23,11,9.666666666666666,2020-12-23,27368.25,0.013646986353854362
2020-12-24,13,9.71111111111111,2020-12-24,25407.252,0.013646986353854362
2020-12-25,1,9.6,2020-12-25,24228.15,0.013646986353854362
2020-12-26,6,9.566666666666666,2020-12-26,1800.75,0.013646986353854362
2020-12-28,12,9.555555555555555,2020-12-28,28257.0,0.013646986353854362
2020-12-30,4,9.522222222222222,2020-12-30,2092.5,0.013646986353854362
2021-01-04,7,9.333333333333334,2021-01-04,71223.29999999999,0.013646986353854362
2021-01-05,23,9.438888888888888,2021-01-05,93805.79999999999,0.013646986353854362
2021-01-06,28,9.588888888888889,2021-01-06,8747.55,0.013646986353854362
2021-01-08,19,9.655555555555555,2021-01-08,643.8,0.013646986353854362
2021-01-11,8,9.761111111111111,2021-01-11,32430.510000000002,0.013646986353854362
2021-01-12,11,9.811111111111112,2021-01-12,87257.469,0.013646986353854362
2021-01-13,30,9.955555555555556,2021-01-13,34642.32,0.013646986353854362
2021-01-15,18,9.972222222222221,2021-01-15,3690.0,0.013646986353854362
2021-01-17,2,10.072222222222223,2021-01-17,4495.799999999999,0.013646986353854362
2021-01-19,11,10.133333333333333,2021-01-19,51041.100000000006,0.013646986353854362
2021-01-20,45,10.377777777777778,2021-01-20,4285.799999999999,0.013646986353854362
2021-01-21,12,10.394444444444444,2021-01-21,2813.1000000000004,0.013646986353854362
2021-01-22,54,10.63888888888889,2021-01-22,1456.1999999999998,0.013646986353854362
2021-01-23,27,10.761111111111111,2021-01-23,9810.0,0.013646986353854362
2021-01-26,9,10.738888888888889,2021-01-26,32373.372,0.013646986353854362
2021-01-28,10,11.033333333333333,2021-01-28,110199.75,0.013646986353854362
2021-02-02,1,11.344444444444445,2021-02-02,146220.0,0.013646986353854362
2021-02-04,8,11.527777777777779,2021-02-04,106734.15,0.013646986353854362
2021-02-05,34,11.705555555555556,2021-02-05,18169.35,0.013646986353854362
2021-02-09,17,11.8,2021-02-09,6292.599999999999,0.013646986353854362
2021-02-10,52,12.077777777777778,2021-02-10,3690.87,0.013646986353854362
2021-02-11,8,12.077777777777778,2021-02-11,288.90000000000003,0.013646986353854362
2021-02-12,5,12.016666666666667,2021-02-12,18450.0,0.013646986353854362
2021-02-15,7,12.177777777777777,2021-02-15,2679.3,0.013646986353854362
2021-02-16,2,12.15,2021-02-16,130346.025,0.013646986353854362
2021-02-17,6,12.1,2021-02-17,6822.0,0.013646986353854362
2021-02-18,4,12.116666666666667,2021-02-18,9810.0,0.013646986353854362
2021-02-19,4,12.03888888888889,2021-02-19,21689.25,0.013646986353854362
2021-02-20,11,12.072222222222223,2021-02-20,10099.8,0.013646986353854362
2021-02-23,1,11.9,2021-02-23,14705.400000000001,0.013646986353854362
2021-02-24,4,11.905555555555555,2021-02-24,12330.0,0.013646986353854362
2021-02-25,7,11.905555555555555,2021-02-25,2955.0,0.013646986353854362
2021-02-26,4,11.883333333333333,2021-02-26,555.0,0.013646986353854362
2021-02-27,6,11.866666666666667,2021-02-27,2786.1000000000004,0.013646986353854362
2021-03-01,4,11.777777777777779,2021-03-01,412.68,0.013646986353854362
2021-03-02,2,11.755555555555556,2021-03-02,497921.388,0.013646986353854362
2021-03-03,3,11.755555555555556,2021-03-03,11580.3,0.013646986353854362
2021-03-04,7,11.777777777777779,2021-03-04,29092.682999999997,0.013646986353854362
2021-03-05,9,11.78888888888889,2021-03-05,165584.871,0.013646986353854362
2021-03-08,4,11.777777777777779,2021-03-08,59572.08,0.013646986353854362
2021-03-11,3,11.7,2021-03-11,60.0,0.013646986353854362
2021-03-12,5,11.677777777777777,2021-03-12,2340.0,0.013646986353854362
2021-03-15,1,11.594444444444445,2021-03-15,5456.4,0.013646986353854362
2021-03-16,2,11.583333333333334,2021-03-16,223344.429,0.013646986353854362
2021-03-19,6,11.522222222222222,2021-03-19,184080.0,0.013646986353854362
2021-03-22,1,11.416666666666666,2021-03-22,7479.92,0.013646986353854362
2021-03-23,1,11.394444444444444,2021-03-23,1248.0,0.013646986353854362
2021-03-26,20,11.405555555555555,2021-03-26,57090.299999999996,0.013646986353854362
2021-03-30,2,11.366666666666667,2021-03-30,18042.0,0.013646986353854362
2021-03-31,2,11.372222222222222,2021-03-31,9034.295999999998,0.013646986353854362
2021-04-01,6,11.377777777777778,2021-04-01,103833.29999999999,0.013646986353854362
2021-04-08,2,11.294444444444444,2021-04-08,162979.8,0.013646986353854362
2021-04-11,2,11.438888888888888,2021-04-11,0.0,0.013646986353854362
2021-04-12,1,11.427777777777777,2021-04-12,20657.34,0.013646986353854362
2021-04-13,8,11.455555555555556,2021-04-13,34631.100000000006,0.013646986353854362
2021-04-14,6,11.38888888888889,2021-04-14,21540.0,0.013646986353854362
2021-04-15,2,11.344444444444445,2021-04-15,10260.0,0.013646986353854362
2021-04-19,9,11.466666666666667,2021-04-19,7050.0,0.013646986353854362
2021-04-20,5,11.444444444444445,2021-04-20,7869.0,0.013646986353854362
2021-04-21,4,11.311111111111112,2021-04-21,5966.46,0.013646986353854362
2021-04-23,2,11.294444444444444,2021-04-23,12636.81,0.013646986353854362
2021-04-24,1,11.272222222222222,2021-04-24,1879.3619999999999,0.013646986353854362
2021-04-26,2,11.116666666666667,2021-04-26,4596.9,0.013646986353854362
2021-04-27,2,11.094444444444445,2021-04-27,27717.0,0.013646986353854362
2021-04-28,2,11.083333333333334,2021-04-28,92625.0,0.013646986353854362
2021-04-29,4,11.016666666666667,2021-04-29,4996.799999999999,0.013646986353854362
2021-04-30,3,10.966666666666667,2021-04-30,3150.0,0.013646986353854362
2021-05-03,3,10.86111111111111,2021-05-03,750001.8,0.013646986353854362
2021-05-05,9,10.883333333333333,2021-05-05,111423.408,0.013646986353854362
2021-05-15,17,10.677777777777777,2021-05-15,3577.8,0.013646986353854362
2021-05-21,9,10.655555555555555,2021-05-21,6999.264,0.013646986353854362
2021-05-26,1,10.661111111111111,2021-05-26,515386.48199999996,0.013646986353854362
2021-05-29,1,10.655555555555555,2021-05-29,32857.062,0.013646986353854362
2021-05-31,3,10.516666666666667,2021-05-31,686566.0700000001,0.013646986353854362
2021-06-01,2,10.5,2021-06-01,622024.1370000001,0.013646986353854362
2021-06-02,1,10.45,2021-06-02,5509.8060000000005,0.013646986353854362
2021-06-03,2,10.35,2021-06-03,3393.1499999999996,0.013646986353854362
2021-06-04,1,10.344444444444445,2021-06-04,12975.75,0.013646986353854362
2021-06-05,2,10.3,2021-06-05,14460.0,0.013646986353854362
2021-06-07,1,10.172222222222222,2021-06-07,1365.0,0.013646986353854362
2021-06-09,1,10.13888888888889,2021-06-09,216382.416,0.013646986353854362
2021-06-10,2,10.133333333333333,2021-06-10,400602.28500000003,0.013646986353854362
2021-06-11,1,9.988888888888889,2021-06-11,47920.056,0.013646986353854362
2021-06-17,3,9.916666666666666,2021-06-17,35094.0,0.013646986353854362
2021-06-18,22,9.972222222222221,2021-06-18,35874.33,0.013646986353854362
2021-06-24,1,9.85,2021-06-24,4538.526,0.013646986353854362
2021-06-26,1,9.816666666666666,2021-06-26,15983.849999999999,0.013646986353854362
2021-06-29,1,9.794444444444444,2021-06-29,4622.05,0.013646986353854362
2021-06-30,2,9.666666666666666,2021-06-30,28535.25,0.013646986353854362
2021-07-05,1,9.65,2021-07-05,1072986.657,0.013646986353854362
2021-07-06,1,9.63888888888889,2021-07-06,103162.29000000001,0.013646986353854362
2021-07-17,1,9.333333333333334,2021-07-17,10020.0,0.013646986353854362
2021-07-28,1,9.294444444444444,2021-07-28,55393.409999999996,0.013646986353854362
2021-08-02,5,9.222222222222221,2021-08-02,705.0,0.013646986353854362
2021-08-11,2,9.183333333333334,2021-08-11,75.0,0.013646986353854362
2021-08-16,1,8.972222222222221,2021-08-16,121337.53499999999,0.013646986353854362
2021-08-17,1,8.95,2021-08-17,6856.14,0.013646986353854362
2021-08-28,3,8.86111111111111,2021-08-28,5448.93,0.013646986353854362
2021-08-30,2,8.85,2021-08-30,14970.0,0.013646986353854362
2021-08-31,3,8.577777777777778,2021-08-31,114744.6,0.013646986353854362
2021-09-01,4,8.577777777777778,2021-09-01,71223.29999999999,0.013646986353854362
2021-09-04,1,8.555555555555555,2021-09-04,212.088,0.013646986353854362
2021-09-06,1,8.422222222222222,2021-09-06,2251.5,0.013646986353854362
2021-09-09,1,8.35,2021-09-09,48834.0,0.013646986353854362
2021-09-10,2,8.322222222222223,2021-09-10,42651.75,0.013646986353854362
2021-09-13,1,8.05,2021-09-13,6088.68,0.013646986353854362
2021-09-14,1,8.044444444444444,2021-09-14,7029.299999999999,0.013646986353854362
2021-09-15,2,7.9944444444444445,2021-09-15,31199.154,0.013646986353854362
2021-09-17,3,7.938888888888889,2021-09-17,426.97,0.013646986353854362
2021-09-22,1,7.95,2021-09-22,30567.0,0.013646986353854362
2021-09-27,5,8.0,2021-09-27,52058.520000000004,0.013646986353854362
2021-09-29,1,7.983333333333333,2021-09-29,130030.35,0.013646986353854362
2021-09-30,4,8.0,2021-09-30,316065.0,0.013646986353854362
2021-10-01,1,7.988888888888889,2021-10-01,74973.59999999999,0.013646986353854362
2021-10-05,1,7.938888888888889,2021-10-05,366.0,0.013646986353854362
2021-10-06,1,7.905555555555556,2021-10-06,17221.05,0.013646986353854362
2021-10-07,3,7.794444444444444,2021-10-07,9000.0,0.013646986353854362
2021-10-13,1,7.233333333333333,2021-10-13,5681.3,0.013646986353854362
2021-10-14,2,7.238888888888889,2021-10-14,7440.0,0.013646986353854362
2021-10-15,1,7.2,2021-10-15,7837.68,0.013646986353854362
2021-10-16,17,7.233333333333333,2021-10-16,3780.18,0.013646986353854362
2021-10-19,2,6.966666666666667,2021-10-19,119311.626,0.013646986353854362
2021-10-20,4,6.7444444444444445,2021-10-20,21818.9,0.013646986353854362
2021-10-22,3,6.75,2021-10-22,222093.76799999998,0.013646986353854362
2021-10-23,1,6.705555555555556,2021-10-23,48825.87,0.013646986353854362
2021-10-25,1,6.405555555555556,2021-10-25,347163.2,0.013646986353854362
2021-10-26,1,6.344444444444444,2021-10-26,72065.32500000001,0.013646986353854362
2021-10-27,1,6.05,2021-10-27,11244.417000000001,0.013646986353854362
2021-10-28,3,5.916666666666667,2021-10-28,51041.217,0.013646986353854362
2021-10-30,10,5.95,2021-10-30,5415.0,0.013646986353854362
2021-11-03,1,5.927777777777778,2021-11-03,42627.6,0.013646986353854362
2021-11-10,4,5.527777777777778,2021-11-10,4270.799999999999,0.013646986353854362
2021-11-11,6,5.283333333333333,2021-11-11,5433.45,0.013646986353854362
2021-11-12,2,5.233333333333333,2021-11-12,9.0,0.013646986353854362
2021-11-13,2,5.238888888888889,2021-11-13,17817.0,0.013646986353854362
2021-11-15,6,5.111111111111111,2021-11-15,564579.271,0.013646986353854362
2021-11-16,3,4.938888888888889,2021-11-16,98272.26,0.013646986353854362
2021-11-17,37,5.011111111111111,2021-11-17,135523.812,0.013646986353854362
2021-11-18,12,5.061111111111111,2021-11-18,24256.5,0.013646986353854362
2021-11-19,24,5.155555555555556,2021-11-19,528067.201,0.013646986353854362
2021-11-21,1,5.088888888888889,2021-11-21,19.0,0.013646986353854362
2021-11-22,16,5.133333333333334,2021-11-22,55141.263,0.013646986353854362
2021-11-23,3,5.122222222222222,2021-11-23,113679.228,0.013646986353854362
2021-11-24,29,5.055555555555555,2021-11-24,68803.05900000001,0.013646986353854362
2021-11-25,8,5.094444444444444,2021-11-25,52952.41,0.013646986353854362
2021-11-26,43,5.294444444444444,2021-11-26,67132.861,0.013646986353854362
2021-11-27,26,5.427777777777778,2021-11-27,10010.2,0.013646986353854362
2021-11-29,6,5.416666666666667,2021-11-29,30026.197,0.013646986353854362
2021-11-30,14,5.472222222222222,2021-11-30,91180.433,0.013646986353854362
2021-12-01,28,5.566666666666666,2021-12-01,168705.819,0.013646986353854362
2021-12-02,5,5.583333333333333,2021-12-02,48720.93000000001,0.013646986353854362
2021-12-03,37,5.772222222222222,2021-12-03,44207.321,0.013646986353854362
2021-12-06,4,6.088888888888889,2021-12-06,34779.399999999994,0.013646986353854362
2021-12-07,12,6.133333333333334,2021-12-07,1136005.58,0.013646986353854362
2021-12-08,20,6.211111111111111,2021-12-08,263769.84,0.013646986353854362
2021-12-09,10,6.25,2021-12-09,50024.223,0.013646986353854362
2021-12-10,32,6.405555555555556,2021-12-10,12567.6,0.013646986353854362
2021-12-11,19,6.5,2021-12-11,24244.6,0.013646986353854362
2021-12-13,9,6.516666666666667,2021-12-13,9537.79,0.013646986353854362
2021-12-14,8,6.511111111111111,2021-12-14,151747.112,0.013646986353854362
2021-12-15,26,6.561111111111111,2021-12-15,50947.848,0.013646986353854362
2021-12-16,15,6.622222222222222,2021-12-16,24409.2,0.013646986353854362
2021-12-17,24,6.733333333333333,2021-12-17,117.958,0.013646986353854362
2021-12-18,47,6.983333333333333,2021-12-18,78233.445,0.013646986353854362
2021-12-19,2,6.988888888888889,2021-12-19,71.1,0.013646986353854362
2021-12-20,6,7.0055555555555555,2021-12-20,167363.595,0.013646986353854362
2021-12-21,14,7.055555555555555,2021-12-21,17997.9,0.013646986353854362
2021-12-22,37,7.25,2021-12-22,65125.01,0.013646986353854362
2021-12-23,21,7.344444444444444,2021-12-23,242656.75300000003,0.013646986353854362
2021-12-24,28,7.4944444444444445,2021-12-24,16708.602,0.013646986353854362
2021-12-25,13,7.555555555555555,2021-12-25,7660.2,0.013646986353854362
2021-12-27,20,7.661111111111111,2021-12-27,62948.130000000005,0.013646986353854362
2021-12-28,7,7.666666666666667,2021-12-28,294569.694,0.013646986353854362
2021-12-29,53,7.933333333333334,2021-12-29,82247.245,0.013646986353854362
2021-12-30,18,8.016666666666667,2021-12-30,190456.762,0.013646986353854362
2021-12-31,2,8.022222222222222,2021-12-31,243667.992,0.013646986353854362
2022-01-01,3,8.033333333333333,2022-01-01,12619.06,0.013646986353854362
2022-01-03,12,8.083333333333334,2022-01-03,207804.582,0.013646986353854362
2022-01-04,11,8.127777777777778,2022-01-04,15247.289999999999,0.013646986353854362
2022-01-05,24,8.15,2022-01-05,24484.188000000002,0.013646986353854362
2022-01-06,8,8.005555555555556,2022-01-06,195495.28100000002,0.013646986353854362
2022-01-07,37,8.2,2022-01-07,26241.21,0.013646986353854362
2022-01-08,57,8.505555555555556,2022-01-08,27421.32,0.013646986353854362
2022-01-10,7,8.377777777777778,2022-01-10,194525.988,0.013646986353854362
2022-01-11,13,8.444444444444445,2022-01-11,126201.207,0.013646986353854362
2022-01-12,34,8.55,2022-01-12,610951.16,0.013646986353854362
2022-01-13,15,8.605555555555556,2022-01-13,44280.916,0.013646986353854362
2022-01-14,29,8.755555555555556,2022-01-14,26762.247,0.013646986353854362
2022-01-15,57,8.905555555555555,2022-01-15,243061.24599999998,0.013646986353854362
2022-01-16,6,8.927777777777777,2022-01-16,1489.27,0.013646986353854362
2022-01-17,7,8.96111111111111,2022-01-17,57500.397000000004,0.013646986353854362
2022-01-18,6,8.95,2022-01-18,264677.70900000003,0.013646986353854362
2022-01-19,26,9.061111111111112,2022-01-19,45158.088,0.013646986353854362
2022-01-20,8,9.094444444444445,2022-01-20,4231151.886,0.013646986353854362
2022-01-21,37,9.28888888888889,2022-01-21,174404.583,0.013646986353854362
2022-01-22,47,9.372222222222222,2022-01-22,2788.0660000000003,0.013646986353854362
2022-01-23,6,9.355555555555556,2022-01-23,238.0,0.013646986353854362
2022-01-24,4,9.35,2022-01-24,111755.00200000001,0.013646986353854362
2022-01-25,10,9.383333333333333,2022-01-25,261971.93300000002,0.013646986353854362
2022-01-26,24,9.505555555555556,2022-01-26,103690.462,0.013646986353854362
2022-01-27,18,9.6,2022-01-27,154077.225,0.013646986353854362
2022-01-28,24,9.727777777777778,2022-01-28,77139.934,0.013646986353854362
2022-01-29,59,10.044444444444444,2022-01-29,936.642,0.013646986353854362
2022-01-31,8,10.1,2022-01-31,1385489.418,0.013646986353854362
2022-02-01,7,10.116666666666667,2022-02-01,261916.137,0.013646986353854362
2022-02-02,57,10.416666666666666,2022-02-02,1785506.268,0.013646986353854362
2022-02-03,6,10.422222222222222,2022-02-03,271890.424,0.013646986353854362
2022-02-04,72,10.805555555555555,2022-02-04,56821.252,0.013646986353854362
2022-02-05,22,10.877777777777778,2022-02-05,237546.73799999998,0.013646986353854362
2022-02-07,6,10.922222222222222,2022-02-07,35838.747,0.013646986353854362
2022-02-08,5,10.944444444444445,2022-02-08,310387.146,0.013646986353854362
2022-02-09,40,11.161111111111111,2022-02-09,56711.123999999996,0.013646986353854362
2022-02-10,20,11.177777777777777,2022-02-10,255991.719,0.013646986353854362
2022-02-11,57,11.444444444444445,2022-02-11,120951.72899999999,0.013646986353854362
2022-02-12,33,11.588888888888889,2022-02-12,465.078,0.013646986353854362
2022-02-14,10,11.65,2022-02-14,297691.462,0.013646986353854362
2022-02-15,5,11.661111111111111,2022-02-15,263492.85,0.013646986353854362
2022-02-16,40,11.872222222222222,2022-02-16,57032.275,0.013646986353854362
2022-02-17,26,12.011111111111111,2022-02-17,71895.981,0.013646986353854362
2022-02-18,41,12.227777777777778,2022-02-18,64121.361,0.013646986353854362
2022-02-19,36,12.422222222222222,2022-02-19,41600.01,0.013646986353854362
2022-02-20,13,12.483333333333333,2022-02-20,2158.982,0.013646986353854362
2022-02-21,10,12.527777777777779,2022-02-21,110239.038,0.013646986353854362
2022-02-22,6,12.555555555555555,2022-02-22,838585.525,0.013646986353854362
2022-02-23,34,12.738888888888889,2022-02-23,171361.451,0.013646986353854362
2022-02-24,16,12.816666666666666,2022-02-24,188154.785,0.013646986353854362
2022-02-25,19,12.916666666666666,2022-02-25,103278.298,0.013646986353854362
2022-02-26,76,13.322222222222223,2022-02-26,7880.396,0.013646986353854362
2022-02-27,2,13.21111111111111,2022-02-27,142407.41,0.013646986353854362
2022-02-28,7,13.244444444444444,2022-02-28,1173074.509,0.013646986353854362
2022-03-01,16,13.327777777777778,2022-03-01,712753.318,0.013646986353854362
2022-03-02,41,13.55,2022-03-02,488438.111,0.013646986353854362
2022-03-03,12,13.61111111111111,2022-03-03,24557.992,0.013646986353854362
2022-03-04,45,13.85,2022-03-04,325047.925,0.013646986353854362
2022-03-05,116,14.488888888888889,2022-03-05,8163.589999999999,0.013646986353854362
2022-03-06,2,14.494444444444444,2022-03-06,824.0,0.013646986353854362
2022-03-07,14,14.53888888888889,2022-03-07,227416.697,0.013646986353854362
2022-03-08,5,14.483333333333333,2022-03-08,309841.564,0.013646986353854362
2022-03-09,23,14.522222222222222,2022-03-09,101271.333,0.013646986353854362
2022-03-10,22,14.633333333333333,2022-03-10,298861.058,0.013646986353854362
2022-03-11,53,14.916666666666666,2022-03-11,344593.524,0.013646986353854362
2022-03-12,33,15.094444444444445,2022-03-12,7945.069,0.013646986353854362
2022-03-13,1,15.094444444444445,2022-03-13,493.659,0.013646986353854362
2022-03-14,49,15.36111111111111,2022-03-14,333536.394,0.013646986353854362
2022-03-15,12,15.4,2022-03-15,175728.62099999998,0.013646986353854362
2022-03-16,34,15.577777777777778,2022-03-16,114634.728,0.013646986353854362
2022-03-17,19,15.661111111111111,2022-03-17,559395.034,0.013646986353854362
2022-03-18,35,15.844444444444445,2022-03-18,331643.995,0.013646986353854362
2022-03-19,97,16.377777777777776,2022-03-19,11855.841,0.013646986353854362
2022-03-20,16,16.461111111111112,2022-03-20,1329.366,0.013646986353854362
2022-03-21,9,16.505555555555556,2022-03-21,268684.727,0.013646986353854362
2022-03-22,3,16.516666666666666,2022-03-22,59067.969,0.013646986353854362
2022-03-23,42,16.733333333333334,2022-03-23,1003742.977,0.013646986353854362
2022-03-24,6,16.755555555555556,2022-03-24,184397.536,0.013646986353854362
2022-03-25,29,16.9,2022-03-25,95329.741,0.013646986353854362
2022-03-26,98,17.42222222222222,2022-03-26,687728.2019999999,0.013646986353854362
2022-03-27,8,17.461111111111112,2022-03-27,1110.484,0.013646986353854362
2022-03-28,15,17.538888888888888,2022-03-28,377420.376,0.013646986353854362
2022-03-29,6,17.566666666666666,2022-03-29,387334.401,0.013646986353854362
2022-03-30,21,17.677777777777777,2022-03-30,98370.041,0.013646986353854362
2022-03-31,30,17.833333333333332,2022-03-31,75179.842,0.013646986353854362
2022-04-01,41,18.038888888888888,2022-04-01,440361.75899999996,0.013646986353854362
2022-04-02,52,18.322222222222223,2022-04-02,6508.8,0.013646986353854362
2022-04-03,1,18.322222222222223,2022-04-03,101222.036,0.013646986353854362
2022-04-04,38,18.522222222222222,2022-04-04,617754.748,0.013646986353854362
2022-04-05,9,18.555555555555557,2022-04-05,273257.289,0.013646986353854362
2022-04-06,34,18.7,2022-04-06,30576.963,0.013646986353854362
2022-04-07,14,18.772222222222222,2022-04-07,108764.759,0.013646986353854362
2022-04-08,19,18.783333333333335,2022-04-08,90101.91500000001,0.013646986353854362
2022-04-09,103,19.344444444444445,2022-04-09,345.0,0.013646986353854362
2022-04-10,2,19.32777777777778,2022-04-10,12055.785,0.013646986353854362
2022-04-11,8,19.366666666666667,2022-04-11,36667.428,0.013646986353854362
2022-04-12,6,19.377777777777776,2022-04-12,278000.73,0.013646986353854362
2022-04-13,40,19.594444444444445,2022-04-13,138457.022,0.013646986353854362
2022-04-14,6,19.622222222222224,2022-04-14,121036.447,0.013646986353854362
2022-04-15,44,19.86111111111111,2022-04-15,379091.876,0.013646986353854362
2022-04-16,55,20.15,2022-04-16,111612.39600000001,0.013646986353854362
2022-04-17,1,20.15,2022-04-17,2151.395,0.013646986353854362
2022-04-18,12,20.211111111111112,2022-04-18,334755.594,0.013646986353854362
2022-04-19,6,20.233333333333334,2022-04-19,260084.612,0.013646986353854362
2022-04-20,20,20.33888888888889,2022-04-20,1211706.339,0.013646986353854362
2022-04-21,7,20.366666666666667,2022-04-21,55966.266,0.013646986353854362
2022-04-22,21,20.477777777777778,2022-04-22,202465.062,0.013646986353854362
2022-04-23,79,20.822222222222223,2022-04-23,6056.01,0.013646986353854362
2022-04-24,3,20.833333333333332,2022-04-24,869.29,0.013646986353854362
2022-04-25,8,20.872222222222224,2022-04-25,214278.66400000002,0.013646986353854362
2022-04-26,11,20.92222222222222,2022-04-26,417728.947,0.013646986353854362
2022-04-27,35,21.094444444444445,2022-04-27,242770.628,0.013646986353854362
2022-04-28,25,21.216666666666665,2022-04-28,157522.37,0.013646986353854362
2022-04-29,40,21.433333333333334,2022-04-29,153000.644,0.013646986353854362
2022-04-30,63,21.77777777777778,2022-04-30,91981.901,0.013646986353854362
2022-05-01,2,21.783333333333335,2022-05-01,3109.368,0.013646986353854362
2022-05-02,4,21.8,2022-05-02,446.0,0.013646986353854362
2022-05-03,9,21.844444444444445,2022-05-03,5985.25,0.013646986353854362
2022-05-04,23,21.955555555555556,2022-05-04,357075.94299999997,0.013646986353854362
2022-05-05,9,21.95,2022-05-05,418120.064,0.013646986353854362
2022-05-06,47,22.205555555555556,2022-05-06,114332.27100000001,0.013646986353854362
2022-05-07,96,22.72222222222222,2022-05-07,10900.413,0.013646986353854362
2022-05-08,3,22.727777777777778,2022-05-08,1011.9459999999999,0.013646986353854362
2022-05-09,9,22.755555555555556,2022-05-09,60191.424999999996,0.013646986353854362
2022-05-10,5,22.761111111111113,2022-05-10,116219.258,0.013646986353854362
2022-05-11,25,22.866666666666667,2022-05-11,54776.263999999996,0.013646986353854362
2022-05-12,28,23.011111111111113,2022-05-12,166489.343,0.013646986353854362
2022-05-13,66,23.366666666666667,2022-05-13,107745.239,0.013646986353854362
2022-05-14,37,23.52777777777778,2022-05-14,24221.398,0.013646986353854362
2022-05-15,8,23.538888888888888,2022-05-15,12191.064,0.013646986353854362
2022-05-16,27,23.67222222222222,2022-05-16,138141.841,0.013646986353854362
2022-05-17,6,23.5,2022-05-17,170962.172,0.013646986353854362
2022-05-18,34,23.622222222222224,2022-05-18,154095.932,0.013646986353854362
2022-05-19,7,23.52777777777778,2022-05-19,140497.90600000002,0.013646986353854362
2022-05-20,26,23.36111111111111,2022-05-20,146831.029,0.013646986353854362
2022-05-21,71,23.75,2022-05-21,43861.405,0.013646986353854362
2022-05-22,10,23.716666666666665,2022-05-22,5372.38,0.013646986353854362
2022-05-23,25,23.83888888888889,2022-05-23,333515.292,0.013646986353854362
2022-05-24,8,23.72222222222222,2022-05-24,222458.859,0.013646986353854362
2022-05-25,27,23.82777777777778,2022-05-25,166055.817,0.013646986353854362
2022-05-26,13,23.66111111111111,2022-05-26,75005.32,0.013646986353854362
2022-05-27,24,23.65,2022-05-27,233872.626,0.013646986353854362
2022-05-28,82,24.094444444444445,2022-05-28,11540.085,0.013646986353854362
2022-05-29,1,24.066666666666666,2022-05-29,41.096000000000004,0.013646986353854362
2022-05-30,14,24.066666666666666,2022-05-30,90756.79400000001,0.013646986353854362
2022-05-31,44,24.155555555555555,2022-05-31,171463.851,0.013646986353854362
2022-06-01,14,24.205555555555556,2022-06-01,58850.49,0.013646986353854362
2022-06-02,9,24.05,2022-06-02,84860.321,0.013646986353854362
2022-06-03,50,23.988888888888887,2022-06-03,161827.691,0.013646986353854362
2022-06-04,51,24.25,2022-06-04,37547.596,0.013646986353854362
2022-06-06,6,24.261111111111113,2022-06-06,46171.459,0.013646986353854362
2022-06-07,9,24.244444444444444,2022-06-07,370955.119,0.013646986353854362
2022-06-08,22,24.255555555555556,2022-06-08,74698.182,0.013646986353854362
2022-06-09,13,24.272222222222222,2022-06-09,252471.555,0.013646986353854362
2022-06-10,52,24.383333333333333,2022-06-10,20659.436,0.013646986353854362
2022-06-11,53,24.572222222222223,2022-06-11,2227.55,0.013646986353854362
2022-06-12,11,24.61111111111111,2022-06-12,467.976,0.013646986353854362
2022-06-13,21,24.677777777777777,2022-06-13,531561.076,0.013646986353854362
2022-06-14,23,24.761111111111113,2022-06-14,308933.254,0.013646986353854362
2022-06-15,35,24.81111111111111,2022-06-15,24365.956000000002,0.013646986353854362
2022-06-16,13,24.8,2022-06-16,71963.433,0.013646986353854362
2022-06-17,41,24.894444444444446,2022-06-17,112877.56300000001,0.013646986353854362
2022-06-18,59,24.961111111111112,2022-06-18,31142.708,0.013646986353854362
2022-06-19,3,24.966666666666665,2022-06-19,974.57,0.013646986353854362
2022-06-20,30,25.1,2022-06-20,193807.90300000002,0.013646986353854362
2022-06-21,7,25.06111111111111,2022-06-21,130660.521,0.013646986353854362
2022-06-22,26,25.0,2022-06-22,94723.137,0.013646986353854362
2022-06-23,14,24.961111111111112,2022-06-23,76611.894,0.013646986353854362
2022-06-24,8,24.85,2022-06-24,13078.213,0.013646986353854362
2022-06-25,70,25.166666666666668,2022-06-25,18223.0,0.013646986353854362
2022-06-27,36,25.322222222222223,2022-06-27,128818.753,0.013646986353854362
2022-06-28,13,25.355555555555554,2022-06-28,64266.997,0.013646986353854362
2022-06-29,40,25.283333333333335,2022-06-29,273555.496,0.013646986353854362
2022-06-30,21,25.3,2022-06-30,68252.935,0.013646986353854362
2022-07-01,11,25.35,2022-07-01,375073.242,0.013646986353854362
2022-07-03,2,25.866666666666667,2022-07-03,1425.989,0.013646986353854362
2022-07-04,11,25.866666666666667,2022-07-04,37708.172999999995,0.013646986353854362
2022-07-05,12,25.8,2022-07-05,145483.335,0.013646986353854362
2022-07-06,30,25.92222222222222,2022-07-06,124577.867,0.013646986353854362
2022-07-07,26,25.86111111111111,2022-07-07,178363.02,0.013646986353854362
2022-07-08,6,25.57777777777778,2022-07-08,42080.86,0.013646986353854362
2022-07-11,5,25.83888888888889,2022-07-11,131909.027,0.013646986353854362
2022-07-12,42,25.883333333333333,2022-07-12,542034.467,0.013646986353854362
2022-07-13,26,25.944444444444443,2022-07-13,26061.599000000002,0.013646986353854362
2022-07-14,8,25.82777777777778,2022-07-14,75197.697,0.013646986353854362
2022-07-15,19,25.616666666666667,2022-07-15,59157.52,0.013646986353854362
2022-07-16,74,25.994444444444444,2022-07-16,21863.893,0.013646986353854362
2022-07-17,27,26.105555555555554,2022-07-17,7425.0,0.013646986353854362
2022-07-18,14,26.15,2022-07-18,48497.896,0.013646986353854362
2022-07-19,17,26.1,2022-07-19,62435.67799999999,0.013646986353854362
2022-07-20,34,26.244444444444444,2022-07-20,195766.162,0.013646986353854362
2022-07-21,17,26.133333333333333,2022-07-21,76183.925,0.013646986353854362
2022-07-22,15,25.955555555555556,2022-07-22,46327.864,0.013646986353854362
2022-07-23,120,26.58888888888889,2022-07-23,32365.374,0.013646986353854362
2022-07-25,26,26.66111111111111,2022-07-25,1305.0,0.013646986353854362
2022-07-26,20,26.63888888888889,2022-07-26,568626.604,0.013646986353854362
2022-07-27,20,26.65,2022-07-27,60676.601,0.013646986353854362
2022-07-28,9,26.566666666666666,2022-07-28,871382.701,0.013646986353854362
2022-07-29,19,26.344444444444445,2022-07-29,46124.399,0.013646986353854362
2022-07-30,76,26.733333333333334,2022-07-30,66.0,0.013646986353854362
2022-07-31,7,26.727777777777778,2022-07-31,4890.9259999999995,0.013646986353854362
2022-08-01,8,26.733333333333334,2022-08-01,490925.333,0.013646986353854362
2022-08-02,18,26.516666666666666,2022-08-02,221280.566,0.013646986353854362
2022-08-03,43,26.72222222222222,2022-08-03,41256.134,0.013646986353854362
2022-08-04,27,26.47222222222222,2022-08-04,63711.22,0.013646986353854362
2022-08-05,23,26.477777777777778,2022-08-05,51468.331,0.013646986353854362
2022-08-06,28,26.605555555555554,2022-08-06,8523.419,0.013646986353854362
2022-08-07,6,26.605555555555554,2022-08-07,5212.5,0.013646986353854362
2022-08-08,42,26.81111111111111,2022-08-08,100149.304,0.013646986353854362
2022-08-09,6,26.622222222222224,2022-08-09,42460.315,0.013646986353854362
2022-08-10,28,26.666666666666668,2022-08-10,177075.508,0.013646986353854362
2022-08-11,5,26.377777777777776,2022-08-11,67498.379,0.013646986353854362
2022-08-12,19,26.3,2022-08-12,735854.7220000001,0.013646986353854362
2022-08-13,40,26.505555555555556,2022-08-13,13919.041,0.013646986353854362
2022-08-14,1,26.455555555555556,2022-08-14,8511.21,0.013646986353854362
2022-08-15,4,26.45,2022-08-15,42021.405,0.013646986353854362
2022-08-16,15,26.31111111111111,2022-08-16,71189.43400000001,0.013646986353854362
2022-08-17,19,26.272222222222222,2022-08-17,83404.34,0.013646986353854362
2022-08-18,5,26.072222222222223,2022-08-18,62697.221,0.013646986353854362
2022-08-19,25,26.011111111111113,2022-08-19,79740.92,0.013646986353854362
2022-08-20,24,26.072222222222223,2022-08-20,71142.962,0.013646986353854362
2022-08-22,12,26.055555555555557,2022-08-22,36251.883,0.013646986353854362
2022-08-23,8,25.91111111111111,2022-08-23,303807.52,0.013646986353854362
2022-08-24,20,25.933333333333334,2022-08-24,210440.716,0.013646986353854362
2022-08-25,11,25.88888888888889,2022-08-25,82248.803,0.013646986353854362
2022-08-26,29,25.627777777777776,2022-08-26,137494.167,0.013646986353854362
2022-08-27,63,25.966666666666665,2022-08-27,147585.45799999998,0.013646986353854362
2022-08-28,1,25.933333333333334,2022-08-28,32137.734,0.013646986353854362
2022-08-29,10,25.9,2022-08-29,108664.243,0.013646986353854362
2022-08-30,5,25.7,2022-08-30,214995.39,0.013646986353854362
2022-08-31,26,25.77777777777778,2022-08-31,92836.995,0.013646986353854362
2022-09-01,12,25.594444444444445,2022-09-01,190292.657,0.013646986353854362
2022-09-02,4,24.97222222222222,2022-09-02,77790.51299999999,0.013646986353854362
2022-09-03,83,25.42222222222222,2022-09-03,16170.181999999999,0.013646986353854362
2022-09-04,3,25.36111111111111,2022-09-04,5212.96,0.013646986353854362
2022-09-05,8,25.377777777777776,2022-09-05,104330.69,0.013646986353854362
2022-09-06,18,25.35,2022-09-06,412338.89999999997,0.013646986353854362
2022-09-07,21,25.344444444444445,2022-09-07,137512.644,0.013646986353854362
2022-09-08,8,25.094444444444445,2022-09-08,94201.767,0.013646986353854362
2022-09-09,20,25.022222222222222,2022-09-09,146707.248,0.013646986353854362
2022-09-10,75,25.433333333333334,2022-09-10,76002.072,0.013646986353854362
2022-09-11,12,25.227777777777778,2022-09-11,5826.371,0.013646986353854362
2022-09-12,10,25.216666666666665,2022-09-12,164895.89500000002,0.013646986353854362
2022-09-13,6,25.06111111111111,2022-09-13,163483.199,0.013646986353854362
2022-09-14,48,25.22222222222222,2022-09-14,196856.603,0.013646986353854362
2022-09-15,9,25.07777777777778,2022-09-15,90158.234,0.013646986353854362
2022-09-16,10,24.594444444444445,2022-09-16,413763.638,0.013646986353854362
2022-09-17,97,25.044444444444444,2022-09-17,19547.634,0.013646986353854362
2022-09-18,4,25.016666666666666,2022-09-18,156.446,0.013646986353854362
2022-09-19,19,25.105555555555554,2022-09-19,85460.03199999999,0.013646986353854362
2022-09-20,8,24.916666666666668,2022-09-20,932094.254,0.013646986353854362
2022-09-21,31,25.055555555555557,2022-09-21,68361.342,0.013646986353854362
2022-09-22,18,24.994444444444444,2022-09-22,160711.855,0.013646986353854362
2022-09-23,31,24.622222222222224,2022-09-23,148182.077,0.013646986353854362
2022-09-24,77,25.005555555555556,2022-09-24,118815.407,0.013646986353854362
2022-09-26,7,24.966666666666665,2022-09-26,209940.142,0.013646986353854362
2022-09-27,12,24.916666666666668,2022-09-27,72914.513,0.013646986353854362
2022-09-28,21,24.866666666666667,2022-09-28,245711.68099999998,0.013646986353854362
2022-09-29,15,24.72222222222222,2022-09-29,40891.457,0.013646986353854362
2022-09-30,39,24.65,2022-09-30,96027.374,0.013646986353854362
2022-10-01,81,25.094444444444445,2022-10-01,28612.93,0.013646986353854362
2022-10-02,6,24.916666666666668,2022-10-02,1244.984,0.013646986353854362
2022-10-03,17,24.961111111111112,2022-10-03,209857.066,0.013646986353854362
2022-10-04,11,24.833333333333332,2022-10-04,107565.674,0.013646986353854362
2022-10-05,26,24.9,2022-10-05,126265.368,0.013646986353854362
2022-10-06,19,24.9,2022-10-06,186528.597,0.013646986353854362
2022-10-07,20,24.43888888888889,2022-10-07,211469.139,0.013646986353854362
2022-10-08,91,24.933333333333334,2022-10-08,5554.664000000001,0.013646986353854362
2022-10-09,5,24.916666666666668,2022-10-09,760.75,0.013646986353854362
2022-10-10,9,24.933333333333334,2022-10-10,302325.388,0.013646986353854362
2022-10-11,35,24.905555555555555,2022-10-11,226338.7,0.013646986353854362
2022-10-12,8,24.916666666666668,2022-10-12,25252.026,0.013646986353854362
2022-10-13,10,24.727777777777778,2022-10-13,423426.86299999995,0.013646986353854362
2022-10-14,12,24.488888888888887,2022-10-14,121245.876,0.013646986353854362
2022-10-15,100,25.038888888888888,2022-10-15,35617.507,0.013646986353854362
2022-10-16,6,25.005555555555556,2022-10-16,1264.776,0.013646986353854362
2022-10-17,27,25.122222222222224,2022-10-17,112310.78099999999,0.013646986353854362
2022-10-18,10,25.066666666666666,2022-10-18,81533.098,0.013646986353854362
2022-10-19,21,25.144444444444446,2022-10-19,41729.043,0.013646986353854362
2022-10-20,13,25.1,2022-10-20,39522.989,0.013646986353854362
2022-10-21,23,24.788888888888888,2022-10-21,144843.933,0.013646986353854362
2022-10-22,88,25.261111111111113,2022-10-22,101448.822,0.013646986353854362
2022-10-23,15,25.3,2022-10-23,27003.985,0.013646986353854362
2022-10-24,9,25.288888888888888,2022-10-24,128430.561,0.013646986353854362
2022-10-25,14,25.17222222222222,2022-10-25,108379.751,0.013646986353854362
2022-10-26,24,25.166666666666668,2022-10-26,171851.122,0.013646986353854362
2022-10-27,19,25.05,2022-10-27,281885.879,0.013646986353854362
2022-10-28,21,24.816666666666666,2022-10-28,307795.294,0.013646986353854362
2022-10-29,68,25.183333333333334,2022-10-29,53334.531,0.013646986353854362
2022-10-30,15,25.244444444444444,2022-10-30,18381.324,0.013646986353854362
2022-10-31,8,25.238888888888887,2022-10-31,371121.779,0.013646986353854362
2022-11-01,13,25.183333333333334,2022-11-01,123965.411,0.013646986353854362
2022-11-02,23,25.261111111111113,2022-11-02,223127.813,0.013646986353854362
2022-11-03,14,25.07777777777778,2022-11-03,94859.90000000001,0.013646986353854362
2022-11-04,26,24.68888888888889,2022-11-04,201297.401,0.013646986353854362
2022-11-05,69,25.055555555555557,2022-11-05,9706.897,0.013646986353854362
2022-11-06,28,25.16111111111111,2022-11-06,4816.323,0.013646986353854362
2022-11-07,8,25.177777777777777,2022-11-07,454952.813,0.013646986353854362
2022-11-08,10,25.094444444444445,2022-11-08,212636.959,0.013646986353854362
2022-11-09,30,25.105555555555554,2022-11-09,390957.80799999996,0.013646986353854362
2022-11-10,25,24.877777777777776,2022-11-10,81641.058,0.013646986353854362
2022-11-11,11,24.733333333333334,2022-11-11,494853.92699999997,0.013646986353854362
2022-11-12,88,25.177777777777777,2022-11-12,69823.781,0.013646986353854362
2022-11-13,19,25.133333333333333,2022-11-13,27737.92,0.013646986353854362
2022-11-14,7,25.13888888888889,2022-11-14,311189.007,0.013646986353854362
2022-11-15,7,24.988888888888887,2022-11-15,171918.662,0.013646986353854362
2022-11-16,25,25.08888888888889,2022-11-16,303118.548,0.013646986353854362
2022-11-17,35,25.13888888888889,2022-11-17,97077.37299999999,0.013646986353854362
2022-11-18,19,24.85,2022-11-18,100379.496,0.013646986353854362
2022-11-19,82,25.25,2022-11-19,17093.404000000002,0.013646986353854362
2022-11-20,13,25.183333333333334,2022-11-20,297.4,0.013646986353854362
2022-11-21,13,25.211111111111112,2022-11-21,127293.147,0.013646986353854362
2022-11-22,22,25.183333333333334,2022-11-22,235267.865,0.013646986353854362
2022-11-23,29,25.272222222222222,2022-11-23,218908.53,0.013646986353854362
2022-11-24,12,25.205555555555556,2022-11-24,55795.409999999996,0.013646986353854362
2022-11-25,7,24.788888888888888,2022-11-25,100888.083,0.013646986353854362
2022-11-26,121,25.455555555555556,2022-11-26,22042.731,0.013646986353854362
2022-11-27,11,25.43888888888889,2022-11-27,16475.649999999998,0.013646986353854362
2022-11-28,20,25.305555555555557,2022-11-28,63989.1,0.013646986353854362
2022-11-29,15,25.31111111111111,2022-11-29,240440.306,0.013646986353854362
2022-11-30,20,25.372222222222224,2022-11-30,188602.39,0.013646986353854362
2022-12-01,6,25.127777777777776,2022-12-01,633911.866,0.013646986353854362
2022-12-02,10,24.9,2022-12-02,40831.127,0.013646986353854362
2022-12-03,119,25.52777777777778,2022-12-03,3405.968,0.013646986353854362
2022-12-04,2,25.488888888888887,2022-12-04,3171.249,0.013646986353854362
2022-12-05,14,25.444444444444443,2022-12-05,634608.1039999999,0.013646986353854362
2022-12-06,10,25.427777777777777,2022-12-06,13711.771,0.013646986353854362
2022-12-07,35,25.333333333333332,2022-12-07,111624.278,0.013646986353854362
2022-12-08,17,25.133333333333333,2022-12-08,146163.405,0.013646986353854362
2022-12-09,8,25.116666666666667,2022-12-09,52237.079,0.013646986353854362
2022-12-10,82,25.455555555555556,2022-12-10,17765.311,0.013646986353854362
2022-12-11,5,25.355555555555554,2022-12-11,1445.6779999999999,0.013646986353854362
2022-12-12,9,25.211111111111112,2022-12-12,296830.419,0.013646986353854362
2022-12-13,13,25.211111111111112,2022-12-13,253187.83000000002,0.013646986353854362
2022-12-14,46,25.238888888888887,2022-12-14,106450.609,0.013646986353854362
2022-12-15,21,25.02777777777778,2022-12-15,148270.725,0.013646986353854362
2022-12-16,21,25.127777777777776,2022-12-16,249227.891,0.013646986353854362
2022-12-17,81,25.41111111111111,2022-12-17,2613.44,0.013646986353854362
2022-12-18,5,25.4,2022-12-18,57921.887,0.013646986353854362
2022-12-19,30,25.42222222222222,2022-12-19,136476.408,0.013646986353854362
2022-12-20,26,25.488888888888887,2022-12-20,333223.997,0.013646986353854362
2022-12-21,18,25.544444444444444,2022-12-21,95478.022,0.013646986353854362
2022-12-22,33,25.33888888888889,2022-12-22,251560.421,0.013646986353854362
2022-12-23,18,25.36111111111111,2022-12-23,166242.706,0.013646986353854362
2022-12-24,76,25.583333333333332,2022-12-24,42610.039,0.013646986353854362
2022-12-25,11,25.572222222222223,2022-12-25,2838.115,0.013646986353854362
2022-12-26,11,25.41111111111111,2022-12-26,76069.816,0.013646986353854362
2022-12-27,16,25.383333333333333,2022-12-27,145577.367,0.013646986353854362
2022-12-28,26,25.466666666666665,2022-12-28,375409.158,0.013646986353854362
2022-12-29,21,24.994444444444444,2022-12-29,102492.926,0.013646986353854362
2022-12-30,4,25.005555555555556,2022-12-30,176261.74,0.013646986353854362
2022-12-31,32,25.122222222222224,2022-12-31,475282.222,0.013646986353854362
2023-01-01,7,25.094444444444445,2023-01-01,8672.872,0.013646986353854362
2023-01-02,10,24.983333333333334,2023-01-02,136292.203,0.013646986353854362
2023-01-03,2,24.85,2023-01-03,1002586.4990000001,0.013646986353854362
2023-01-04,28,24.97222222222222,2023-01-04,107219.02100000001,0.013646986353854362
2023-01-05,17,24.727777777777778,2023-01-05,241861.633,0.013646986353854362
2023-01-06,18,24.788888888888888,2023-01-06,284900.611,0.013646986353854362
2023-01-07,75,25.177777777777777,2023-01-07,10488.842,0.013646986353854362
2023-01-08,3,24.961111111111112,2023-01-08,30268.577999999998,0.013646986353854362
2023-01-09,8,24.86111111111111,2023-01-09,81275.13799999999,0.013646986353854362
2023-01-10,15,24.9,2023-01-10,100743.413,0.013646986353854362
2023-01-11,32,24.97222222222222,2023-01-11,283817.707,0.013646986353854362
2023-01-12,16,24.65,2023-01-12,65978.602,0.013646986353854362
2023-01-13,6,24.533333333333335,2023-01-13,116440.027,0.013646986353854362
2023-01-14,77,24.883333333333333,2023-01-14,82805.919,0.013646986353854362
2023-01-15,5,24.816666666666666,2023-01-15,84259.43,0.013646986353854362
2023-01-16,6,24.66111111111111,2023-01-16,179047.022,0.013646986353854362
2023-01-17,23,24.694444444444443,2023-01-17,191413.044,0.013646986353854362
2023-01-18,29,24.772222222222222,2023-01-18,29235.932,0.013646986353854362
2023-01-19,11,24.166666666666668,2023-01-19,177658.986,0.013646986353854362
2023-01-20,16,24.25,2023-01-20,149315.357,0.013646986353854362
2023-01-21,103,24.677777777777777,2023-01-21,134402.156,0.013646986353854362
2023-01-22,23,24.694444444444443,2023-01-22,6128.937,0.013646986353854362
2023-01-23,20,24.694444444444443,2023-01-23,101081.921,0.013646986353854362
2023-01-24,11,24.705555555555556,2023-01-24,40356.392,0.013646986353854362
2023-01-25,41,24.82777777777778,2023-01-25,150101.34,0.013646986353854362
2023-01-26,8,24.45,2023-01-26,329542.425,0.013646986353854362
2023-01-27,4,24.433333333333334,2023-01-27,59328.429000000004,0.013646986353854362
2023-01-28,86,24.866666666666667,2023-01-28,17038.957,0.013646986353854362
2023-01-29,8,24.81111111111111,2023-01-29,1502.954,0.013646986353854362
2023-01-30,27,24.72222222222222,2023-01-30,543030.999,0.013646986353854362
2023-01-31,6,24.605555555555554,2023-01-31,477334.517,0.013646986353854362
2023-02-01,53,24.772222222222222,2023-02-01,127747.896,0.013646986353854362
2023-02-02,18,24.716666666666665,2023-02-02,119845.667,0.013646986353854362
2023-02-03,2,24.694444444444443,2023-02-03,159868.657,0.013646986353854362
2023-02-04,107,25.055555555555557,2023-02-04,73399.353,0.013646986353854362
2023-02-05,10,25.07777777777778,2023-02-05,5959.266,0.013646986353854362
2023-02-06,12,24.988888888888887,2023-02-06,101034.789,0.013646986353854362
2023-02-07,11,25.022222222222222,2023-02-07,90417.982,0.013646986353854362
2023-02-08,32,25.094444444444445,2023-02-08,51264.399,0.013646986353854362
2023-02-09,39,25.08888888888889,2023-02-09,134890.911,0.013646986353854362
2023-02-10,12,25.15,2023-02-10,224021.84699999998,0.013646986353854362
2023-02-11,79,25.566666666666666,2023-02-11,40384.666,0.013646986353854362
2023-02-12,8,25.52777777777778,2023-02-12,2250.344,0.013646986353854362
2023-02-13,8,25.466666666666665,2023-02-13,168370.912,0.013646986353854362
2023-02-14,13,25.511111111111113,2023-02-14,64111.719000000005,0.013646986353854362
2023-02-15,43,25.61111111111111,2023-02-15,245334.481,0.013646986353854362
2023-02-16,15,25.56111111111111,2023-02-16,119236.853,0.013646986353854362
2023-02-17,11,25.616666666666667,2023-02-17,105669.532,0.013646986353854362
2023-02-18,75,25.966666666666665,2023-02-18,17377.996,0.013646986353854362
2023-02-19,15,26.005555555555556,2023-02-19,2549.857,0.013646986353854362
2023-02-20,26,26.038888888888888,2023-02-20,255632.381,0.013646986353854362
2023-02-21,12,26.044444444444444,2023-02-21,206237.494,0.013646986353854362
2023-02-22,39,26.1,2023-02-22,123524.65,0.013646986353854362
2023-02-23,17,25.844444444444445,2023-02-23,142748.45,0.013646986353854362
2023-02-24,16,25.927777777777777,2023-02-24,417511.791,0.013646986353854362
2023-02-25,114,26.505555555555556,2023-02-25,85307.333,0.013646986353854362
2023-02-26,12,26.544444444444444,2023-02-26,2834.718,0.013646986353854362
2023-02-27,14,26.477777777777778,2023-02-27,251624.813,0.013646986353854362
2023-02-28,20,26.522222222222222,2023-02-28,498378.337,0.013646986353854362
2023-03-01,38,26.711111111111112,2023-03-01,105123.831,0.013646986353854362
2023-03-02,12,26.316666666666666,2023-03-02,159484.215,0.013646986353854362
2023-03-03,11,26.36111111111111,2023-03-03,64569.520000000004,0.013646986353854362
2023-03-04,93,26.833333333333332,2023-03-04,53189.441,0.013646986353854362
2023-03-05,16,26.822222222222223,2023-03-05,8921.582,0.013646986353854362
2023-03-06,30,26.872222222222224,2023-03-06,210333.059,0.013646986353854362
2023-03-07,11,26.88888888888889,2023-03-07,279385.201,0.013646986353854362
2023-03-08,39,26.994444444444444,2023-03-08,123347.92700000001,0.013646986353854362
2023-03-09,19,26.683333333333334,2023-03-09,196643.64,0.013646986353854362
2023-03-10,4,26.63888888888889,2023-03-10,247754.019,0.013646986353854362
2023-03-11,103,27.155555555555555,2023-03-11,10312.266,0.013646986353854362
2023-03-12,28,27.27777777777778,2023-03-12,2587.4300000000003,0.013646986353854362
2023-03-13,41,27.238888888888887,2023-03-13,505479.55999999994,0.013646986353854362
2023-03-14,14,27.266666666666666,2023-03-14,179255.7,0.013646986353854362
2023-03-15,43,27.45,2023-03-15,194601.388,0.013646986353854362
2023-03-16,26,27.055555555555557,2023-03-16,149500.728,0.013646986353854362
2023-03-17,6,27.066666666666666,2023-03-17,170555.128,0.013646986353854362
2023-03-18,87,27.444444444444443,2023-03-18,43878.72,0.013646986353854362
2023-03-19,15,27.483333333333334,2023-03-19,6305.129,0.013646986353854362
2023-03-20,11,27.372222222222224,2023-03-20,74708.995,0.013646986353854362
2023-03-21,12,27.33888888888889,2023-03-21,325459.627,0.013646986353854362
2023-03-22,24,27.3,2023-03-22,98481.42700000001,0.013646986353854362
2023-03-23,35,27.066666666666666,2023-03-23,163784.231,0.013646986353854362
2023-03-24,25,27.166666666666668,2023-03-24,197969.989,0.013646986353854362
2023-03-25,118,27.783333333333335,2023-03-25,103144.009,0.013646986353854362
2023-03-26,4,27.738888888888887,2023-03-26,3843.08,0.013646986353854362
2023-03-27,18,27.72222222222222,2023-03-27,120068.32800000001,0.013646986353854362
2023-03-28,3,27.655555555555555,2023-03-28,195519.2,0.013646986353854362
2023-03-29,49,27.711111111111112,2023-03-29,106130.186,0.013646986353854362
2023-03-30,22,27.383333333333333,2023-03-30,79953.63100000001,0.013646986353854362
2023-03-31,12,27.416666666666668,2023-03-31,346927.558,0.013646986353854362
2023-04-01,97,27.86111111111111,2023-04-01,105326.542,0.013646986353854362
2023-04-02,12,27.866666666666667,2023-04-02,7981.842000000001,0.013646986353854362
2023-04-03,15,27.805555555555557,2023-04-03,88319.39199999999,0.013646986353854362
2023-04-04,7,27.738888888888887,2023-04-04,128008.49799999999,0.013646986353854362
2023-04-05,41,27.855555555555554,2023-04-05,558150.907,0.013646986353854362
2023-04-06,17,27.444444444444443,2023-04-06,131678.953,0.013646986353854362
2023-04-07,3,27.433333333333334,2023-04-07,68293.766,0.013646986353854362
2023-04-08,79,27.822222222222223,2023-04-08,13824.421,0.013646986353854362
2023-04-09,23,27.755555555555556,2023-04-09,4752.617,0.013646986353854362
2023-04-10,8,27.755555555555556,2023-04-10,813654.787,0.013646986353854362
2023-04-11,15,27.783333333333335,2023-04-11,119729.83,0.013646986353854362
2023-04-12,30,27.883333333333333,2023-04-12,636457.407,0.013646986353854362
2023-04-13,26,27.47222222222222,2023-04-13,111234.851,0.013646986353854362
2023-04-14,26,27.583333333333332,2023-04-14,37949.653,0.013646986353854362
2023-04-15,93,27.95,2023-04-15,13930.922999999999,0.013646986353854362
2023-04-16,16,27.983333333333334,2023-04-16,4138.211,0.013646986353854362
2023-04-17,13,27.93888888888889,2023-04-17,65541.632,0.013646986353854362
2023-04-18,10,27.92222222222222,2023-04-18,153566.758,0.013646986353854362
2023-04-19,38,28.005555555555556,2023-04-19,99280.825,0.013646986353854362
2023-04-20,21,27.633333333333333,2023-04-20,27805.503,0.013646986353854362
2023-04-21,7,27.58888888888889,2023-04-21,16894.989999999998,0.013646986353854362
2023-04-22,99,28.08888888888889,2023-04-22,6483.202,0.013646986353854362
2023-04-23,6,28.044444444444444,2023-04-23,4316.79,0.013646986353854362
2023-04-24,12,27.977777777777778,2023-04-24,197979.48500000002,0.013646986353854362
2023-04-25,25,28.011111111111113,2023-04-25,220386.551,0.013646986353854362
2023-04-26,36,28.094444444444445,2023-04-26,299497.036,0.013646986353854362
2023-04-27,19,27.822222222222223,2023-04-27,131553.058,0.013646986353854362
2023-04-28,17,27.833333333333332,2023-04-28,292546.55,0.013646986353854362
2023-04-29,88,28.27777777777778,2023-04-29,142952.731,0.013646986353854362
2023-04-30,13,28.27777777777778,2023-04-30,137936.46600000001,0.013646986353854362
2023-05-01,7,28.18888888888889,2023-05-01,18621.264,0.013646986353854362
2023-05-02,11,28.17222222222222,2023-05-02,178289.724,0.013646986353854362
2023-05-03,33,28.211111111111112,2023-05-03,65509.472,0.013646986353854362
2023-05-04,24,27.961111111111112,2023-05-04,296354.551,0.013646986353854362
2023-05-05,35,28.0,2023-05-05,174317.706,0.013646986353854362
2023-05-06,88,28.444444444444443,2023-05-06,30262.111,0.013646986353854362
2023-05-07,17,28.483333333333334,2023-05-07,988.258,0.013646986353854362
2023-05-08,14,28.394444444444446,2023-05-08,158319.186,0.013646986353854362
2023-05-09,14,28.333333333333332,2023-05-09,132187.932,0.013646986353854362
2023-05-10,32,28.45,2023-05-10,157697.608,0.013646986353854362
2023-05-11,26,28.105555555555554,2023-05-11,264762.97500000003,0.013646986353854362
2023-05-12,18,28.1,2023-05-12,112431.97600000001,0.013646986353854362
2023-05-13,86,28.538888888888888,2023-05-13,189424.054,0.013646986353854362
2023-05-14,15,28.583333333333332,2023-05-14,9473.295,0.013646986353854362
2023-05-15,12,28.511111111111113,2023-05-15,122036.867,0.013646986353854362
2023-05-16,18,28.416666666666668,2023-05-16,209308.057,0.013646986353854362
2023-05-17,31,28.483333333333334,2023-05-17,192488.778,0.013646986353854362
2023-05-18,11,28.08888888888889,2023-05-18,148378.98500000002,0.013646986353854362
2023-05-19,12,28.083333333333332,2023-05-19,133339.792,0.013646986353854362
2023-05-20,102,28.57777777777778,2023-05-20,5931.976,0.013646986353854362
2023-05-21,10,28.511111111111113,2023-05-21,3595.471,0.013646986353854362
2023-05-22,10,28.405555555555555,2023-05-22,314122.102,0.013646986353854362
2023-05-23,15,28.42222222222222,2023-05-23,265037.493,0.013646986353854362
2023-05-24,49,28.655555555555555,2023-05-24,81989.615,0.013646986353854362
2023-05-25,35,28.177777777777777,2023-05-25,249726.531,0.013646986353854362
2023-05-26,7,28.155555555555555,2023-05-26,171110.971,0.013646986353854362
2023-05-27,99,28.594444444444445,2023-05-27,61280.334,0.013646986353854362
2023-05-28,26,28.655555555555555,2023-05-28,22699.675,0.013646986353854362
2023-05-29,8,28.58888888888889,2023-05-29,143212.115,0.013646986353854362
2023-05-30,6,28.58888888888889,2023-05-30,301103.359,0.013646986353854362
2023-05-31,28,28.68888888888889,2023-05-31,449871.40499999997,0.013646986353854362
2023-06-01,35,28.22222222222222,2023-06-01,92073.782,0.013646986353854362
2023-06-02,5,28.238888888888887,2023-06-02,115132.31300000001,0.013646986353854362
2023-06-03,115,28.8,2023-06-03,12497.978,0.013646986353854362
2023-06-04,18,28.844444444444445,2023-06-04,11789.52,0.013646986353854362
2023-06-05,6,28.683333333333334,2023-06-05,194398.793,0.013646986353854362
2023-06-06,14,28.666666666666668,2023-06-06,407556.87200000003,0.013646986353854362
2023-06-07,41,28.85,2023-06-07,75606.748,0.013646986353854362
2023-06-08,10,28.45,2023-06-08,251987.894,0.013646986353854362
2023-06-09,2,28.433333333333334,2023-06-09,250909.044,0.013646986353854362
2023-06-10,101,28.944444444444443,2023-06-10,97622.34,0.013646986353854362
2023-06-11,26,29.016666666666666,2023-06-11,6647.175,0.013646986353854362
2023-06-12,22,28.883333333333333,2023-06-12,186078.831,0.013646986353854362
2023-06-13,19,28.872222222222224,2023-06-13,304547.919,0.013646986353854362
2023-06-14,49,29.02777777777778,2023-06-14,151953.839,0.013646986353854362
2023-06-15,7,28.616666666666667,2023-06-15,71768.364,0.013646986353854362
2023-06-16,11,28.65,2023-06-16,76426.01699999999,0.013646986353854362
2023-06-17,103,29.055555555555557,2023-06-17,24131.623,0.013646986353854362
2023-06-18,10,28.966666666666665,2023-06-18,66280.278,0.013646986353854362
2023-06-19,33,29.05,2023-06-19,209975.416,0.013646986353854362
2023-06-20,27,29.016666666666666,2023-06-20,63603.822,0.013646986353854362
2023-06-21,45,29.166666666666668,2023-06-21,237285.886,0.013646986353854362
2023-06-22,20,28.855555555555554,2023-06-22,473239.636,0.013646986353854362
2023-06-23,6,28.82777777777778,2023-06-23,149201.902,0.013646986353854362
2023-06-24,79,29.205555555555556,2023-06-24,98144.774,0.013646986353854362
2023-06-25,19,29.22222222222222,2023-06-25,9566.14,0.013646986353854362
2023-06-26,38,29.288888888888888,2023-06-26,121535.328,0.013646986353854362
2023-06-27,38,29.383333333333333,2023-06-27,83340.664,0.013646986353854362
2023-06-28,6,29.394444444444446,2023-06-28,9782.71,0.013646986353854362
2023-06-29,7,29.255555555555556,2023-06-29,23193.722999999998,0.013646986353854362
2023-06-30,33,29.4,2023-06-30,424540.179,0.013646986353854362
2023-07-01,72,29.744444444444444,2023-07-01,109868.448,0.013646986353854362
2023-07-02,3,29.75,2023-07-02,10336.52,0.013646986353854362
2023-07-03,13,29.666666666666668,2023-07-03,349037.302,0.013646986353854362
2023-07-04,33,29.755555555555556,2023-07-04,52063.811,0.013646986353854362
2023-07-05,27,29.805555555555557,2023-07-05,116627.47,0.013646986353854362
2023-07-06,11,29.45,2023-07-06,36547.069,0.013646986353854362
2023-07-07,9,29.483333333333334,2023-07-07,160437.008,0.013646986353854362
2023-07-08,125,30.133333333333333,2023-07-08,202632.252,0.013646986353854362
2023-07-09,10,30.105555555555554,2023-07-09,18759.209,0.013646986353854362
2023-07-10,26,30.072222222222223,2023-07-10,242626.494,0.013646986353854362
2023-07-11,16,30.072222222222223,2023-07-11,127576.868,0.013646986353854362
2023-07-12,64,30.394444444444446,2023-07-12,45070.859,0.013646986353854362
2023-07-13,7,30.005555555555556,2023-07-13,119215.30500000001,0.013646986353854362
2023-07-14,10,30.033333333333335,2023-07-14,73598.82,0.013646986353854362
2023-07-15,62,30.344444444444445,2023-07-15,32539.668999999998,0.013646986353854362
2023-07-16,20,30.32777777777778,2023-07-16,18280.603,0.013646986353854362
2023-07-17,37,30.372222222222224,2023-07-17,146352.245,0.013646986353854362
2023-07-18,26,30.455555555555556,2023-07-18,268654.459,0.013646986353854362
2023-07-19,35,30.56111111111111,2023-07-19,47891.256,0.013646986353854362
2023-07-20,16,30.07777777777778,2023-07-20,152127.721,0.013646986353854362
2023-07-21,11,30.011111111111113,2023-07-21,108989.31,0.013646986353854362
2023-07-22,84,30.366666666666667,2023-07-22,52457.186,0.013646986353854362
2023-07-23,13,30.377777777777776,2023-07-23,4212.04,0.013646986353854362
2023-07-24,25,30.288888888888888,2023-07-24,141819.59100000001,0.013646986353854362
2023-07-25,9,30.294444444444444,2023-07-25,80057.22899999999,0.013646986353854362
2023-07-26,39,30.488888888888887,2023-07-26,220570.184,0.013646986353854362
2023-07-27,12,30.07777777777778,2023-07-27,153785.49,0.013646986353854362
2023-07-28,5,30.06111111111111,2023-07-28,123119.14,0.013646986353854362
2023-07-29,75,30.32777777777778,2023-07-29,82946.55900000001,0.013646986353854362
2023-07-30,20,30.405555555555555,2023-07-30,5093.865,0.013646986353854362
2023-07-31,5,30.13888888888889,2023-07-31,330937.191,0.013646986353854362
2023-08-01,10,30.094444444444445,2023-08-01,132813.009,0.013646986353854362
2023-08-02,26,30.227777777777778,2023-08-02,207504.519,0.013646986353854362
2023-08-03,10,29.68888888888889,2023-08-03,121803.8,0.013646986353854362
2023-08-04,3,29.65,2023-08-04,131963.478,0.013646986353854362
2023-08-05,57,29.9,2023-08-05,5167.907999999999,0.013646986353854362
2023-08-06,6,29.872222222222224,2023-08-06,74248.59,0.013646986353854362
2023-08-07,19,29.8,2023-08-07,114043.57800000001,0.013646986353854362
2023-08-08,17,29.677777777777777,2023-08-08,351682.68200000003,0.013646986353854362
2023-08-09,20,29.72222222222222,2023-08-09,40632.05,0.013646986353854362
2023-08-10,7,29.322222222222223,2023-08-10,193473.849,0.013646986353854362
2023-08-11,2,29.288888888888888,2023-08-11,63914.476,0.013646986353854362
2023-08-12,76,29.666666666666668,2023-08-12,20566.050000000003,0.013646986353854362
2023-08-13,9,29.644444444444446,2023-08-13,809.0,0.013646986353854362
2023-08-14,13,29.477777777777778,2023-08-14,58657.880000000005,0.013646986353854362
2023-11-15,2,29.405555555555555,2023-11-15,41.65,0.013646986353854362
2024-01-17,1,28.944444444444443,2024-01-17,241913.66,0.013646986353854362
2024-03-29,1,28.677777777777777,2024-03-29,161.5,0.013646986353854362
2024-06-04,11,28.522222222222222,2024-06-04,643.5,0.013646986353854362
2024-07-05,7,28.466666666666665,2024-07-05,885.1999999999999,0.013646986353854362
2024-09-05,3,28.394444444444446,2024-09-05,2140.61,0.013646986353854362
2024-09-06,4,27.783333333333335,2024-09-06,528.425,0.013646986353854362
2024-12-16,9,27.766666666666666,2024-12-16,11948.5,0.013646986353854362
