CustomerKey,TotalInvoices,TotalRevenue,AvgInvoiceValue,Recency,Frequency,Monetary,RecencyScore,FrequencyScore,MonetaryScore
0,16717,25469609.38,1523.5753651971047,280.15289275830753,16717,25469609.38,2,5,5
1,34,255031.736,7500.933411764706,265.54699261808156,34,255031.736,2,5,5
2,5,2544.0,508.8,224.83431375164477,5,2544.0,2,3,3
3,1,240.0,240.0,141.3415000930425,1,240.0,4,1,1
4,11,154638.41,14058.037272727272,227.44588993909187,11,154638.41,2,4,5
6,48,15360.337,320.00702083333334,17.47699171696005,48,15360.337,5,5,4
7,1,280.5,280.5,76.3257129775877,1,280.5,5,1,1
8,2,890.0,445.0,69.83295167197642,2,890.0,5,1,2
9,41,11466.6,279.6731707317073,123.95653397135811,41,11466.6,4,5,4
11,1,1747.84,1747.84,153.53411990063267,1,1747.84,3,1,3
13,294,884571.3859999999,3008.7462108843533,80.48605140802039,294,884571.3859999999,4,5,5
22,1,814.56,814.56,102.52511976631811,1,814.56,4,1,2
27,4,14018.5,3504.625,317.28741245280037,4,14018.5,1,3,4
40,3,3.57,1.19,54.77582999289936,3,3.57,5,2,1
57,1,0.6,0.6,222.94842964742463,1,0.6,2,1,1
65,3,1063.28,354.4266666666667,76.82652823076918,3,1063.28,5,2,2
73,1,250.5,250.5,344.7711899168861,1,250.5,1,1,1
74,2,1694.106,847.053,243.6346528363413,2,1694.106,2,1,3
81,1,1484.93,1484.93,355.9365485399347,1,1484.93,1,1,3
82,8,2961.072,370.134,359.6547673215775,8,2961.072,1,4,3
85,1,214.8,214.8,336.4652153612033,1,214.8,1,1,1
89,3,288.58500000000004,96.195,168.61580872153718,3,288.58500000000004,3,2,1
90,3,2889.93,963.31,171.4575168408254,3,2889.93,3,2,3
94,3,519.855,173.285,75.54661901156774,3,519.855,5,2,2
95,8,16722.521,2090.315125,244.81805299746787,8,16722.521,2,4,4
99,10,2480.222,248.0222,41.97740688637506,10,2480.222,5,4,3
100,9,5805.6900000000005,645.0766666666667,278.34627301605275,9,5805.6900000000005,2,4,4
104,1,215.2,215.2,283.82585778314035,1,215.2,2,1,1
108,5,3650.0,730.0,165.9884351591775,5,3650.0,3,3,3
111,2,85.541,42.7705,114.42447583700117,2,85.541,4,1,1
117,3,4220.064,1406.688,340.0943876031878,3,4220.064,1,2,4
119,3,637.9,212.63333333333333,319.181917727408,3,637.9,1,2,2
127,8,38.1,4.762499999999999,148.49268647713805,8,38.1,4,4,1
129,27,22124.818,819.4377037037037,79.34244666325617,27,22124.818,4,5,5
131,3,1449.0,483.0,298.6593581432068,3,1449.0,1,2,3
133,53,32318.767,609.7880566037736,63.25656498825489,53,32318.767,5,5,5
136,2,235.035,117.51749999999998,163.14129925969647,2,235.035,3,1,1
138,18,17160.0,953.3333333333334,166.4844059495109,18,17160.0,3,5,4
161,3,644.8,214.9333333333333,215.8219590893138,3,644.8,3,2,2
166,2,186.24,93.12,287.90559562233807,2,186.24,2,1,1
167,78,39290.922,503.7297692307692,122.06744631705861,78,39290.922,4,5,5
170,6,4412.0650000000005,735.3441666666668,339.9251158038516,6,4412.0650000000005,1,3,4
192,1,353.3,353.3,320.12828202214456,1,353.3,1,1,1
194,2,1547.81,773.905,270.93814130111053,2,1547.81,2,1,3
195,21,693.81,33.03857142857142,156.46290580638475,21,693.81,3,5,2
200,15,7.6,0.5066666666666666,209.96159444644027,15,7.6,3,4,1
201,8,490.0,61.25,114.16732573757552,8,490.0,4,4,2
205,53,14912.324,281.36460377358486,191.76987174241162,53,14912.324,3,5,4
206,99,312504.0,3156.6060606060605,66.89502429420801,99,312504.0,5,5,5
207,3,663.0,221.0,141.35483375610715,3,663.0,4,2,2
218,3,1511.91,503.97,188.46816728919913,3,1511.91,3,2,3
220,5,1521.9,304.38,123.39154581317109,5,1521.9,4,3,3
225,23,15563.635,676.6797826086956,47.02442363466386,23,15563.635,5,5,4
226,6,2360.925,393.4875,109.1291610612751,6,2360.925,4,3,3
235,11,3488.06,317.0963636363636,106.64540583580676,11,3488.06,4,4,3
238,20,6108.11,305.4055,329.3064184328967,20,6108.11,1,5,4
253,12,11247.129,937.26075,359.0147961448302,12,11247.129,1,4,4
254,2,56204.035,28102.0175,61.42400146555788,2,56204.035,5,1,5
256,4,250.905,62.72625,149.03260095770685,4,250.905,4,3,1
259,53,218845.913,4129.168169811321,123.11753376418645,53,218845.913,4,5,5
264,1,36.7,36.7,236.4360183114962,1,36.7,2,1,1
270,2,538.231,269.1155,14.476745138962055,2,538.231,5,1,2
272,12,9923.5,826.9583333333334,132.30090487302857,12,9923.5,4,4,4
273,35,11828.039,337.94397142857144,71.21535492424961,35,11828.039,5,5,4
282,2,549.5,274.75,219.69998870788427,2,549.5,2,1,2
284,4,4645.719,1161.42975,78.37518158118395,4,4645.719,4,3,4
290,10,21333.912,2133.3912,257.278967817183,10,21333.912,2,4,5
293,459,5503749.53,11990.7397167756,338.9915414520403,459,5503749.53,1,5,5
304,16,139200.0,8700.0,104.61952022114691,16,139200.0,4,5,5
305,1,503.97,503.97,169.71460907225716,1,503.97,3,1,2
318,3,288.195,96.065,336.48195390816636,3,288.195,1,2,1
321,1,1.0,1.0,248.47229905558925,1,1.0,2,1,1
331,3,663.0,221.0,301.71242245920945,3,663.0,1,2,2
335,2,1.2,0.6,239.5010547254187,2,1.2,2,1,1
337,3,877.1999999999999,292.4,36.122378951133406,3,877.1999999999999,5,2,2
340,14,31699.69,2264.263571428571,123.26102417145793,14,31699.69,4,4,5
343,9,648.0,72.0,149.04150069584335,9,648.0,4,4,2
345,1,372.828,372.828,237.77123412302237,1,372.828,2,1,2
348,4,10950.0,2737.5,220.25023921892972,4,10950.0,2,3,4
349,10,11010.0,1101.0,31.415419935712794,10,11010.0,5,4,4
358,6,1416.174,236.029,192.4762816547174,6,1416.174,3,3,3
361,191,870226.042,4556.157287958115,179.58225028904934,191,870226.042,3,5,5
374,135,3164190.475,23438.447962962964,215.2811028963265,135,3164190.475,3,5,5
379,6,2528.3900000000003,421.39833333333337,213.21504875268147,6,2528.3900000000003,3,3,3
384,10,2088.51,208.85100000000003,143.51948399364787,10,2088.51,4,4,3
386,15,4001.356,266.7570666666667,171.79883408655346,15,4001.356,3,4,3
387,9,1.7999999999999998,0.1999999999999999,177.2321763366211,9,1.7999999999999998,3,4,1
396,19,8546.741,449.8284736842105,154.42702500269803,19,8546.741,3,5,4
397,3,9631.8,3210.6,67.51942706308472,3,9631.8,5,2,4
399,3,20870.598,6956.865999999999,225.80217228141075,3,20870.598,2,2,5
400,16,10216.223,638.5139375,308.9891758967625,16,10216.223,1,5,4
408,3,1050.0,350.0,92.23513064574652,3,1050.0,4,2,2
414,7,6201.754,885.9648571428571,209.26572576527929,7,6201.754,3,4,4
415,6,638.79,106.465,205.07412028323108,6,638.79,3,3,2
417,3,1597.51,532.5033333333333,122.15894569817688,3,1597.51,4,2,3
418,83,674034.542,8120.898096385542,350.30839843264727,83,674034.542,1,5,5
420,167,395472.0,2368.0958083832334,106.66199508257168,167,395472.0,4,5,5
421,145,14858.542,102.47270344827588,7.773360504790779,145,14858.542,5,5,4
422,240,1630271.121,6792.7963375,201.05127894140142,240,1630271.121,3,5,5
426,10,8587.588,858.7588,12.082395799086713,10,8587.588,5,4,4
427,6,6523.261,1087.2101666666667,275.4749563299355,6,6523.261,2,3,4
437,26,9427.281,362.5877307692308,90.59370929301474,26,9427.281,4,5,4
442,8,2827.7670000000003,353.47087500000004,139.1512371307681,8,2827.7670000000003,4,4,3
449,4,1258.122,314.5305,242.69055226846905,4,1258.122,2,3,3
450,7,4310.99,615.8557142857143,253.14009848400713,7,4310.99,2,4,4
457,37,44805.638,1210.963189189189,243.04999643258967,37,44805.638,2,5,5
458,41,640424.897,15620.11943902439,297.1651905473362,41,640424.897,1,5,5
459,426,705720.84,1656.621690140845,151.9558853116163,426,705720.84,3,5,5
460,3,1511.91,503.97,157.92396629281325,3,1511.91,3,2,3
463,3,877.1999999999999,292.4,179.5842806554647,3,877.1999999999999,3,2,2
468,1,8751.83,8751.83,166.30025779060534,1,8751.83,3,1,4
480,5,1326.6,265.32000000000005,103.1703928065377,5,1326.6,4,3,3
483,2,1083.971,541.9855,346.37155172462076,2,1083.971,1,1,2
485,45,351.9,7.819999999999999,35.32007930629299,45,351.9,5,5,1
495,2,501.9,250.95,168.53374704665512,2,501.9,3,1,2
498,610,364920.5,598.2303278688524,45.304025057612776,610,364920.5,5,5,5
499,2,8460.0,4230.0,209.39561515082627,2,8460.0,3,2,4
500,3,1515.0,505.0,281.84241853489345,3,1515.0,2,2,3
501,34,343422.432,10100.65976470588,321.8903529495076,34,343422.432,1,5,5
514,5,1224.8,244.96,190.8936899684289,5,1224.8,3,3,3
520,19,1908.59,100.45210526315788,126.96906374082045,19,1908.59,4,5,3
526,6,3410.363,568.3938333333333,320.61640775899576,6,3410.363,1,3,3
527,29,22021.437,759.3598965517241,150.2885798549351,29,22021.437,3,5,5
538,1,214.8,214.8,301.7382996217018,1,214.8,1,1,1
544,47,74489.981,1584.8932127659575,275.4215100179128,47,74489.981,2,5,5
547,2,0.0,0.0,95.75414902850082,2,0.0,4,2,1
562,9,6900.87,766.7633333333333,201.74333504052933,9,6900.87,3,4,4
567,35,1544.751,44.13574285714286,101.99008429293023,35,1544.751,4,5,3
568,1,3242.693,3242.693,19.365655104754428,1,3242.693,5,1,3
577,3,301.79999999999995,100.59999999999998,306.9065286126552,3,301.79999999999995,1,2,1
584,4,5205.643,1301.41075,84.59777728315652,4,5205.643,4,3,4
585,2,1.2,0.6,364.53733920321446,2,1.2,1,2,1
589,7,915.735,130.8192857142857,158.39227665788007,7,915.735,3,4,2
593,1,214.8,214.8,281.05796877013086,1,214.8,2,1,1
600,3,35.7,11.9,284.553106216433,3,35.7,2,2,1
601,2,78.334,39.167,87.3783037447067,2,78.334,4,2,1
608,13,82244.44,6326.495384615385,21.908561618545473,13,82244.44,5,4,5
610,14,1320.22,94.30142857142856,335.98592754497247,14,1320.22,1,4,3
611,23,61032.0,2653.5652173913045,201.4972782606312,23,61032.0,3,5,5
612,36,1176956.361,32693.23225,358.9825191379728,36,1176956.361,1,5,5
618,5,7398.022,1479.6044,264.395233335376,5,7398.022,2,3,4
624,3,648.0,216.0,360.80268863609365,3,648.0,1,2,2
637,2,11354.853,5677.4265,231.17565634099918,2,11354.853,2,2,4
642,1,18000.0,18000.0,352.91692406988244,1,18000.0,1,1,4
652,1,250.5,250.5,108.00888953201957,1,250.5,4,1,1
654,37,86394.237,2334.979378378378,105.87684525905601,37,86394.237,4,5,5
656,37,23318.4,630.227027027027,39.41712437635686,37,23318.4,5,5,5
660,13,9625.627,740.4328461538462,236.57112671896385,13,9625.627,2,4,4
669,9,4183.900000000001,464.87777777777785,204.7875577456231,9,4183.900000000001,3,4,4
673,15,11933.345,795.5563333333333,62.14040697003286,15,11933.345,5,4,4
682,4,0.0,0.0,183.3098510821946,4,0.0,3,3,1
688,3,2627.535,875.8449999999999,362.88452327501216,3,2627.535,1,2,3
702,618,234244.209,379.0359368932039,125.60404089953809,618,234244.209,4,5,5
705,3,751.5,250.5,260.9057589557032,3,751.5,2,2,2
706,13,14320.476,1101.575076923077,293.56466397699666,13,14320.476,1,4,4
709,139,125043.53,899.5937410071942,236.62569791749016,139,125043.53,2,5,5
713,3,1.7999999999999998,0.6,155.43828914806275,3,1.7999999999999998,3,2,1
716,60,33169.064,552.8177333333333,8.563908499821682,60,33169.064,5,5,5
720,224,491265.877,2193.151236607143,152.79166926428556,224,491265.877,3,5,5
721,12,17454.75,1454.5625,245.20303629647947,12,17454.75,2,4,4
722,20,50610.0,2530.5,112.63539494180534,20,50610.0,4,5,5
727,16,40102.641,2506.4150625,251.9507876106408,16,40102.641,2,5,5
733,1,351.9,351.9,134.75906894579836,1,351.9,4,1,1
738,32,223.706,6.9908125000000005,198.36849704933852,32,223.706,3,5,1
740,745,4839228.302,6495.608459060403,42.54213213216557,745,4839228.302,5,5,5
741,1,1376.175,1376.175,334.8267555912537,1,1376.175,1,1,3
744,30,8254.908,275.1636,171.71019084070838,30,8254.908,3,5,4
750,6,1059.696,176.616,331.3393931425966,6,1059.696,1,3,2
752,4,77.77,19.4425,221.38627828415554,4,77.77,2,3,1
753,21,14188.372,675.6367619047619,277.2627063183019,21,14188.372,2,5,4
756,10,12298.915,1229.8915000000002,57.10091524991782,10,12298.915,5,4,4
757,12,137674.39500000002,11472.86625,332.85538014195384,12,137674.39500000002,1,4,5
759,6,2423.358,403.893,117.9864912341423,6,2423.358,4,3,3
760,48,56627.698,1179.7437083333334,252.61026363840026,48,56627.698,2,5,5
765,13,10327.258,794.4044615384615,250.26302020576597,13,10327.258,2,4,4
772,8,5289.728,661.216,118.40479940598988,8,5289.728,4,4,4
776,144,379927.407,2638.3847708333333,142.38545783768436,144,379927.407,4,5,5
777,8,36928.618,4616.07725,40.52761396162922,8,36928.618,5,4,5
783,1,352.3,352.3,100.9196424642869,1,352.3,4,1,1
784,4,179.7,44.925,360.70539115208584,4,179.7,1,3,1
815,3,30560.391000000003,10186.797,127.38474195226053,3,30560.391000000003,4,2,5
820,5,1943.11,388.622,335.3161890216407,5,1943.11,1,3,3
822,3,1223.14,407.71333333333337,175.12578612206474,3,1223.14,3,2,3
823,4,1418.407,354.60175,207.27494367902102,4,1418.407,3,3,3
834,6,9402.853,1567.1421666666663,13.391485983202276,6,9402.853,5,3,4
842,6,1560.0,260.0,150.49261172906986,6,1560.0,3,3,3
846,1,280.9,280.9,163.72732745562956,1,280.9,3,1,1
857,39,61919.525,1587.680128205128,308.8652762714114,39,61919.525,1,5,5
858,35,419120.142,11974.8612,176.99007572972553,35,419120.142,3,5,5
861,5,6350.172,1270.0344,74.89890740738514,5,6350.172,5,3,4
863,2,465.8,232.9,259.73926969982676,2,465.8,2,2,2
864,1,250.5,250.5,235.5386845106643,1,250.5,2,1,1
880,2,93.425,46.7125,124.25539604068763,2,93.425,4,2,1
883,3,27312.300000000003,9104.1,22.026882506815518,3,27312.300000000003,5,2,5
887,6,3747.645,624.6075,294.5052338273888,6,3747.645,1,3,3
889,1,1.0,1.0,215.62202248658903,1,1.0,3,1,1
896,9,694925.6000000001,77213.95555555557,340.5390471514133,9,694925.6000000001,1,4,5
897,3,842.6999999999999,280.9,163.44153090202684,3,842.6999999999999,3,2,2
907,3,644.4000000000001,214.80000000000004,363.32524916196945,3,644.4000000000001,1,2,2
908,2,5943.13,2971.565,206.80961166398134,2,5943.13,3,2,4
915,6,409.19000000000005,68.19833333333334,13.298186072109777,6,409.19000000000005,5,3,2
917,1,1756.086,1756.086,254.1738099295187,1,1756.086,2,1,3
918,7,1868.3,266.9,30.0340322801484,7,1868.3,5,4,3
922,20,28362.815,1418.14075,37.9353848915904,20,28362.815,5,5,5
926,3,6568.071,2189.357,172.10669614641193,3,6568.071,3,2,4
927,5,765.7249999999999,153.14499999999998,88.15260403929342,5,765.7249999999999,4,3,2
928,3,1189.13,396.3766666666667,88.29181104879146,3,1189.13,4,2,2
937,2,561.0,280.5,278.0535389019061,2,561.0,2,2,2
940,348,1719.6999999999998,4.941666666666666,320.24660053701353,348,1719.6999999999998,1,5,3
945,2,646.4570000000001,323.22850000000005,78.25602639984162,2,646.4570000000001,4,2,2
948,27,12817.391,474.7181851851852,252.5001418923765,27,12817.391,2,5,4
952,41,14198.325,346.3006097560976,226.53523177637743,41,14198.325,2,5,4
953,7,2771.75,395.9642857142857,251.52124794106564,7,2771.75,2,4,3
958,1,280.9,280.9,38.35311945732216,1,280.9,5,1,1
969,2,674.261,337.1305,326.27760538344563,2,674.261,1,2,2
971,1,1962.51,1962.51,363.8651436356488,1,1962.51,1,1,3
972,2,702.047,351.0235,260.30446866642023,2,702.047,2,2,2
974,11,28236.772,2566.979272727273,161.061398536037,11,28236.772,3,4,5
980,1,0.0,0.0,324.61854871120005,1,0.0,1,1,1
987,63,120360.6,1910.4857142857145,215.02827197747777,63,120360.6,3,5,5
990,11,15658.054,1423.4594545454545,117.28614174360682,11,15658.054,4,4,4
991,30,127854.394,4261.813133333333,314.392934877005,30,127854.394,1,5,5
998,3,34419.33,11473.11,66.23414607174591,3,34419.33,5,2,5
1005,3,1350.0,450.0,245.2832482456888,3,1350.0,2,2,3
1011,10,5532.759999999999,553.276,165.01104008037564,10,5532.759999999999,3,4,4
1013,532,919520.401,1728.4218063909773,239.01961240447878,532,919520.401,2,5,5
1015,1,116.03,116.03,99.27456773253883,1,116.03,4,1,1
1025,3,963.925,321.30833333333334,261.1771709646209,3,963.925,2,2,2
1028,2,825.862,412.931,42.5500883416399,2,825.862,5,2,2
1032,27,23718.0,878.4444444444445,8.024085012255812,27,23718.0,5,5,5
1035,2,640.4000000000001,320.20000000000005,20.065586224966733,2,640.4000000000001,5,2,2
1042,4,884.0,221.0,215.01686936766467,4,884.0,3,3,2
1047,7,4466.7,638.1,50.49850559698962,7,4466.7,5,4,4
1049,22,956.66,43.48454545454546,342.90833203712174,22,956.66,1,5,2
1056,4,1242.34,310.58500000000004,331.1251198357173,4,1242.34,1,3,3
1057,3,947.85,315.95,301.6761318611607,3,947.85,1,2,2
1058,62,80636.462,1300.5880967741934,194.80778093889248,62,80636.462,3,5,5
1064,5,2602.249,520.4498,46.75823239779372,5,2602.249,5,3,3
1065,4,1665.4589999999998,416.36475,171.27372622781212,4,1665.4589999999998,3,3,3
1067,3,8513.511,2837.837,24.724093667111813,3,8513.511,5,2,4
1070,3,1.2,0.3999999999999999,49.41960153589152,3,1.2,5,2,1
1080,3,232.05,77.35,105.22869062288699,3,232.05,4,2,1
1094,24,19649.4,818.7249999999999,73.07495415932162,24,19649.4,5,5,5
1098,1,1.0,1.0,238.09826416432713,1,1.0,2,1,1
1099,3,855.0,285.0,84.40800637527369,3,855.0,4,2,2
1101,4,710.505,177.62625,137.29266637984284,4,710.505,4,3,2
1106,55,40789.091,741.6198363636364,141.06926100027238,55,40789.091,4,5,5
1110,9,217.8,24.200000000000003,102.53270209895334,9,217.8,4,4,1
1111,75,174442.458,2325.89944,297.359801043056,75,174442.458,1,5,5
1118,12,15163.591,1263.6325833333333,273.5025369304997,12,15163.591,2,4,4
1119,3,915.72,305.24,216.3865508823932,3,915.72,3,2,2
1134,3,771.0,257.0,196.2334086671192,3,771.0,3,2,2
1155,3,10802.239,3600.746333333333,171.59421022011077,3,10802.239,3,2,4
1158,2,1007.94,503.97,248.32425641556353,2,1007.94,2,2,2
1160,60,499132.623,8318.87705,249.36690515847468,60,499132.623,2,5,5
1162,9,4457.799,495.311,240.52439892214466,9,4457.799,2,4,4
1165,60,51.900000000000006,0.8650000000000001,1.9488490957877564,60,51.900000000000006,5,5,1
1170,3,2894.4,964.7999999999998,189.15160538696088,3,2894.4,3,2,3
1174,3,15226.5,5075.5,58.146576168527844,3,15226.5,5,2,4
1176,1,250.5,250.5,98.28667883666783,1,250.5,4,1,1
1177,2,1378.191,689.0955,277.1320874057016,2,1378.191,2,2,3
1185,1,668.59,668.59,47.45571910712397,1,668.59,5,1,2
1189,9,922.5,102.5,1.7895823996276583,9,922.5,5,4,2
1192,1,217.24,217.24,74.41016722024011,1,217.24,5,1,1
1202,7,53893.714,7699.102,363.75324107132656,7,53893.714,1,4,5
1205,1,132.721,132.721,14.021648569485942,1,132.721,5,1,1
1209,8,3.6,0.4499999999999999,122.60751271995426,8,3.6,4,4,1
1215,38,289499.145,7618.398552631579,245.95250031050475,38,289499.145,2,5,5
1216,12,27297.344,2274.7786666666666,339.22081433912143,12,27297.344,1,4,5
1222,13,3972.625,305.58653846153845,246.54088111601038,13,3972.625,2,4,3
1224,2,150.94,75.47,75.79203109885114,2,150.94,5,2,1
1226,1,601.003,601.003,167.57563643104822,1,601.003,3,1,2
1227,3,2118.7200000000003,706.2400000000001,101.53137408677523,3,2118.7200000000003,4,2,3
1251,8,27900.018,3487.50225,206.6382080691333,8,27900.018,3,4,5
1253,6,1686.8,281.1333333333333,79.48836724580899,6,1686.8,4,3,3
1257,7,1759.717,251.38814285714284,75.63653077998235,7,1759.717,5,4,3
1259,3,873.1569999999999,291.0523333333333,302.0163090574216,3,873.1569999999999,1,2,2
1261,6,1288.8000000000002,214.80000000000004,50.965336081711705,6,1288.8000000000002,5,3,3
1263,21,36812.892,1752.9948571428572,109.96265577290123,21,36812.892,4,5,5
1272,56,54847.943,979.4275535714286,139.95383250808567,56,54847.943,4,5,5
1276,3,92.85,30.95,359.0001499882579,3,92.85,1,2,1
1286,1,579.15,579.15,356.7274571915859,1,579.15,1,1,2
1289,8,10124.184,1265.523,35.229591443375774,8,10124.184,5,4,4
1295,3,182.1,60.70000000000001,15.604882898368515,3,182.1,5,2,1
1298,2,1525.022,762.511,79.46863137087874,2,1525.022,4,2,3
1304,6,1719.0,286.5,312.1125897887669,6,1719.0,1,3,3
1305,3,646.2,215.4,35.64017328481305,3,646.2,5,2,2
1306,137,178696.925,1304.357116788321,172.70492168359783,137,178696.925,3,5,5
1309,1,291.8,291.8,146.02395205470032,1,291.8,4,1,1
1310,6,1.0,0.1666666666666666,201.99001384501383,6,1.0,3,3,1
1314,3,7044.0,2348.0,168.26210052190507,3,7044.0,3,2,4
1315,13,57205.7,4400.4384615384615,159.10975940523434,13,57205.7,3,4,5
1316,34,90693.573,2667.458029411765,57.31961592370503,34,90693.573,5,5,5
1317,44,4477058.931,101751.3393409091,275.84181424812226,44,4477058.931,2,5,5
1321,1,178.04,178.04,297.7622715458866,1,178.04,1,1,1
1331,3,4113.0,1371.0,334.16548110016976,3,4113.0,1,2,4
1336,3,160501.8,53500.6,263.0213908843041,3,160501.8,2,2,5
1342,1,214.8,214.8,227.06247586434165,1,214.8,2,1,1
1343,189,34889.806000000004,184.60214814814816,165.64827696797377,189,34889.806000000004,3,5,5
1356,1,430.472,430.472,353.204280049467,1,430.472,1,1,2
1381,1,1.0,1.0,202.32799656206487,1,1.0,3,1,1
1392,58,18809.363,324.29936206896554,280.1075393478098,58,18809.363,2,5,4
1396,9,774.742,86.08244444444443,217.71231192613078,9,774.742,2,4,2
1397,5,1177.812,235.56240000000005,148.48336560105798,5,1177.812,4,3,2
1398,5,5324.176,1064.8352,225.07185731826132,5,5324.176,2,3,4
1401,8,3377.33,422.16625,143.15336137842434,8,3377.33,4,4,3
1404,3,2100.0,700.0,146.29488268555633,3,2100.0,4,2,3
1410,24,25593.902,1066.4125833333333,329.48220090687846,24,25593.902,1,5,5
1411,84,25543.0,304.0833333333333,26.652095786931444,84,25543.0,5,5,5
1418,21,24462.673,1164.8891904761904,211.94166159166812,21,24462.673,3,5,5
1420,21,10895.214,518.8197142857143,72.76689975475266,21,10895.214,5,5,4
1430,12,2142.923,178.57691666666668,143.89682957005678,12,2142.923,4,4,3
1446,1,280.9,280.9,128.7538668807153,1,280.9,4,1,1
1448,1,352.3,352.3,169.32928386659825,1,352.3,3,1,1
1452,1,377.83,377.83,192.89067396463926,1,377.83,3,1,2
1456,8,109.626,13.70325,283.28502948301195,8,109.626,2,4,1
1457,6,1361.7,226.95,139.62454800558933,6,1361.7,4,3,3
1460,4,884.0,221.0,318.35321246008766,4,884.0,1,3,2
1461,10,4002.762,400.2762,140.33719218841486,10,4002.762,4,4,3
1475,3670,25210726.873,6869.407867302452,183.41015750913508,3670,25210726.873,3,5,5
1477,10,10267.063,1026.7063,176.16729017249372,10,10267.063,3,4,4
1480,6,6381.93,1063.655,152.29656229848453,6,6381.93,3,3,4
1487,5,179.92,35.983999999999995,319.4724936908975,5,179.92,1,3,1
1494,4,906.8,226.7,134.14119388308896,4,906.8,4,3,2
1495,10,773.95,77.39500000000001,31.37377465593894,10,773.95,5,4,2
1496,1,0.6,0.6,50.955186032410296,1,0.6,5,1,1
1500,2,584.8,292.4,209.3604395180046,2,584.8,3,2,2
1504,35,9569.577,273.41648571428567,52.02726903256577,35,9569.577,5,5,4
1505,15,1136.871,75.79140000000001,150.06633967003992,15,1136.871,3,4,2
1510,8,2804.83,350.60375,180.9540836830224,8,2804.83,3,4,3
1518,2,111.865,55.9325,115.12036626287471,2,111.865,4,2,1
1520,1,956.57,956.57,184.0299304900051,1,956.57,3,1,2
1525,3,960.0,320.0,95.80712820128154,3,960.0,4,2,2
1530,3,181.8,60.6,108.1953651838142,3,181.8,4,2,1
1537,1,280.9,280.9,158.98068681824194,1,280.9,3,1,1
1553,3,639.981,213.327,86.57100873695288,3,639.981,4,2,2
1554,1,366.039,366.039,56.362573934609564,1,366.039,5,1,1
1561,8,1692.9499999999998,211.61875,43.934620720634385,8,1692.9499999999998,5,4,3
1563,6,1427.653,237.94216666666668,146.1611672971684,6,1427.653,4,3,3
1564,6,1842.318,307.053,311.9041996681906,6,1842.318,1,3,3
1565,1,446.822,446.822,106.0602230714654,1,446.822,4,1,2
1567,25,10369.078,414.76312,295.9788300482084,25,10369.078,1,5,4
1569,2,105.325,52.6625,35.594315176109745,2,105.325,5,2,1
1570,3,90000.0,30000.0,322.84519650759796,3,90000.0,1,2,5
1572,6,3682.5,613.75,346.5959948133948,6,3682.5,1,3,3
1575,14,7759.378,554.2412857142857,176.64967997601832,14,7759.378,3,4,4
1580,3,1010.793,336.931,258.1859416855129,3,1010.793,2,2,2
1581,6,2016.94,336.1566666666667,228.8233481992532,6,2016.94,2,3,3
1585,2,501.0,250.5,214.42391415376352,2,501.0,3,2,2
1586,25,12899.619,515.98476,318.87064742534096,25,12899.619,1,5,4
1589,7,1802.193,257.4561428571429,242.01792048604116,7,1802.193,2,4,3
1590,34,57418.85,1688.7897058823528,164.19564054807557,34,57418.85,3,5,5
1597,14,3685.713,263.26521428571425,26.512475667495792,14,3685.713,5,4,3
1600,83,25921.343,312.3053373493976,324.2888737236843,83,25921.343,1,5,5
1603,1,221.0,221.0,209.25321202175002,1,221.0,3,1,1
1619,2,288.531,144.2655,192.39273208658088,2,288.531,3,2,1
1620,5,36620.561,7324.1122,62.58717597537992,5,36620.561,5,3,5
1626,12,277.3,23.10833333333333,140.3348921968242,12,277.3,4,4,1
1628,2,844.1200000000001,422.06000000000006,334.91512857892627,2,844.1200000000001,1,2,2
1638,3,2503.05,834.35,150.08735400408412,3,2503.05,3,2,3
1639,1,126.145,126.145,315.9259206291791,1,126.145,1,1,1
1640,2,1363.12,681.56,251.6659893590722,2,1363.12,2,2,3
1641,1,311.049,311.049,186.2337874449136,1,311.049,3,1,1
1643,1,400.103,400.103,157.90484076069265,1,400.103,3,1,2
1646,3,1425.516,475.172,259.0861038749744,3,1425.516,2,2,3
1652,4,61.91,15.4775,6.762498216749741,4,61.91,5,3,1
1658,852,1180001.101,1384.9778180751175,106.42633333856747,852,1180001.101,4,5,5
1667,26,22409.391,861.8996538461538,140.44599901100005,26,22409.391,4,5,5
1672,2,1327.489,663.7445,294.85506308799137,2,1327.489,1,2,3
1678,40,14668.8,366.72,344.82428813589206,40,14668.8,1,5,4
1679,2,1.2,0.6,295.9562372195375,2,1.2,1,2,1
1680,24,17746.5,739.4375,238.91747804805786,24,17746.5,2,5,4
1681,3,1290.0,430.0,328.21352977245374,3,1290.0,1,2,3
1682,5,3065.6,613.12,357.39282554801343,5,3065.6,1,3,3
1688,3,20578.66,6859.553333333333,178.30686845235675,3,20578.66,3,2,5
1690,16,29273.35,1829.584375,53.64547006477641,16,29273.35,5,5,5
1692,10,3070.0,307.0,210.78773608782657,10,3070.0,3,4,3
1693,3632,1632786.209,449.555674284141,9.655146216734998,3632,1632786.209,5,5,5
1695,6,1440.0,240.0,288.66468533380754,6,1440.0,2,3,3
1699,3,5400.0,1800.0,122.0101242864833,3,5400.0,4,2,4
1700,24,1200.0,50.0,234.06887366400466,24,1200.0,2,5,2
1705,7,3175.0,453.57142857142856,19.63275606763858,7,3175.0,5,4,3
1706,42,38655.1,920.3595238095238,208.23153221866207,42,38655.1,3,5,5
1710,3,270.0,90.0,98.93607691736224,3,270.0,4,2,1
1711,6,1966.5,327.75,309.38543215589476,6,1966.5,1,3,3
1712,3,225.0,75.0,147.98506160287994,3,225.0,4,2,1
1713,1,60.0,60.0,42.775022395785236,1,60.0,5,1,1
1714,218,369121.57,1693.2182110091744,145.32434491410194,218,369121.57,4,5,5
1715,1,210.0,210.0,333.9080570537965,1,210.0,1,1,1
1716,18,13267.5,737.0833333333334,323.3156208632015,18,13267.5,1,5,4
1717,3,1455.0,485.0,305.1460855239683,3,1455.0,1,2,3
1719,9,6321.0,702.3333333333334,87.93791429223482,9,6321.0,4,4,4
1720,4,1305.0,326.25,299.91657842638165,4,1305.0,1,3,3
1722,13,17282.2,1329.4,324.4757279287351,13,17282.2,1,4,4
1724,3,75.0,25.0,202.28664197983113,3,75.0,3,2,1
1726,138,133901.71,970.3022463768116,246.50851688093798,138,133901.71,2,5,5
1727,7,2250.0,321.42857142857144,143.26664017852787,7,2250.0,4,4,3
1730,1,1.0,1.0,211.21560596713763,1,1.0,3,1,1
1734,14,8186.0,584.7142857142857,338.3394786429696,14,8186.0,1,4,4
1735,10,60020.8,6002.08,163.10365567905313,10,60020.8,3,4,5
1736,3,978.0,326.0,77.42426750077033,3,978.0,4,2,2
1738,15,4781.43,318.762,336.6690756436623,15,4781.43,1,4,4
1739,141,97453.03,691.1562411347518,225.98687722512153,141,97453.03,2,5,5
1741,13,10633.3,817.9461538461538,323.0214942985983,13,10633.3,1,4,4
1742,10,8251.206,825.1206,26.202213432400058,10,8251.206,5,4,4
1743,5,2873.0,574.6,120.1606654896127,5,2873.0,4,3,3
1745,1,795.25,795.25,349.8556079126228,1,795.25,1,1,2
1747,12,3109.8,259.15000000000003,291.2798665343835,12,3109.8,2,4,3
1749,1,762.4,762.4,1.3123621765479494,1,762.4,5,1,2
1750,12,21621.15,1801.7625,187.51271449733912,12,21621.15,3,4,5
1752,2,3540.0,1770.0,30.717116697634452,2,3540.0,5,2,3
1755,98,66038.694,673.8642244897959,145.83616487913307,98,66038.694,4,5,5
1756,6,1133.0,188.83333333333331,340.42499255687557,6,1133.0,1,3,2
1757,98,2260070.917,23061.94813265306,187.6205278421794,98,2260070.917,3,5,5
1758,236,858035.51,3635.743686440678,132.82396608944777,236,858035.51,4,5,5
1762,218,90810.447,416.5616834862385,70.52760315627395,218,90810.447,5,5,5
1763,1,579.34,579.34,111.6259123158744,1,579.34,4,1,2
1766,4,1415.5,353.875,138.27365868885286,4,1415.5,4,3,3
1767,10,3186.2,318.62,338.9828576715707,10,3186.2,1,4,3
1769,9,2565.0,285.0,184.98154944926858,9,2565.0,3,4,3
1773,12,3666.0,305.5,75.23223167052262,12,3666.0,5,4,3
1774,46,41901.1,910.8934782608696,64.96079896129311,46,41901.1,5,5,5
1775,3,1215.0,405.0,327.8868788688578,3,1215.0,1,2,3
1776,4,8163.45,2040.8625,291.1912762428655,4,8163.45,2,3,4
1778,2,2075.0,1037.5,337.8637467904341,2,2075.0,1,2,3
1779,11,63680.0,5789.090909090909,86.5034081042942,11,63680.0,4,4,5
1780,226,5199767.625,23007.82134955752,199.6748757673872,226,5199767.625,3,5,5
1786,3,1275.0,425.0,336.05759096307327,3,1275.0,1,2,3
1788,8,5892.3,736.5375,27.756850310661765,8,5892.3,5,4,4
1789,1,1300.0,1300.0,230.10975959331813,1,1300.0,2,1,3
1791,1,355.0,355.0,102.47008170436514,1,355.0,4,1,1
1793,3,849.72,283.24,342.02560903932863,3,849.72,1,2,2
1794,199,52463.58,263.63608040201007,328.8947700544093,199,52463.58,1,5,5
1795,3,651.0,217.0,222.31005699266004,3,651.0,2,2,2
1796,46,237504.459,5163.140413043479,153.70014396801358,46,237504.459,3,5,5
1797,6,93784.5,15630.75,301.8697427278207,6,93784.5,1,3,5
1799,11,11567.5,1051.590909090909,248.8749036077223,11,11567.5,2,4,4
1801,35,16548.12,472.8034285714285,286.2225823406136,35,16548.12,2,5,4
1802,3,75.0,25.0,87.23902138101658,3,75.0,4,2,1
1804,2,3624.0,1812.0,11.26086118302591,2,3624.0,5,2,3
1805,2,826.62,413.31,327.1454159682954,2,826.62,1,2,2
1810,24,14035.0,584.7916666666666,246.84122601872437,24,14035.0,2,5,4
1811,16,7972.4,498.275,138.10048426264552,16,7972.4,4,5,4
1818,12,73095.0,6091.25,101.43604695162794,12,73095.0,4,4,5
1822,3,1.7999999999999998,0.6,316.2755487629473,3,1.7999999999999998,1,2,1
1823,9,5005.5,556.1666666666666,323.3810542818441,9,5005.5,1,4,4
1824,6,1704.0,284.0,40.070416838581856,6,1704.0,5,3,3
1826,2,1.2,0.6,56.57122492958308,2,1.2,5,2,1
1829,15,6068.0,404.53333333333336,62.80941904993437,15,6068.0,5,4,4
1831,6,3420.16,570.0266666666666,44.03815822880291,6,3420.16,5,3,3
1832,1,970.0,970.0,115.65324483594742,1,970.0,4,1,2
1833,2,870.0,435.0,29.564640364575016,2,870.0,5,2,2
1834,8,1950.0,243.75,280.1437166459717,8,1950.0,2,4,3
1835,3,540.54,180.18,115.72616011264437,3,540.54,4,2,2
1836,4,1010.2,252.55,60.69707839175102,4,1010.2,5,3,2
1837,132,236301.15,1790.1602272727273,336.278762174501,132,236301.15,1,5,5
1838,5,525.0,105.0,34.75874258510462,5,525.0,5,3,2
1841,11,108551.81,9868.346363636363,271.53588240906157,11,108551.81,2,4,5
1844,3,5730.0,1910.0,323.333937322704,3,5730.0,1,2,4
1846,5,759.1999999999999,151.83999999999995,80.01830908212249,5,759.1999999999999,4,3,2
1850,56,27447.858,490.1403214285714,239.99261698896095,56,27447.858,2,5,5
1854,6,4864.5,810.75,192.66946523479285,6,4864.5,3,3,4
1856,188,55716.89,296.36643617021275,175.70744564419934,188,55716.89,3,5,5
1858,9,1474.548,163.83866666666663,123.6062458992257,9,1474.548,4,4,3
1860,3,115884.75,38628.25,323.93356938038113,3,115884.75,1,2,5
1865,26,9790.088,376.54184615384617,149.45606297828783,26,9790.088,3,5,4
1866,3,1248.0,416.0,60.911168569269456,3,1248.0,5,2,3
1867,8,2218.0,277.25,11.433207443366486,8,2218.0,5,4,3
1868,9,7671.1,852.3444444444444,235.64636362026735,9,7671.1,2,4,4
1870,5,1602.1,320.42,152.96669467440734,5,1602.1,3,3,3
1871,7,8678.16,1239.7371428571428,198.15642806431424,7,8678.16,3,4,4
1872,13,7925.0,609.6153846153846,15.743774216580803,13,7925.0,5,4,4
1874,3,1.7999999999999998,0.6,208.82362577736814,3,1.7999999999999998,3,2,1
1877,4,1081.0,270.25,179.08808401176748,4,1081.0,3,3,2
1878,7,2451.2,350.1714285714285,228.9717534438377,7,2451.2,2,4,3
1879,13,6885.0,529.6153846153846,278.17776635446086,13,6885.0,2,4,4
1881,6,1815.0,302.5,205.76485000848245,6,1815.0,3,3,3
1882,119,133749.4,1123.944537815126,31.769071861011554,119,133749.4,5,5,5
1884,1,30110.0,30110.0,233.2310389976031,1,30110.0,2,1,5
1887,6,9068.244,1511.374,8.422913870031953,6,9068.244,5,3,4
1888,3,2298.0,766.0,225.01425341486046,3,2298.0,2,2,3
1893,8,5243.25,655.40625,236.39290812633465,8,5243.25,2,4,4
1894,7,2667.0,381.0,84.70862980685206,7,2667.0,4,4,3
1895,30,2712.0,90.4,358.0373022863431,30,2712.0,1,5,3
1896,1,399.0,399.0,32.59806999061039,1,399.0,5,1,2
1897,3,9915.0,3305.0,182.1610450455627,3,9915.0,3,2,4
1898,13,14660.0,1127.6923076923076,42.57682687978617,13,14660.0,5,4,4
1903,6,2175.0,362.5,168.8199201749488,6,2175.0,3,3,3
1904,6,945.0,157.5,81.0506984760146,6,945.0,4,3,2
1906,61,41315.35,677.3008196721311,295.61074804975846,61,41315.35,1,5,5
1907,108,27063.1,250.58425925925928,198.71628831037032,108,27063.1,3,5,5
1908,22,15370.75,698.6704545454545,150.32789976953663,22,15370.75,3,5,4
1909,58,89884.94,1549.7403448275863,260.27297417963416,58,89884.94,2,5,5
1910,6,3162.9,527.15,61.52159276646467,6,3162.9,5,3,3
1911,37,44454.92,1201.4843243243242,141.58283635805532,37,44454.92,4,5,5
1914,351,271799.5,774.3575498575499,170.66701193233337,351,271799.5,3,5,5
1915,30,14550.3,485.01,292.72318032482195,30,14550.3,1,5,4
1916,3,1200.0,400.0,132.40278848168973,3,1200.0,4,2,2
1917,29,8047.0,277.48275862068965,225.53778555351238,29,8047.0,2,5,4
1919,62,130632.35,2106.9733870967743,57.11631772670874,62,130632.35,5,5,5
1920,20,10075.0,503.75,93.44375842098326,20,10075.0,4,5,4
1938,11,23482.861,2134.8055454545456,308.5436470754151,11,23482.861,1,4,5
1941,26,68194.58,2622.868461538462,113.56648538605889,26,68194.58,4,5,5
1947,1,5270.6,5270.6,292.36305562417544,1,5270.6,1,1,4
1950,1,697.162,697.162,282.20907426440635,1,697.162,2,1,2
1952,1,893.1,893.1,295.7712942022216,1,893.1,1,1,2
1953,3,35.7,11.9,235.62225813489184,3,35.7,2,2,1
1955,11,4605.57,418.6881818181818,357.3826583550168,11,4605.57,1,4,4
1961,4,0.0,0.0,122.74412453695682,4,0.0,4,3,1
1966,41,1444.8290000000002,35.23973170731708,268.5455953077569,41,1444.8290000000002,2,5,3
1971,2,622.1,311.05,148.2064257840545,2,622.1,4,2,2
1976,22,166278.05,7558.093181818182,233.79219585565608,22,166278.05,2,5,5
1978,3,751.9,250.63333333333333,26.070039817349354,3,751.9,5,2,2
1981,1,1484.93,1484.93,42.94226001361508,1,1484.93,5,1,3
1983,17,82707.734,4865.160823529412,224.050970218186,17,82707.734,2,5,5
1984,7,15101.6,2157.371428571428,138.63791050019066,7,15101.6,4,4,4
1985,3,273.0,91.0,209.4930834692846,3,273.0,3,2,1
1986,92,297812.048,3237.08747826087,234.66708129962385,92,297812.048,2,5,5
1991,1,579.34,579.34,293.6782186841374,1,579.34,1,1,2
1992,15,41083.962,2738.9308,105.93906274887043,15,41083.962,4,4,5
1998,110,52835.062,480.3187454545454,277.15345639155305,110,52835.062,2,5,5
2000,4,94.61,23.6525,233.7673258445963,4,94.61,2,3,1
2011,6,1937.819,322.9698333333333,330.77522158943106,6,1937.819,1,3,3
2012,1,292.4,292.4,43.59060286370869,1,292.4,5,1,1
2013,14,9055.679,646.8342142857143,51.765080091362876,14,9055.679,5,4,4
2014,102,71902.671,704.9281470588236,337.53147249957834,102,71902.671,1,5,5
2017,3,805.611,268.537,121.38539979690167,3,805.611,4,2,2
2022,2,1232.385,616.1925,239.36654299959412,2,1232.385,2,2,3
2025,5,20681.0,4136.2,171.55849816818173,5,20681.0,3,3,5
2027,490,14516.521,29.62555306122449,242.74942187704065,490,14516.521,2,5,4
2028,51,46448.597,910.7568039215688,12.981364598386005,51,46448.597,5,5,5
2030,97,488652.578,5037.655443298969,50.12701586847444,97,488652.578,5,5,5
2032,2,442.0,221.0,345.8332855595338,2,442.0,1,2,2
2033,9,12379.673,1375.5192222222222,94.10613942522436,9,12379.673,4,4,4
2034,4,5264.98,1316.245,207.44199721041147,4,5264.98,3,3,4
2036,2,234.529,117.2645,77.46351864304081,2,234.529,4,2,1
2039,32,17579.92,549.3725,30.252166188410758,32,17579.92,5,5,4
2046,1,647.425,647.425,301.2591871252761,1,647.425,1,1,2
2047,1,620.99,620.99,202.34962434050135,1,620.99,3,1,2
2053,75,138289.953,1843.86604,6.376592146257254,75,138289.953,5,5,5
2057,5,1282.46,256.492,253.96638905376363,5,1282.46,2,3,3
2058,18,4422.162,245.67566666666667,229.72467659340336,18,4422.162,2,5,4
2068,41,11359.308,277.0562926829268,188.87642882931007,41,11359.308,3,5,4
2069,10,6874.005,687.4005,277.8788936637848,10,6874.005,2,4,4
2077,1,351.9,351.9,120.43606225002503,1,351.9,4,1,1
2081,100,150050.947,1500.5094700000002,270.50943548148257,100,150050.947,2,5,5
2090,9,1947.585,216.3983333333333,100.25197549358384,9,1947.585,4,4,3
2091,100,48827.433,488.27433,131.05277413890568,100,48827.433,4,5,5
2096,18,4563.555,253.53083333333336,118.75991469311836,18,4563.555,4,5,4
2097,3,2800.023,933.341,277.5509266705535,3,2800.023,2,2,3
2099,15,22381.605,1492.107,273.6966323684647,15,22381.605,2,4,5
2107,4,1099.956,274.98900000000003,258.29968350202506,4,1099.956,2,3,2
2108,3,377.126,125.70866666666667,127.42370338641425,3,377.126,4,2,2
2119,3,877.1999999999999,292.4,121.20109316099328,3,877.1999999999999,4,2,2
2122,2,326.665,163.33249999999998,164.66979762970425,2,326.665,3,2,1
2128,226,174833.764,773.6007256637168,41.28428788529098,226,174833.764,5,5,5
2136,9,8539.092,948.788,224.5309808963147,9,8539.092,2,4,4
2142,16,4159.9710000000005,259.99818750000003,127.67546172634033,16,4159.9710000000005,4,5,4
2148,13,3024.96,232.6892307692308,190.57482369941832,13,3024.96,3,4,3
2156,52,896046.0,17231.653846153848,89.68821022094095,52,896046.0,4,5,5
2157,2,393.9,196.95,228.5715185009893,2,393.9,2,2,2
2158,1,504.37,504.37,250.80524712022503,1,504.37,2,1,2
2162,3,3118.542,1039.514,232.3688732777879,3,3118.542,2,2,3
2166,2,1022.875,511.4375,299.74370720546256,2,1022.875,1,2,2
2168,20,5884.549,294.22745,66.91666639625893,20,5884.549,5,5,4
2178,1,3201.761,3201.761,100.85734371748603,1,3201.761,4,1,3
2180,9,5463.741,607.0823333333333,110.40152093297812,9,5463.741,4,4,4
2184,5,9431.169,1886.2338,153.55489364616474,5,9431.169,3,3,4
2191,2,432.0,216.0,76.9153076458343,2,432.0,5,2,2
2194,3,1511.91,503.97,66.31551372085407,3,1511.91,5,2,3
2197,48,98620.016,2054.583666666667,174.7914314464433,48,98620.016,3,5,5
2200,80,240342.808,3004.2851,340.9436498711993,80,240342.808,1,5,5
2201,3,1403.15,467.7166666666666,331.8372844820269,3,1403.15,1,2,3
2202,1,214.8,214.8,16.759377163665057,1,214.8,5,1,1
2207,2,442.0,221.0,3.2662513885577975,2,442.0,5,2,2
2209,1,357.255,357.255,216.65836625521615,1,357.255,2,1,1
2210,717,108842.218,151.80225662482567,259.15647441524106,717,108842.218,2,5,5
2211,15,1797.04,119.80266666666668,312.2328646586415,15,1797.04,1,5,3
2216,30,11524.991,384.16636666666665,307.40730356548625,30,11524.991,1,5,4
2220,1,221.0,221.0,2.067916961554412,1,221.0,5,1,1
2221,7,2159.0,308.42857142857144,161.83423115798732,7,2159.0,3,4,3
2222,1,280.9,280.9,18.45107427728728,1,280.9,5,1,1
2223,6,1659.1999999999998,276.5333333333333,81.45690438088691,6,1659.1999999999998,4,3,3
2226,91,59581.017,654.7364505494505,15.502512412516994,91,59581.017,5,5,5
2228,9,9960.894,1106.766,16.33868257793516,9,9960.894,5,4,4
2233,29,192128.421,6625.117965517242,235.95841355850794,29,192128.421,2,5,5
2234,3,1012.423,337.47433333333333,9.769771669015178,3,1012.423,5,2,2
2235,1,617.368,617.368,142.5163373786561,1,617.368,4,1,2
2236,1,503.97,503.97,53.13253207922377,1,503.97,5,1,2
2237,1,393.016,393.016,70.99747846755523,1,393.016,5,1,2
2242,7,1606.5,229.5,142.01361204520444,7,1606.5,4,4,3
2244,3,286.79999999999995,95.59999999999998,305.8965047010664,3,286.79999999999995,1,2,1
2248,4,869.62,217.405,5.495628925093802,4,869.62,5,3,2
2252,6,3639.05,606.5083333333333,108.21339738067516,6,3639.05,4,3,3
2255,3,371.994,123.998,202.43168066334133,3,371.994,3,2,2
2256,11,1616.3049999999998,146.93681818181815,199.05612204162037,11,1616.3049999999998,3,4,3
2257,4,1063.3,265.825,46.91040833902297,4,1063.3,5,3,2
2262,4,986.305,246.57625,205.00652712057902,4,986.305,3,3,2
2264,3,2.0,0.6666666666666666,50.71324949183907,3,2.0,5,2,1
2266,2,66.695,33.3475,25.644021727854206,2,66.695,5,2,1
2271,11,668.645,60.78590909090909,247.7779188933119,11,668.645,2,4,2
2273,103,768686.387,7462.974631067961,185.16234815493877,103,768686.387,3,5,5
2279,1,798.145,798.145,363.2004525611606,1,798.145,1,1,2
2286,2,1007.55,503.775,332.7407083474699,2,1007.55,1,2,2
2295,156,197813.77,1268.0369871794871,295.1976354184948,156,197813.77,1,5,5
2296,296,233323.407,788.2547533783784,145.07862041152828,296,233323.407,4,5,5
2298,1,620.99,620.99,115.79507156231148,1,620.99,4,1,2
2304,36,30.2,0.8388888888888889,291.9995662605641,36,30.2,2,5,1
2306,1,215.2,215.2,60.02167616314286,1,215.2,5,1,1
2307,1,359.411,359.411,295.310584905481,1,359.411,1,1,1
2308,18,5748.9,319.3833333333333,355.27358026510524,18,5748.9,1,5,4
2309,2,489.6,244.8,248.30844720373534,2,489.6,2,2,2
2310,5,2.2,0.44,362.60332697462877,5,2.2,1,3,1
2319,6,1179.915,196.6525,304.20697039700894,6,1179.915,1,3,2
2320,49,22421.559,457.5828367346939,263.6339240062549,49,22421.559,2,5,5
2323,1,655.5,655.5,106.8375974835833,1,655.5,4,1,2
2325,1,214.8,214.8,139.24432582719965,1,214.8,4,1,1
2328,2,1145.505,572.7525,358.10980707284716,2,1145.505,1,2,2
2332,61,58300.182,955.7406885245902,153.7271400826038,61,58300.182,3,5,5
2341,1,328.5,328.5,17.69925143792381,1,328.5,5,1,1
2345,2,489.6,244.8,157.09324786370766,2,489.6,3,2,2
2346,2,442.0,221.0,97.41518167178371,2,442.0,4,2,2
2347,3,2786.4,928.7999999999998,344.84123004608807,3,2786.4,1,2,3
2351,7,4.0,0.5714285714285714,256.8315444090517,7,4.0,2,4,1
2366,24,5997.509,249.89620833333333,167.8933368229465,24,5997.509,3,5,4
2367,6,5191.157999999999,865.1929999999999,303.0164387882228,6,5191.157999999999,1,3,4
2382,6,48754.743,8125.7905,148.43320826407796,6,48754.743,4,3,5
2384,6,3036.52,506.0866666666666,153.91914132843138,6,3036.52,3,3,3
2390,7,3526.739,503.81985714285713,298.94305342091013,7,3526.739,1,4,3
2395,1,214.8,214.8,12.775592243501785,1,214.8,5,1,1
2399,1,0.0,0.0,282.02110370019926,1,0.0,2,1,1
2400,24,101516.089,4229.837041666667,348.64732756391066,24,101516.089,1,5,5
2405,4,966.3,241.575,168.0121785380058,4,966.3,3,3,2
2408,1,221.0,221.0,205.99130648059344,1,221.0,3,1,1
2413,42,14872.212,354.1002857142857,93.41755816073298,42,14872.212,4,5,4
2414,2,334.51,167.255,182.71299660320778,2,334.51,3,2,1
2423,12,3186.337,265.5280833333333,244.51628193981884,12,3186.337,2,4,3
2425,7,13345.643,1906.5204285714285,257.0181762343624,7,13345.643,2,4,4
2427,3,782.0,260.6666666666667,167.24786144115765,3,782.0,3,2,2
2429,4,699.255,174.81375,13.331427733454031,4,699.255,5,3,2
2430,2,656.2,328.1,348.7126735669584,2,656.2,1,2,2
2432,1,1117.643,1117.643,353.19556366050574,1,1117.643,1,1,2
2433,3,574.584,191.528,342.13796180589156,3,574.584,1,2,2
2436,1,846.876,846.876,143.06179000891854,1,846.876,4,1,2
2437,5,3838.381,767.6762000000001,102.96408620257878,5,3838.381,4,3,3
2438,2,465.7000000000001,232.85,54.08434682938109,2,465.7000000000001,5,2,2
2440,8,23980.814,2997.6017500000003,122.31400877754083,8,23980.814,4,4,5
2441,6,25195.872,4199.312,71.39941985669472,6,25195.872,5,3,5
2450,10,4964.853999999999,496.4853999999999,348.71568658171606,10,4964.853999999999,1,4,4
2452,1,135.47,135.47,329.8278685303817,1,135.47,1,1,1
2456,9,32092.695,3565.855,180.11066648252373,9,32092.695,3,4,5
2462,57,2542471.593,44604.76478947368,279.05627454263555,57,2542471.593,2,5,5
2465,3,1958.418,652.806,106.43409713474963,3,1958.418,4,2,3
2466,6,40296.364,6716.060666666667,133.2767585762163,6,40296.364,4,3,5
2469,3,2007.75,669.25,11.997630414094546,3,2007.75,5,2,3
2474,3,751.5,250.5,194.83932881192464,3,751.5,3,2,2
2475,3,3633.84,1211.28,340.84629434632814,3,3633.84,1,2,3
2477,1,221.0,221.0,85.84537191129236,1,221.0,4,1,1
2479,7,3197.565,456.795,303.1329217642503,7,3197.565,1,4,3
2482,36,37746.045,1048.50125,188.94196407226673,36,37746.045,3,5,5
2489,2,7639.42,3819.71,37.37020638282513,2,7639.42,5,2,4
2491,5,805.0699999999999,161.01399999999998,54.07723810311449,5,805.0699999999999,5,3,2
2492,15,4455.951,297.0634,79.29616074814122,15,4455.951,4,5,4
2494,16,7874.858,492.178625,31.58427733541508,16,7874.858,5,5,4
2496,13,6160.652,473.8963076923077,29.73732118497332,13,6160.652,5,4,4
2497,3,4246.200000000001,1415.4000000000003,166.69355240291839,3,4246.200000000001,3,2,4
2500,10,1220.2,122.02,141.96418908224894,10,1220.2,4,4,3
2503,4,19178.42,4794.605,174.69726216869108,4,19178.42,3,3,4
2505,3,1008.94,336.31333333333333,102.27306883649489,3,1008.94,4,2,2
2509,1,3688.0,3688.0,180.85635665111124,1,3688.0,3,1,3
2512,14,4326.2,309.0142857142857,205.55633336364295,14,4326.2,3,4,4
2514,1,215.2,215.2,189.908742769684,1,215.2,3,1,1
2519,142,70876.543,499.1305845070423,89.27369830205703,142,70876.543,4,5,5
2520,7,7881.915,1125.9878571428571,304.97575626190826,7,7881.915,1,4,4
2524,4,1100.0,275.0,137.00551357477968,4,1100.0,4,3,2
2533,1,280.9,280.9,102.05028429161672,1,280.9,4,1,1
2537,3,501.0,167.0,128.84982402368212,3,501.0,4,2,2
2540,15,2724.26,181.6173333333333,315.15941151341997,15,2724.26,1,5,3
2541,6,1648.1,274.68333333333334,325.04809076159336,6,1648.1,1,3,3
2546,8,41176.544,5147.068,343.19241305281616,8,41176.544,1,4,5
2553,6,1647.7,274.6166666666667,334.80614216330565,6,1647.7,1,3,3
2557,2,524.653,262.3265,160.73345940915559,2,524.653,3,2,2
2562,3,257.055,85.685,187.44248961332076,3,257.055,3,2,1
2568,2,345.315,172.6575,187.64200693022053,2,345.315,3,2,1
2579,7,82113.322,11730.474571428573,306.09407331739527,7,82113.322,1,4,5
2584,16,11012.366,688.272875,159.248043346734,16,11012.366,3,5,4
2587,12,2359.645,196.6370833333333,182.7480572496196,12,2359.645,3,4,3
2590,143,480441.548,3359.731104895105,81.15655106892393,143,480441.548,4,5,5
2593,2,561.0,280.5,311.57193488174397,2,561.0,1,2,2
2595,1,1.0,1.0,255.2543281369382,1,1.0,2,1,1
2596,7,5452.476000000001,778.925142857143,164.3577420811732,7,5452.476000000001,3,4,4
2597,200,2135802.035,10679.010175,103.1153466347836,200,2135802.035,4,5,5
2599,4,943.9,235.975,38.62020698333998,4,943.9,5,3,2
2603,1,161.5,161.5,145.19484183876406,1,161.5,4,1,1
2604,1,1.0,1.0,265.74923099344716,1,1.0,2,1,1
2608,9,2024.7,224.96666666666667,242.6475760856873,9,2024.7,2,4,3
2610,9,719.4,79.93333333333334,128.4069519905819,9,719.4,4,4,2
2611,15,24035.826,1602.3884,31.716794885056842,15,24035.826,5,5,5
2615,9,7054.039,783.7821111111111,123.874634536827,9,7054.039,4,4,4
2628,8,8.0,1.0,221.0676231020729,8,8.0,2,4,1
2630,1,647.42,647.42,290.2392906510013,1,647.42,2,1,2
2634,19,57719.785,3037.8834210526315,187.59218927342332,19,57719.785,3,5,5
2635,17,1212.788,71.34047058823529,300.071042631159,17,1212.788,1,5,3
2643,6,1515.673,252.61216666666667,99.29737595214561,6,1515.673,4,3,3
2647,2,8894.717,4447.3585,281.93176944392326,2,8894.717,2,2,4
2648,18,2444.967,135.8315,58.31864346563696,18,2444.967,5,5,3
2654,14,41644.299,2974.5927857142856,58.09550074107182,14,41644.299,5,4,5
2655,4,1125.579,281.39475,52.965031232954644,4,1125.579,5,3,2
2656,43,17720.186999999998,412.0973720930232,315.9786650131039,43,17720.186999999998,1,5,4
2662,7,13371.982,1910.2831428571428,311.7601957196334,7,13371.982,1,4,4
2663,18,6677.0,370.94444444444446,126.67146392085048,18,6677.0,4,5,4
2665,3,153.52499999999998,51.17499999999999,3.2166342739645573,3,153.52499999999998,5,2,1
2667,20,1484.8,74.24,182.02076529258755,20,1484.8,3,5,3
2668,56,98345.658,1756.172464285714,145.73147447480318,56,98345.658,4,5,5
2669,3,227.1,75.7,210.73638273396264,3,227.1,3,2,1
2670,1,468.87,468.87,289.3722499026169,1,468.87,2,1,2
2672,2,617.06,308.53,81.42629417002006,2,617.06,4,2,2
2674,2,6386.319,3193.1595,43.84267929464366,2,6386.319,5,2,4
2676,2,0.0,0.0,323.6106788478091,2,0.0,1,2,1
2683,6,26155.527,4359.2545,165.0216199290538,6,26155.527,3,3,5
2691,3,1095.0,365.0,189.9348012406322,3,1095.0,3,2,2
2692,21,4534.9,215.94761904761904,51.97258078991097,21,4534.9,5,5,4
2693,3,5685.72,1895.24,112.6262020125721,3,5685.72,4,2,4
2697,7,1401.4,200.2,182.33854101752496,7,1401.4,3,4,3
2699,6,1064.69,177.44833333333335,221.34960006856906,6,1064.69,2,4,2
2705,3,600.0,200.0,362.0807272719523,3,600.0,1,3,2
2707,10,55818.55499999999,5581.8555,102.57430662871347,10,55818.55499999999,4,4,5
2709,15,268748.217,17916.5478,64.84632216876008,15,268748.217,5,5,5
2710,30,2062.08,68.736,347.99147157734944,30,2062.08,1,5,3
2711,3,0.0,0.0,26.21236606725064,3,0.0,5,3,1
2712,6,3533.14,588.8566666666667,104.06195049582219,6,3533.14,4,4,3
2717,1,2110.943,2110.943,305.5699958796343,1,2110.943,1,1,3
2729,12,1917.066,159.7555,82.68418931633678,12,1917.066,4,4,3
2730,27,11639.592,431.096,142.28900879648953,27,11639.592,4,5,4
2731,6,1754.4,292.4,330.68648219751805,6,1754.4,1,4,3
2743,6,133.25,22.20833333333333,351.5683907535821,6,133.25,1,4,1
2745,1,0.6,0.6,116.17117389383753,1,0.6,4,1,1
2746,7,3693.134,527.5905714285715,197.7926958749385,7,3693.134,3,4,3
2748,4,1609.781,402.44525,33.10607036832067,4,1609.781,5,3,3
2749,16,13256.182,828.5113749999999,128.9560290939337,16,13256.182,4,5,4
2751,83,90840.903,1094.4687108433734,121.56957579426471,83,90840.903,4,5,5
2752,11,2630.175,239.1068181818182,15.98130723608611,11,2630.175,5,4,3
2758,2,1.6,0.8,189.60883284839082,2,1.6,3,2,1
2759,462,1781.9,3.8569264069264064,265.7437222089075,462,1781.9,2,5,3
2760,1382,541425.664,391.7696555716353,195.0152141594972,1382,541425.664,3,5,5
2761,6,4621.86,770.31,317.0506995033055,6,4621.86,1,4,4
2771,3,841.9,280.6333333333333,72.54224296037235,3,841.9,5,3,2
2772,8,1647.8000000000002,205.975,211.18595966982738,8,1647.8000000000002,3,4,3
2773,88,304808.062,3463.727977272727,116.49312679278724,88,304808.062,4,5,5
2780,4,894.9000000000001,223.725,178.02069991071895,4,894.9000000000001,3,3,2
2786,6,8816.247,1469.3745,231.41946410763836,6,8816.247,2,4,4
2787,18,94235.469,5235.303833333333,269.1103274227045,18,94235.469,2,5,5
2790,1,1.0,1.0,92.14821573711305,1,1.0,4,1,1
2791,3,27856.923,9285.641,343.2513106090591,3,27856.923,1,3,5
2797,3,1920.0,640.0,288.9371872677889,3,1920.0,2,3,3
2802,1,214.8,214.8,192.32423098283076,1,214.8,3,1,1
2804,5,611.595,122.319,306.13898475759277,5,611.595,1,3,2
2805,687,117762.191,171.41512518195051,162.00092759087156,687,117762.191,3,5,5
2807,1,885.408,885.408,190.06078918932042,1,885.408,3,1,2
2809,1,221.0,221.0,128.9646720795522,1,221.0,4,1,1
2812,12,9520.632,793.386,114.70781364456903,12,9520.632,4,4,4
2813,466,3526071.134,7566.676253218884,250.91645970805178,466,3526071.134,2,5,5
2814,6,1842.318,307.053,330.8143544629152,6,1842.318,1,4,3
2815,1,503.97,503.97,216.47932393191604,1,503.97,2,1,2
2819,7,6392.237999999999,913.1768571428572,106.58786277714198,7,6392.237999999999,4,4,4
2820,40,100255.73,2506.39325,300.79026392440767,40,100255.73,1,5,5
2824,476,37023.459,77.78037605042016,7.204866905940699,476,37023.459,5,5,5
2831,1,200.0,200.0,38.12528567293256,1,200.0,5,1,1
2832,15,4367.186,291.14573333333334,175.90910767974037,15,4367.186,3,5,4
2834,31,12301.766,396.83116129032254,74.97243963247132,31,12301.766,5,5,4
2842,108,1034920.532,9582.597518518518,60.81261656910515,108,1034920.532,5,5,5
2843,6,56637.271,9439.545166666669,257.7952294963194,6,56637.271,2,4,5
2845,26,89338.288,3436.088,254.88507365837285,26,89338.288,2,5,5
2849,1,0.6,0.6,264.2060360895069,1,0.6,2,1,1
2854,1,214.0,214.0,88.86459370653516,1,214.0,4,1,1
2855,2,0.0,0.0,15.626496840181993,2,0.0,5,2,1
2860,8,10569.083,1321.135375,344.4606819718061,8,10569.083,1,4,4
2863,3,1761.81,587.27,218.22825572385588,3,1761.81,2,3,3
2864,4,17574.101000000002,4393.525250000001,247.9785747477601,4,17574.101000000002,2,3,4
2865,23,25417.017,1105.0876956521738,30.206377621558225,23,25417.017,5,5,5
2869,65,13806.113,212.40173846153849,7.59327972242648,65,13806.113,5,5,4
2873,9,5337.531,593.059,172.28229683007302,9,5337.531,3,4,4
2874,57,30960.0,543.1578947368421,340.3505238682948,57,30960.0,1,5,5
2875,5,181.5,36.3,256.6591735543034,5,181.5,2,3,1
2877,305,228577.932,749.4358426229509,230.23753408573975,305,228577.932,2,5,5
2878,2,61.885,30.9425,148.89900164682,2,61.885,4,2,1
2879,9,13790.0,1532.2222222222222,323.0822171412013,9,13790.0,1,4,4
2880,1,5396.19,5396.19,94.9247479674039,1,5396.19,4,1,4
2881,3,9482.48,3160.8266666666664,349.7616121727035,3,9482.48,1,3,4
2883,4,1255.0,313.75,212.20707340057103,4,1255.0,3,3,3
2884,15,3878.499,258.5666,79.61527606869122,15,3878.499,4,5,3
2885,17,4684.95,275.58529411764704,356.10639165836386,17,4684.95,1,5,4
2888,6,5497.47,916.245,332.0073285311844,6,5497.47,1,4,4
2889,2,794.1400000000001,397.0700000000001,201.53720104513886,2,794.1400000000001,3,2,2
2896,3,6682.191,2227.397,20.851974742686846,3,6682.191,5,3,4
2898,6,45813.0,7635.5,261.6060225416107,6,45813.0,2,4,5
2899,9,1039402.515,115489.16833333332,340.094685208549,9,1039402.515,1,4,5
2900,11,13663.478,1242.1343636363636,216.54280905625694,11,13663.478,2,4,4
2901,8,83752.03300000001,10469.004125,53.84255660886127,8,83752.03300000001,5,4,5
2902,22,59103.696,2686.5316363636366,200.56502254309797,22,59103.696,3,5,5
2903,11,5258.167,478.0151818181819,329.1025316870954,11,5258.167,1,4,4
2904,7,3021.9,431.69999999999993,276.23876643655393,7,3021.9,2,4,3
2905,12,19550.0,1629.1666666666667,242.55126482436563,12,19550.0,2,4,4
2906,23,634898.71,27604.291739130436,222.20706239279986,23,634898.71,2,5,5
2908,12,85191.196,7099.266333333333,173.5292142687294,12,85191.196,3,4,5
2909,25,540783.003,21631.32012,154.6549388025751,25,540783.003,3,5,5
2910,3,30964.49,10321.496666666666,363.7243541623704,3,30964.49,1,3,5
2911,6,331357.974,55226.329,69.69817547431991,6,331357.974,5,4,5
2912,3,5509.6900000000005,1836.5633333333333,157.7061218133408,3,5509.6900000000005,3,3,4
2913,22,3580.7,162.7590909090909,134.52060243005764,22,3580.7,4,5,3
2917,57,51997.1,912.2298245614036,350.9694429060228,57,51997.1,1,5,5
2921,53,327677.4,6182.592452830189,181.90624326070142,53,327677.4,3,5,5
2922,13,1.7999999999999998,0.1384615384615384,31.585229294238463,13,1.7999999999999998,5,4,1
2924,3,2943.48,981.16,153.2290108080028,3,2943.48,3,3,3
2926,9,2245.752,249.528,128.65213532579637,9,2245.752,4,4,3
2927,3,537.3,179.1,319.7626760523987,3,537.3,1,3,2
2931,17,19629.938,1154.7022352941176,300.98281325479735,17,19629.938,1,5,4
2935,85,1326397.71,15604.67894117647,293.4782142114934,85,1326397.71,1,5,5
2936,31,591918.666,19094.15051612903,345.6896919166898,31,591918.666,1,5,5
2937,3,663.0,221.0,163.73409291172604,3,663.0,3,3,2
2938,9,8031.69,892.4100000000001,334.5977399475178,9,8031.69,1,4,4
2941,3,30523.5,10174.5,265.0775574471682,3,30523.5,2,3,5
2943,5,1803.675,360.735,84.06331763856973,5,1803.675,4,3,3
2944,1,2665.0,2665.0,227.71418825765662,1,2665.0,2,1,3
2947,2,1.0,0.5,71.15281023699575,2,1.0,5,2,1
2948,3,1.7999999999999998,0.6,209.8198129556644,3,1.7999999999999998,3,3,1
2954,12,9863.202,821.9335,140.81284900199947,12,9863.202,4,4,4
2956,3,13317.63,4439.21,349.2657090574819,3,13317.63,1,3,4
2957,3,2.0,0.6666666666666666,326.94449382127215,3,2.0,1,3,1
2960,11,5750.593,522.7811818181818,175.07406627691114,11,5750.593,3,4,4
2963,2,1800.0,900.0,345.3717405467854,2,1800.0,1,2,3
2965,3,1510.125,503.375,144.45063709148332,3,1510.125,4,3,3
2966,3,18719.325,6239.774999999999,22.598723888425717,3,18719.325,5,3,4
2967,4,2320.0,580.0,345.17573086538425,4,2320.0,1,3,3
2968,2,1511.0,755.5,159.7281510671291,2,1511.0,3,2,3
2969,6,2628.0,438.0,33.55637903977531,6,2628.0,5,4,3
2970,13,3257.3,250.56153846153848,215.90035900508207,13,3257.3,3,4,3
2971,10,26062.17,2606.217,208.651228007641,10,26062.17,3,4,5
2972,3,13560.0,4520.0,210.24058342600648,3,13560.0,3,3,4
2973,5,1348.055,269.611,82.25691001601614,5,1348.055,4,3,3
2974,4,1722.9299999999998,430.7325,144.31319125323097,4,1722.9299999999998,4,3,3
2975,4,859.2,214.8,257.6157147996354,4,859.2,2,3,2
2976,3,4009.2,1336.4,156.53407961357323,3,4009.2,3,3,3
2979,3,10902.0,3634.0,84.78470027827552,3,10902.0,4,3,4
2980,19,6017.797,316.72615789473684,74.85087208897932,19,6017.797,5,5,4
2981,3,1510.125,503.375,71.02921919324399,3,1510.125,5,3,3
2983,3,644.4000000000001,214.80000000000004,18.976145371373246,3,644.4000000000001,5,3,2
2984,3,1511.91,503.97,155.41298706578078,3,1511.91,3,3,3
2985,3,2735.235,911.745,67.16629079454898,3,2735.235,5,3,3
2986,17,1497.2420000000002,88.07305882352942,89.52996565875016,17,1497.2420000000002,4,5,3
2987,6,668.8349999999999,111.47249999999998,268.2036412855575,6,668.8349999999999,2,4,2
2988,6,304.665,50.7775,200.1760448067234,6,304.665,3,4,1
2989,96,137006.956,1427.1557916666668,55.46695540889925,96,137006.956,5,5,5
2990,40,440013.38,11000.3345,228.83163761728954,40,440013.38,2,5,5
2992,6,7887.599999999999,1314.6,83.6752032557294,6,7887.599999999999,4,4,4
2993,62,50129.324,808.5374838709678,146.85383999465935,62,50129.324,4,5,5
2995,1,0.0,0.0,145.00176727298438,1,0.0,4,1,1
2996,5,99579.415,19915.883,183.46750913685628,5,99579.415,3,3,5
2997,17,10628.453,625.2031176470588,71.18765642114137,17,10628.453,5,5,4
2998,3,821.502,273.834,183.6280109000533,3,821.502,3,3,2
2999,3,663.0,221.0,4.288226968834483,3,663.0,5,3,2
3002,52,362697.69,6974.955576923077,224.76188255070016,52,362697.69,2,5,5
3003,107,5385.37,50.33056074766355,281.7797201389437,107,5385.37,2,5,4
3004,3,216.3,72.1,322.19961424069646,3,216.3,1,3,1
3005,5,1085.9,217.18,339.3794395927794,5,1085.9,1,3,2
3006,9,2374.919,263.8798888888889,46.94998423151481,9,2374.919,5,4,3
3007,6,20718.888,3453.148,230.48193582703632,6,20718.888,2,4,5
3008,49,399862.033,8160.449653061224,189.67677016289667,49,399862.033,3,5,5
3009,1,78.545,78.545,167.86600659436064,1,78.545,3,1,1
3010,1,280.9,280.9,148.77968589035717,1,280.9,4,1,1
3014,3,663.0,221.0,124.42459813717275,3,663.0,4,3,2
3015,4,1223.74,305.935,26.0326496259074,4,1223.74,5,3,3
3016,3,663.0,221.0,262.29407967564777,3,663.0,2,3,2
3017,3,2036.685,678.895,364.3716889700452,3,2036.685,1,3,3
3018,6,257.055,42.8425,294.19209251112113,6,257.055,1,4,1
3019,3,801.1560000000001,267.052,146.67134364495965,3,801.1560000000001,4,3,2
3020,3,5550.78,1850.26,208.05461761910192,3,5550.78,3,3,4
3021,61,309855.158,5079.59275409836,14.910299328605479,61,309855.158,5,5,5
3022,3,29085.018,9695.006,67.34671569773877,3,29085.018,5,3,5
3023,145,766442.02,5285.807034482758,169.4394183093145,145,766442.02,3,5,5
3024,6,108000.0,18000.0,40.8255149393082,6,108000.0,5,4,5
3025,3,59944.95,19981.65,349.5524992693245,3,59944.95,1,3,5
3026,3,18403.35,6134.45,284.17519183713296,3,18403.35,2,3,4
3028,13,3624.0,278.7692307692308,315.2871084277904,13,3624.0,1,4,3
3030,6,1445.4,240.9,5.985888809511749,6,1445.4,5,4,3
3031,3,137552.22,45850.74,57.950022473105484,3,137552.22,5,3,5
3032,6,12198.75,2033.125,191.64571944346793,6,12198.75,3,4,4
3034,5,150964.415,30192.883,9.633136703764025,5,150964.415,5,3,5
3037,34,71122.4,2091.8352941176468,4.172507404742378,34,71122.4,5,5,5
3038,8,2062.1000000000004,257.76250000000005,320.1293964788754,8,2062.1000000000004,1,4,3
3039,2,860.2,430.1,93.69609274893462,2,860.2,4,2,2
3041,3,788.226,262.742,52.243662886075604,3,788.226,5,3,2
3042,4,194.4,48.6,114.27024036794073,4,194.4,4,3,1
3043,6,291.909,48.6515,232.8937960583314,6,291.909,2,4,1
3047,7,2639.26,377.0371428571429,236.17025091021065,7,2639.26,2,4,3
3048,4,62570.509,15642.62725,107.3230844655894,4,62570.509,4,3,5
3049,3,2340.0,780.0,116.05779192907886,3,2340.0,4,3,3
3050,9,8279.699,919.9665555555556,59.31367538415891,9,8279.699,5,4,4
3051,3,15795.545999999998,5265.182,286.94984966151776,3,15795.545999999998,2,3,4
3052,9,5247.0,583.0,86.42902246410695,9,5247.0,4,4,4
3054,6,5149.5,858.25,201.5374795242664,6,5149.5,3,4,4
3055,3,795.0,265.0,264.24464325175336,3,795.0,2,3,2
3056,14,4946.1,353.29285714285714,239.3778904366268,14,4946.1,2,4,4
3057,4,2697.25,674.3125,150.4215327806314,4,2697.25,3,3,3
3058,10,3847.095,384.7095000000001,227.83975423259514,10,3847.095,2,4,3
3060,3,477.264,159.088,176.93596272802523,3,477.264,3,3,2
3061,4,943.9,235.975,195.74980125080768,4,943.9,3,3,2
3062,13,3030.523,233.11715384615383,105.50112986446526,13,3030.523,4,4,3
3063,29,4074324.398,140493.9447586207,28.688399529478808,29,4074324.398,5,5,5
3064,13,2997.9,230.6076923076923,28.67161920462941,13,2997.9,5,4,3
3066,5,2355.24,471.048,300.61912833360145,5,2355.24,1,3,3
3067,27,16384.538,606.8347407407408,286.76043008420993,27,16384.538,2,5,4
3068,11,1037.816,94.3469090909091,153.40069686846624,11,1037.816,3,4,2
3069,7,4619.017,659.8595714285714,166.45290136342635,7,4619.017,3,4,4
3070,3,877.1999999999999,292.4,311.17685793487004,3,877.1999999999999,1,3,2
3071,4,710.0,177.5,40.75084737917827,4,710.0,5,3,2
3073,3,943.257,314.419,36.40232084646153,3,943.257,5,3,2
3074,5,1763.0100000000002,352.60200000000003,131.91814489703953,5,1763.0100000000002,4,3,3
3075,4,2894.1,723.525,268.0926622452928,4,2894.1,2,3,3
3076,7,2753.1,393.3,178.43060773119348,7,2753.1,3,4,3
3077,19,496758.493,26145.183842105263,149.51063340227583,19,496758.493,3,5,5
3078,10,5852.924,585.2924,60.590498038850114,10,5852.924,5,4,4
3079,3,1511.91,503.97,326.2259382623048,3,1511.91,1,3,3
3080,3,877.1999999999999,292.4,243.71632255702784,3,877.1999999999999,2,3,2
3081,20,119325.453,5966.27265,254.60073048090487,20,119325.453,2,5,5
3082,6,342.735,57.1225,302.48910102421667,6,342.735,1,4,1
3083,5,1.6,0.32,193.8753545886709,5,1.6,3,3,1
3084,31,2295.739,74.05609677419355,202.41861382045477,31,2295.739,3,5,3
3085,3,8115.0,2705.0,350.4854688068793,3,8115.0,1,3,4
3086,4,1002.0,250.5,355.9352812363785,4,1002.0,1,3,2
3087,9,165794.0,18421.555555555555,327.7697585233022,9,165794.0,1,4,5
3088,27,454318.268,16826.602518518517,60.54957298644735,27,454318.268,5,5,5
3090,3,1511.91,503.97,194.77157151872345,3,1511.91,3,3,3
3091,9,1704.856,189.42844444444444,37.36001300298394,9,1704.856,5,4,3
3092,3,5640.0,1880.0,244.33477395621296,3,5640.0,2,3,4
3093,3,10361.7,3453.9,305.54929730019865,3,10361.7,1,3,4
3097,12,4041.164,336.76366666666667,188.71290605608658,12,4041.164,3,4,3
3098,59,116.6,1.976271186440678,202.21462624638883,59,116.6,3,5,1
3099,17,2459.9,144.70000000000002,1.258070677355716,17,2459.9,5,5,3
3101,14,14316.5,1022.6071428571428,150.25421900875472,14,14316.5,3,4,4
3103,45,37000.0,822.2222222222222,72.83774516945267,45,37000.0,5,5,5
3105,11,23686.794,2153.3449090909094,354.5648739716226,11,23686.794,1,4,5
3107,5,14344.2,2868.84,317.24404877472773,5,14344.2,1,3,4
3108,10,321.72,32.172,325.5130724834412,10,321.72,1,4,1
3109,24,14311.427,596.3094583333333,3.506512795750586,24,14311.427,5,5,4
3110,16,12145.166,759.072875,339.37352707796475,16,12145.166,1,5,4
3111,33,181849.525,5510.591666666666,54.0746131608639,33,181849.525,5,5,5
3112,19,93548.075,4923.582894736842,312.31499589262665,19,93548.075,1,5,5
3114,72,376509.929,5229.3045694444445,287.79619035444574,72,376509.929,2,5,5
3115,9,9316.955,1035.2172222222223,259.0405765904816,9,9316.955,2,4,4
3116,4,604.8149999999999,151.20375,258.89874384005265,4,604.8149999999999,2,3,2
3117,15,21290.885,1419.3923333333337,226.96489061021038,15,21290.885,2,5,5
3118,2,7459.136,3729.568,30.48808414386947,2,7459.136,5,2,4
3119,14,16258.883,1161.3487857142857,223.63178534198525,14,16258.883,2,4,4
3120,15,2363.675,157.57833333333335,118.96096951566867,15,2363.675,4,5,3
3121,34,25204.023,741.2947941176471,215.73213463648935,34,25204.023,3,5,5
3122,24,11287.298,470.3040833333334,139.57572105857744,24,11287.298,4,5,4
3123,1,2780.42,2780.42,213.3551526812756,1,2780.42,3,1,3
3124,51,81524.707,1598.5236666666665,17.984178643269143,51,81524.707,5,5,5
3125,37,17213.922,465.2411351351351,184.5398429728298,37,17213.922,3,5,4
3126,16,15224.5,951.53125,3.081151161391105,16,15224.5,5,5,4
3128,444,14870.1,33.491216216216216,272.55337679729723,444,14870.1,2,5,4
3129,6,29653.22,4942.203333333334,81.28103255145977,6,29653.22,4,4,5
3130,3,9450.0,3150.0,253.6560447295313,3,9450.0,2,3,4
3131,3,2786.4,928.7999999999998,300.1034726776826,3,2786.4,1,3,3
3132,5,2751.9,550.3799999999999,341.36901383807805,5,2751.9,1,3,3
3136,8,5279.974,659.99675,11.293280200495277,8,5279.974,5,4,4
3137,24,80044.461,3335.185875,190.95197723708904,24,80044.461,3,5,5
3138,7,22462.788,3208.969714285714,183.43887617991533,7,22462.788,3,4,5
3139,5,149.37,29.874,26.35021512418364,5,149.37,5,3,1
3140,3,9542.145,3180.715,246.11849461793975,3,9542.145,2,3,4
3141,2,32642.1,16321.05,129.47594959497093,2,32642.1,4,2,5
3142,14,10983.989,784.570642857143,166.612793771108,14,10983.989,3,4,4
3143,3,1511.91,503.97,311.2433186532681,3,1511.91,1,3,3
3144,5,2394.9,478.9799999999999,87.82649917131052,5,2394.9,4,3,3
3145,9,5292.942,588.1046666666666,247.05475619422822,9,5292.942,2,4,4
3146,7,27858.686,3979.8122857142857,105.41064228196258,7,27858.686,4,4,5
3147,33,3679.4,111.4969696969697,274.22562964096613,33,3679.4,2,5,3
3148,15,883.65,58.91,145.47203064006857,15,883.65,4,5,2
3150,3,3183.924,1061.308,352.74794050240826,3,3183.924,1,3,3
3151,3,61103.7,20367.9,251.69305183577788,3,61103.7,2,3,5
3152,7,9409.8,1344.257142857143,159.53897731676057,7,9409.8,3,4,4
3153,11,2451.04,222.82181818181817,112.34070559584123,11,2451.04,4,4,3
3154,13,8664.047,666.4651538461538,203.12057180692318,13,8664.047,3,4,4
3155,13,291.4,22.41538461538461,259.6918140506582,13,291.4,2,4,1
3156,5,265.38,53.076,213.34260411934636,5,265.38,3,3,1
3157,153,28506.577,186.3174967320261,351.6425963654996,153,28506.577,1,5,5
3159,58,43533.154,750.5716206896552,69.57653245577178,58,43533.154,5,5,5
3162,3,2290.17,763.39,179.49356821128097,3,2290.17,3,3,3
3164,7,4619.146,659.8779999999999,176.15420732808838,7,4619.146,3,4,4
3166,11,8027.510999999999,729.7737272727272,196.57944102428405,11,8027.510999999999,3,4,4
3167,31,19899.325,641.9137096774194,264.5866978943442,31,19899.325,2,5,5
3169,8,282.34000000000003,35.292500000000004,339.03404739354505,8,282.34000000000003,1,4,1
3170,4,2932.504,733.126,90.26413065796903,4,2932.504,4,3,3
3172,2,358.2,179.1,35.83872988255318,2,358.2,5,2,1
3173,1,250.5,250.5,332.0766474913226,1,250.5,1,1,1
3174,3,1587.2800000000002,529.0933333333334,257.2415648008244,3,1587.2800000000002,2,3,3
3175,4,10502.088,2625.522,250.59877329391438,4,10502.088,2,3,4
3176,16,9749.273,609.3295625,116.43192255987891,16,9749.273,4,5,4
3177,25,43524.282,1740.97128,79.92263809179387,25,43524.282,4,5,5
3178,6,1930.82,321.80333333333334,116.53707546930261,6,1930.82,4,4,3
3179,2,1100.0,550.0,341.9479032346144,2,1100.0,1,2,2
3181,3,157.085,52.36166666666667,28.136250412226243,3,157.085,5,3,1
3182,9,4319.74,479.9711111111111,329.7500988404086,9,4319.74,1,4,4
3184,2,524.8,262.4,65.88823160773855,2,524.8,5,2,2
3185,2,501.0,250.5,178.8657166248247,2,501.0,3,2,2
3186,2,11221.382,5610.691,87.15295874467678,2,11221.382,4,2,4
3187,17,11723.826,689.6368235294118,168.81178133664076,17,11723.826,3,5,4
3188,5,3656.099,731.2198,235.70663164022636,5,3656.099,2,3,3
3189,3,65324.452000000005,21774.817333333336,276.75499002922487,3,65324.452000000005,2,3,5
3191,15,9196.683,613.1121999999999,223.5528968893493,15,9196.683,2,5,4
3192,12,122629.26,10219.105,361.22793150078627,12,122629.26,1,4,5
3193,1,280.9,280.9,23.194335376326098,1,280.9,5,1,1
3194,5,34373.36,6874.6720000000005,203.76203015855714,5,34373.36,3,3,5
3195,56,23591.652,421.2795,277.5119991238364,56,23591.652,2,5,5
3196,4,982.96,245.74,338.47826480776985,4,982.96,1,3,2
3197,3,196.95,65.64999999999999,308.21216665623206,3,196.95,1,3,1
3198,7,350.09000000000003,50.01285714285715,146.4585236003717,7,350.09000000000003,4,4,1
3199,3,16772.782,5590.927333333333,49.68226115778762,3,16772.782,5,3,4
3200,9,2444.14,271.5711111111111,102.49432404810922,9,2444.14,4,4,3
3201,31,8954.895,288.8675806451613,150.1991532380516,31,8954.895,3,5,4
3202,4,721.992,180.498,357.26800981193105,4,721.992,1,3,2
3203,4,5602.28,1400.57,99.09873661590464,4,5602.28,4,3,4
3204,5,9450.0,1890.0,70.1035186961617,5,9450.0,5,3,4
3205,3,2377.178,792.3926666666666,136.56476464331445,3,2377.178,4,3,3
3206,5,3119.622,623.9244,233.3140291004115,5,3119.622,2,3,3
3207,3,107.571,35.857,202.39095861562382,3,107.571,3,3,1
3208,5,420.376,84.0752,323.2675850915357,5,420.376,1,3,2
3209,2,1007.94,503.97,230.04331816589905,2,1007.94,2,2,2
3211,2,442.0,221.0,301.567022139542,2,442.0,1,2,2
3212,2,3130.0,1565.0,160.66103532177618,2,3130.0,3,2,3
3213,9,243.78,27.086666666666662,348.30104387478207,9,243.78,1,4,1
3214,12,607.5999999999999,50.633333333333326,287.069033575001,12,607.5999999999999,2,4,2
3215,6,76089.25499999999,12681.542499999998,82.86311268984734,6,76089.25499999999,4,4,5
3216,20,44225.955,2211.29775,346.7539276629941,20,44225.955,1,5,5
3217,3,988.31,329.43666666666667,26.02989234087729,3,988.31,5,3,2
3218,1,3784.36,3784.36,48.79494978094902,1,3784.36,5,1,3
3219,1,195.165,195.165,49.00220145735405,1,195.165,5,1,1
3220,2,501.0,250.5,198.32367802525286,2,501.0,3,2,2
3222,12,1934.425,161.20208333333332,124.03253975220186,12,1934.425,4,4,3
3223,1,214.8,214.8,252.33092046863928,1,214.8,2,1,1
3224,4,92489.44,23122.36,226.8428729865726,4,92489.44,2,3,5
3225,2,442.0,221.0,179.179029926353,2,442.0,3,2,2
3226,5,555.836,111.1672,235.79570572992318,5,555.836,2,3,2
3227,6,1745.16,290.86,347.0202952175955,6,1745.16,1,4,3
3228,19,544.0799999999999,28.63578947368421,144.07042850184845,19,544.0799999999999,4,5,2
3229,6,201.73,33.62166666666667,192.9318388187096,6,201.73,3,4,1
3231,1,221.0,221.0,56.98345324261166,1,221.0,5,1,1
3232,2,1120.28,560.14,338.5663298318882,2,1120.28,1,2,2
3234,1,250.5,250.5,48.96522132515003,1,250.5,5,1,1
3235,6,98371.847,16395.307833333336,131.82860799026545,6,98371.847,4,4,5
3238,7,35325.705,5046.529285714286,24.2613976641434,7,35325.705,5,4,5
3239,2,314.222,157.111,259.8175278058012,2,314.222,2,2,1
3240,29,7821.0,269.6896551724138,244.73117071171856,29,7821.0,2,5,4
3241,6,1734.247,289.0411666666667,282.27503884958884,6,1734.247,2,4,3
3242,1,120.79,120.79,53.983612638723585,1,120.79,5,1,1
3243,15,59619.884,3974.658933333333,351.4352495876524,15,59619.884,1,5,5
3245,674,170847.99,253.4836646884273,303.7339908905609,674,170847.99,1,5,5
3246,1,12393.783,12393.783,162.7620020695975,1,12393.783,3,1,4
3248,2,10660.8,5330.400000000001,225.84280167861922,2,10660.8,2,2,4
3249,14,8231.778,587.9841428571428,284.7459663470606,14,8231.778,2,4,4
3250,13,5804.432,446.4947692307693,36.540657809714595,13,5804.432,5,4,4
3251,1,9304.16,9304.16,77.644429217531,1,9304.16,4,1,4
3252,1,503.97,503.97,21.64520651366237,1,503.97,5,1,2
3253,2,1141.288,570.644,32.27370978602504,2,1141.288,5,2,2
3254,5,1112.5,222.5,155.48555190737218,5,1112.5,3,3,2
3255,6,1005.42,167.57,2.3523366250489364,6,1005.42,5,4,2
3257,4,405.815,101.45375,313.41464346960976,4,405.815,1,3,2
3258,1,50.0,50.0,252.37160212259306,1,50.0,2,1,1
3259,1,292.4,292.4,169.7931689243561,1,292.4,3,1,1
3260,1,503.97,503.97,264.9237151708602,1,503.97,2,1,2
3261,1,292.4,292.4,133.1644819631175,1,292.4,4,1,1
3262,7,4573.979,653.4255714285715,48.13545942136,7,4573.979,5,4,4
3263,67,781.2239999999999,11.660059701492536,230.26878542146318,67,781.2239999999999,2,5,2
3266,7,6835.621,976.5172857142858,22.121818108279236,7,6835.621,5,4,4
3267,1,214.8,214.8,233.28714847598718,1,214.8,2,1,1
3268,7,363668.408,51952.62971428572,248.44287523922793,7,363668.408,2,4,5
3270,12,21165.426000000003,1763.7855000000002,54.71623273580185,12,21165.426000000003,5,4,5
3271,4,14280.51,3570.1275,164.47941313026286,4,14280.51,3,3,4
3273,2,18339.295,9169.6475,321.9910833293233,2,18339.295,1,2,4
3274,4,987.72,246.93,325.08875668446075,4,987.72,1,3,2
3275,1,292.4,292.4,342.0172278181178,1,292.4,1,1,1
3276,2,471.54,235.77,328.9533962087476,2,471.54,1,2,2
3277,2,836.5799999999999,418.29,324.06433767320266,2,836.5799999999999,1,2,2
3278,2,429.6,214.8,308.0742881878008,2,429.6,1,2,2
3279,2,429.6,214.8,124.02997488455658,2,429.6,4,2,2
3280,2,501.4,250.7,304.86584522259886,2,501.4,1,2,2
3282,2,215.4,107.7,56.12739981597436,2,215.4,5,2,1
3285,6,83506.396,13917.732666666663,87.64220390556551,6,83506.396,4,4,5
3287,2,430.0,215.0,282.0178075554562,2,430.0,2,2,2
3288,4,25393.31,6348.327499999999,158.24727889409107,4,25393.31,3,3,5
3289,2,4053.695,2026.8475,256.39626613451975,2,4053.695,2,2,4
3290,59,49056.74,831.4701694915254,23.56742270776447,59,49056.74,5,5,5
3293,5,1670.99,334.198,231.35022057073024,5,1670.99,2,3,3
3294,1,1300.0,1300.0,357.92231186670483,1,1300.0,1,1,3
3295,2,489.6,244.8,163.60994387444148,2,489.6,3,2,2
3297,8,6988.396000000001,873.5495000000001,170.30666788615073,8,6988.396000000001,3,4,4
3298,1,859.023,859.023,322.50920678224804,1,859.023,1,1,2
3300,10,28226.75,2822.675,164.28373120345552,10,28226.75,3,4,5
3301,2,180.29,90.145,264.7162945448475,2,180.29,2,2,1
3302,1,221.0,221.0,138.18021590860974,1,221.0,4,1,1
3304,2,477.19999999999993,238.6,163.5862887255757,2,477.19999999999993,3,2,2
3305,3,2017.453,672.4843333333333,136.51764200182413,3,2017.453,4,3,3
3306,21,29090.675,1385.270238095238,60.75787342296461,21,29090.675,5,5,5
3307,1,3200.0,3200.0,90.88714449494613,1,3200.0,4,1,3
3310,2,1029.964,514.982,212.17980035711517,2,1029.964,3,2,2
3311,2,2344.3720000000003,1172.186,342.50337923045015,2,2344.3720000000003,1,2,3
3312,2,21282.84,10641.42,115.20718887179036,2,21282.84,4,2,5
3313,2,86.285,43.1425,169.4526032963869,2,86.285,3,2,1
3315,1,6320.76,6320.76,141.98353279039128,1,6320.76,4,1,4
3316,1,214.8,214.8,287.9735524104131,1,214.8,2,1,1
3319,4,1644.6,411.15,146.14254005428788,4,1644.6,4,3,3
3320,4,1253.578,313.3945,340.6563410471765,4,1253.578,1,3,3
3321,2,429.6,214.8,246.33023321034887,2,429.6,2,2,2
3322,7,189287.202,27041.028857142857,289.39410524765367,7,189287.202,2,4,5
3324,30,35494.12,1183.1373333333331,118.13951968168615,30,35494.12,4,5,5
3327,6,2746.545,457.7575,39.01994914625281,6,2746.545,5,4,3
3329,5,2321.022,464.2044,319.4868662416652,5,2321.022,1,3,3
3331,2,244.2,122.1,160.52894295667411,2,244.2,3,2,1
3332,3,17549.3,5849.766666666666,77.33920038992811,3,17549.3,5,3,4
3337,2,543.3,271.65,41.746658784736745,2,543.3,5,2,2
3338,63,736566.11,11691.525555555556,146.24199287190166,63,736566.11,4,5,5
3340,3,196.895,65.63166666666666,47.430808578610986,3,196.895,5,3,1
3341,4,1925.0,481.25,49.60405837044759,4,1925.0,5,3,3
3343,1,503.97,503.97,258.1103948994047,1,503.97,2,1,2
3344,1,503.97,503.97,19.111235495459415,1,503.97,5,1,2
3346,1,250.5,250.5,223.08665115968884,1,250.5,2,1,1
3347,5,1000.86,200.172,240.77729788716064,5,1000.86,2,3,2
3348,1,214.8,214.8,122.88985833633794,1,214.8,4,1,1
3349,13,8474.606,651.8927692307692,127.76924445983198,13,8474.606,4,4,4
3351,7,7130.937,1018.7052857142857,70.43505755744025,7,7130.937,5,4,4
3352,5,584.765,116.953,146.71313939499598,5,584.765,4,3,2
3353,1,250.5,250.5,66.0817925281194,1,250.5,5,1,1
3354,53,78147.894,1474.4885660377358,318.50947791303724,53,78147.894,1,5,5
3355,3,1568.635,522.8783333333333,119.00143424181357,3,1568.635,4,3,3
3357,9,3975.854,441.7615555555556,289.50111819469146,9,3975.854,2,4,3
3358,3,43551.896,14517.298666666667,275.17833744993766,3,43551.896,2,3,5
3359,1,0.0,0.0,127.98856091106796,1,0.0,4,1,1
3360,53,436252.258,8231.174679245283,235.55441348635696,53,436252.258,2,5,5
3361,1,221.0,221.0,29.08010180433571,1,221.0,5,1,1
3362,4,5248.955,1312.23875,122.61934426351245,4,5248.955,4,3,4
3363,1,2488.221,2488.221,116.6645026694999,1,2488.221,4,1,3
3365,6,7066.097,1177.6828333333333,307.2859146060091,6,7066.097,1,4,4
3366,10,1678.526,167.8526,46.636766070125425,10,1678.526,5,4,3
3367,2,17757.698,8878.849,301.700874581875,2,17757.698,1,2,4
3370,6,4434.428,739.0713333333333,59.692882434927306,6,4434.428,5,4,4
3371,1,13060.325,13060.325,154.42392679569298,1,13060.325,3,1,4
3372,6,3173.721,528.9535,108.21141343833463,6,3173.721,4,4,3
3373,4,690.8149999999999,172.70375,42.367011497332,4,690.8149999999999,5,3,2
3375,2,2628.898,1314.449,224.80158449207528,2,2628.898,2,2,3
3376,1,0.6,0.6,50.57098803108237,1,0.6,5,1,1
3377,2,11884.458,5942.229,280.9401443189547,2,11884.458,2,2,4
3378,2,3871.611,1935.8055,90.75589587892112,2,3871.611,4,2,3
3379,1,250.5,250.5,168.85853405674783,1,250.5,3,1,1
3380,2,1678.987,839.4934999999999,47.77622408739962,2,1678.987,5,2,3
3381,2,449.83,224.915,16.666015706721623,2,449.83,5,2,2
3383,1,280.5,280.5,114.66996106202008,1,280.5,4,1,1
3384,1,695.56,695.56,65.24656522457833,1,695.56,5,1,2
3386,2,1823.882,911.941,169.2129472977497,2,1823.882,3,2,3
3387,2,1823.882,911.941,104.84217731663506,2,1823.882,4,2,3
3388,4,517.28,129.32,243.37361617117813,4,517.28,2,3,2
3389,1,1731.0,1731.0,321.39560104964204,1,1731.0,1,1,3
3390,4,36778.596,9194.649,221.07978921011073,4,36778.596,2,3,5
3391,1,230.0,230.0,255.12000433238669,1,230.0,2,1,1
3392,13,32107.948,2469.842153846154,64.44302213884652,13,32107.948,5,4,5
3393,7,916.583,130.94042857142855,292.2613330970308,7,916.583,1,4,2
3394,2,6488.340999999999,3244.1705,149.1825290026509,2,6488.340999999999,4,2,4
3395,1,214.8,214.8,278.99138507701974,1,214.8,2,1,1
3396,1,250.5,250.5,38.83376618803556,1,250.5,5,1,1
3397,8,5788.192,723.524,252.62712138035994,8,5788.192,2,4,4
3398,16,77366.508,4835.40675,221.95921365363256,16,77366.508,2,5,5
3402,13,68298.6,5253.738461538462,21.22808474278859,13,68298.6,5,4,5
3403,1,101.0,101.0,286.76781831926877,1,101.0,2,1,1
3404,6,3869.178,644.8629999999999,94.55978213167126,6,3869.178,4,4,3
3405,2,501.0,250.5,294.87519493673403,2,501.0,1,2,2
3406,1,214.8,214.8,129.61575846190152,1,214.8,4,1,1
3407,3,1381.81,460.6033333333333,347.034798161253,3,1381.81,1,3,3
3408,2,67.24,33.62,103.78192372366681,2,67.24,4,2,1
3409,4,1002.0,250.5,270.30777938701846,4,1002.0,2,3,2
3411,2,794.54,397.27,59.6697294891904,2,794.54,5,2,2
3412,12,4844.197,403.6830833333333,325.20440379975264,12,4844.197,1,4,4
3413,4,2529.383,632.34575,286.4967601277394,4,2529.383,2,3,3
3414,4,2881.402,720.3505,256.3543188214821,4,2881.402,2,3,3
3416,7,20423.67,2917.6671428571426,178.190565062257,7,20423.67,3,4,5
3420,1,440.0,440.0,296.6772395083937,1,440.0,1,1,2
3424,3,2072.956,690.9853333333334,126.51673044334314,3,2072.956,4,3,3
3425,4,352.26,88.065,14.370191689668745,4,352.26,5,3,1
3427,1,215.2,215.2,290.83576984153893,1,215.2,2,1,1
3428,3,2896.911,965.637,47.78232091896697,3,2896.911,5,3,3
3429,4,8514.1,2128.525,62.07291221066768,4,8514.1,5,3,4
3431,10,3672.973,367.2973,327.1791119867162,10,3672.973,1,4,3
3433,1,304.3,304.3,326.8593815958086,1,304.3,1,1,1
3435,4,282.7,70.675,145.69632742919416,4,282.7,4,3,1
3436,1,250.5,250.5,226.88655119394508,1,250.5,2,1,1
3437,2,5229.091,2614.5455,324.0254287310325,2,5229.091,1,2,4
3438,1,351.9,351.9,356.3051206669479,1,351.9,1,1,1
3440,1,7739.154,7739.154,59.89482071254184,1,7739.154,5,1,4
3441,2,580.73,290.365,54.64226265069581,2,580.73,5,2,2
3442,1,133.328,133.328,178.36070136438116,1,133.328,3,1,1
3443,1,12966.748,12966.748,179.07866598237965,1,12966.748,3,1,4
3444,1,125.545,125.545,319.4782087935232,1,125.545,1,1,1
3445,3,14576.8,4858.933333333333,120.64800266719199,3,14576.8,4,3,4
3446,1,100.0,100.0,80.21990580204543,1,100.0,4,1,1
3448,46,283728.4,6168.008695652175,52.06711288044003,46,283728.4,5,5,5
3451,7,1078.535,154.07642857142858,214.87651470792002,7,1078.535,3,4,2
3452,1,214.8,214.8,302.8295087546606,1,214.8,1,1,1
3453,4,566.0699999999999,141.51749999999998,202.46332614300968,4,566.0699999999999,3,3,2
3456,2,1124.8,562.4,325.041577940095,2,1124.8,1,2,2
3457,3,1848.29,616.0966666666667,171.82370329195604,3,1848.29,3,3,3
3459,1,214.8,214.8,282.11008404158844,1,214.8,2,1,1
3461,1,2030.0,2030.0,129.9863605667249,1,2030.0,4,1,3
3463,2,225.515,112.7575,85.49611572277219,2,225.515,4,2,1
3467,1,127.93,127.93,363.14623392126464,1,127.93,1,1,1
3468,4,6669.758,1667.4395,307.4845413548565,4,6669.758,1,3,4
3469,2,97.469,48.7345,128.6311123295615,2,97.469,4,2,1
3470,4,6558.25,1639.5625,183.81139204594928,4,6558.25,3,3,4
3471,2,31473.58,15736.79,290.76166499971345,2,31473.58,2,2,5
3472,4,216.6,54.150000000000006,19.368492326070236,4,216.6,5,3,1
3477,3,516.173,172.05766666666668,6.504157116009411,3,516.173,5,3,2
3478,2,384.38,192.19,225.13281933418057,2,384.38,2,2,2
3485,1,215.2,215.2,251.75600395965208,1,215.2,2,1,1
3487,1,890.24,890.24,106.7197198227331,1,890.24,4,1,2
3488,2,198.74,99.37,357.09369306462435,2,198.74,1,2,1
3489,2,1136.7,568.35,221.85597176662486,2,1136.7,2,2,2
3490,5,3356.874,671.3747999999999,67.12360932635819,5,3356.874,5,3,3
3494,1,214.8,214.8,302.0620905659616,1,214.8,1,1,1
3499,3,161.855,53.95166666666666,57.15951724260616,3,161.855,5,3,1
3504,1,511.871,511.871,335.40865273454324,1,511.871,1,1,2
3507,2,203.2,101.6,256.7848430130407,2,203.2,2,2,1
3508,1,214.8,214.8,88.8017255855005,1,214.8,4,1,1
3509,1,483.8,483.8,217.0381692520932,1,483.8,2,1,2
3510,1,215.2,215.2,272.0338166184641,1,215.2,2,1,1
3511,1,215.2,215.2,225.97529294464513,1,215.2,2,1,1
3512,1,8500.0,8500.0,127.41859543051419,1,8500.0,4,1,4
3513,34,266991.074,7852.678647058824,335.36848081880055,34,266991.074,1,5,5
3515,1,214.8,214.8,106.171104589946,1,214.8,4,1,1
3518,11,5752.77,522.9790909090908,83.1305819294318,11,5752.77,4,4,4
3519,1,214.8,214.8,42.68314889102506,1,214.8,5,1,1
3520,5,3420.923,684.1845999999999,93.8285603879926,5,3420.923,4,3,3
3521,1,250.5,250.5,250.97813511121703,1,250.5,2,1,1
3523,1,250.9,250.9,278.57676811136264,1,250.9,2,1,1
3524,3,2793.931,931.3103333333332,142.0186800136027,3,2793.931,4,3,3
3525,1,579.34,579.34,62.97464405877446,1,579.34,5,1,2
3526,13,4583.650000000001,352.5884615384616,251.66696096608263,13,4583.650000000001,2,4,4
3527,14,503727.29,35980.52071428571,226.63747036640913,14,503727.29,2,4,5
3528,2,885.752,442.876,3.0138708437757495,2,885.752,5,2,2
3532,19,38534.08,2028.1094736842103,245.4341098426151,19,38534.08,2,5,5
3533,2,217.7,108.85,38.671227671330165,2,217.7,5,2,1
3535,1,215.2,215.2,209.47490268241643,1,215.2,3,1,1
3536,3,14370.834,4790.278,132.28527876760728,3,14370.834,4,3,4
3537,2,352.5,176.25,320.81788541225524,2,352.5,1,2,1
3538,2,290.37,145.185,269.5542235351482,2,290.37,2,2,1
3539,2,907.315,453.6575,167.0514012020226,2,907.315,3,2,2
3540,2,2301.7,1150.85,158.15070849477178,2,2301.7,3,2,3
3541,143,141645.167,990.5256433566432,269.0520009668325,143,141645.167,2,5,5
3542,2,1005.033,502.5165,273.98831482638,2,1005.033,2,2,2
3547,4,5067.582,1266.8955,196.47188608712418,4,5067.582,3,3,4
3548,8,4315.457,539.432125,197.91974805395947,8,4315.457,3,4,4
3549,1,214.8,214.8,60.61469777182458,1,214.8,5,1,1
3550,1,221.0,221.0,305.6019883853005,1,221.0,1,1,1
3551,1,215.2,215.2,298.64674547515784,1,215.2,1,1,1
3552,3,966.502,322.1673333333333,242.60497378513176,3,966.502,2,3,2
3553,3,1181.266,393.7553333333333,350.56471450269555,3,1181.266,1,3,2
3555,13,10046.145,772.7803846153846,267.179000426792,13,10046.145,2,4,4
3558,1,360.468,360.468,22.409635590728193,1,360.468,5,1,1
3559,1,1063.27,1063.27,236.4023969373701,1,1063.27,2,1,2
3560,2,277.675,138.8375,49.98282285953873,2,277.675,5,2,1
3564,1,250.5,250.5,22.779193977273614,1,250.5,5,1,1
3565,2,275.495,137.7475,223.7434555020615,2,275.495,2,2,1
3566,3,1220.708,406.9026666666667,62.79435426339231,3,1220.708,5,3,3
3570,2,15130.0,7565.0,263.5814516854377,2,15130.0,2,2,4
3571,12,6024.179,502.0149166666667,241.4290564189817,12,6024.179,2,4,4
3572,1,366.123,366.123,353.308904055098,1,366.123,1,1,2
3574,1,330.0,330.0,205.9865023983452,1,330.0,3,1,1
3575,2,2330.0,1165.0,348.80314491504123,2,2330.0,1,2,3
3576,1,217.0,217.0,145.12048312247063,1,217.0,4,1,1
3577,1,0.0,0.0,207.09458205954505,1,0.0,3,1,1
3579,1,292.4,292.4,91.52313593093037,1,292.4,4,1,1
3580,4,2894.8,723.7,219.4509200500867,4,2894.8,2,3,3
3593,6,2825.673,470.9455,8.99463170908354,6,2825.673,5,4,3
3594,3,24974.439,8324.813,81.46400892692103,3,24974.439,4,3,5
3595,2,17362.6,8681.3,172.71582522388317,2,17362.6,3,2,4
3596,1,0.6,0.6,293.66820971434737,1,0.6,1,1,1
3597,2,1112.252,556.126,56.93649910910468,2,1112.252,5,2,2
3598,17,9415.383,553.8460588235293,279.28893328793595,17,9415.383,2,5,4
3599,1,29190.0,29190.0,248.28593373106528,1,29190.0,2,1,5
3601,1,215.2,215.2,119.28841870413966,1,215.2,4,1,1
3602,1,215.2,215.2,22.839025538481316,1,215.2,5,1,1
3603,2,64.265,32.1325,244.38365504915913,2,64.265,2,2,1
3607,4,280.0,70.0,152.6848927749409,4,280.0,3,3,1
3609,51,269375.928,5281.880941176471,219.19606939152186,51,269375.928,2,5,5
3610,3,8383.445,2794.4816666666666,132.25599875562654,3,8383.445,4,3,4
3611,2,12199.7,6099.849999999999,73.9000752352088,2,12199.7,5,2,4
3612,8,23469.651,2933.706375,132.60795664350061,8,23469.651,4,4,5
3613,3,396.447,132.149,292.94903135349085,3,396.447,1,3,2
3614,1,214.8,214.8,158.51855765610867,1,214.8,3,1,1
3616,3,1.6,0.5333333333333333,153.00243737071443,3,1.6,3,3,1
3617,1,215.2,215.2,321.89242277669064,1,215.2,1,1,1
3618,2,1538.161,769.0805,59.81969690980828,2,1538.161,5,2,3
3621,10,39587.857,3958.7857,195.43829465248552,10,39587.857,3,4,5
3624,1,215.2,215.2,189.93046382401732,1,215.2,3,1,1
3625,12,278524.775,23210.397916666665,63.7968261416017,12,278524.775,5,4,5
3626,2,10713.963,5356.9815,208.85527753777112,2,10713.963,3,2,4
3630,2,791.8520000000001,395.926,276.6743197259848,2,791.8520000000001,2,2,2
3632,1,352.3,352.3,283.7543726867521,1,352.3,2,1,1
3633,32,17450.0,545.3125,289.3595671167347,32,17450.0,2,5,4
3641,1,641.22,641.22,34.2837543091304,1,641.22,5,1,2
3642,3,9615.0,3205.0,355.7322783935341,3,9615.0,1,3,4
3643,1,1.0,1.0,12.158951108986845,1,1.0,5,1,1
3644,2,565.0,282.5,155.69894367966626,2,565.0,3,2,2
3647,2,419.75,209.875,295.3180392840781,2,419.75,1,2,2
3648,2,275.973,137.9865,261.3071149329409,2,275.973,2,2,1
3651,1,215.2,215.2,62.58312267462725,1,215.2,5,1,1
3652,1,215.2,215.2,100.18641642999512,1,215.2,4,1,1
3653,1,215.2,215.2,67.4329916085669,1,215.2,5,1,1
3654,8,35031.627,4378.953375,132.39823683319895,8,35031.627,4,4,5
3657,2,990.141,495.0705,201.1600009745468,2,990.141,3,2,2
3658,22,11773.863,535.1755909090908,79.32232331221272,22,11773.863,4,5,4
3659,1,1232.097,1232.097,181.54892029238377,1,1232.097,3,1,3
3660,2,120.595,60.2975,90.49267881533386,2,120.595,4,2,1
3662,13,10808.895,831.4534615384616,277.23625413745634,13,10808.895,2,4,4
3664,1,1101.0,1101.0,351.82333371174536,1,1101.0,1,1,2
3665,1,625.0,625.0,166.95027164204447,1,625.0,3,1,2
3669,35,8265.845,236.167,275.2216928413781,35,8265.845,2,5,4
3671,1,215.2,215.2,281.76464445638567,1,215.2,2,1,1
3672,24,182707.463,7612.810958333333,92.13759306266647,24,182707.463,4,5,5
3673,2,1226.51,613.255,187.34990356658042,2,1226.51,3,2,3
3675,8,2913.424,364.178,4.139236559691102,8,2913.424,5,4,3
3676,1,250.9,250.9,189.66043071260316,1,250.9,3,1,1
3680,1,215.2,215.2,344.24668818779855,1,215.2,1,1,1
3681,8,43808.75,5476.09375,359.8406247763447,8,43808.75,1,4,5
3683,2,13478.1,6739.05,41.47344013907522,2,13478.1,5,2,4
3684,1,215.2,215.2,20.67643208344217,1,215.2,5,1,1
3685,4,4009.352,1002.338,84.62507140062472,4,4009.352,4,3,3
3686,1,1580.0,1580.0,339.79208625460194,1,1580.0,1,1,3
3688,2,1210.0,605.0,350.1513033306142,2,1210.0,1,2,3
3690,4,7529.299999999999,1882.325,184.5679197275549,4,7529.299999999999,3,3,4
3691,1,900.0,900.0,111.89573538284856,1,900.0,4,1,2
3693,2,2261.558,1130.779,154.2194251702709,2,2261.558,3,2,3
3694,15,82422.542,5494.836133333333,89.85148007088317,15,82422.542,4,5,5
3703,1,7401.0,7401.0,152.80699338701197,1,7401.0,3,1,4
3704,2,1511.08,755.54,219.14723900950418,2,1511.08,2,2,3
3707,8,8101.608,1012.701,302.72290770811264,8,8101.608,1,4,4
3708,2,1291.96,645.98,46.09575218168101,2,1291.96,5,2,3
3710,1,893.5,893.5,266.97480004720154,1,893.5,2,1,2
3711,2,585.5999999999999,292.79999999999995,68.06307505433448,2,585.5999999999999,5,2,2
3713,2,1052.77,526.385,92.35833971196722,2,1052.77,4,2,2
3714,4,1196.785,299.19625,196.3840848376654,4,1196.785,3,3,2
3715,2,121.0,60.5,42.130045151306035,2,121.0,5,2,1
3716,2,6395.469999999999,3197.735,280.058864948292,2,6395.469999999999,2,2,4
3718,3,1621.334,540.4446666666666,262.07734773207966,3,1621.334,2,3,3
3720,3,811.605,270.535,205.1407266174171,3,811.605,3,3,2
3725,1,504.37,504.37,285.26766500703366,1,504.37,2,1,2
3726,6,4623.194,770.5323333333334,108.09796618806241,6,4623.194,4,4,4
3727,15,3310.433,220.69553333333332,317.09919763748115,15,3310.433,1,5,3
3728,1,228.29,228.29,74.07192465511571,1,228.29,5,1,1
3730,4,42114.525,10528.63125,201.07048429939024,4,42114.525,3,3,5
3731,1,4156.33,4156.33,179.4123300723957,1,4156.33,3,1,4
3732,4,126.57,31.6425,322.9262390781031,4,126.57,1,3,1
3733,10,5236.364,523.6364,114.59446310828872,10,5236.364,4,4,4
3734,1,21421.0,21421.0,184.53927196266153,1,21421.0,3,1,5
3735,2,12442.1,6221.05,278.4232429212143,2,12442.1,2,2,4
3739,1,1.0,1.0,24.38706610941282,1,1.0,5,1,1
3744,2,675.898,337.949,181.2724466983163,2,675.898,3,2,2
3745,1,352.3,352.3,347.71890878431515,1,352.3,1,1,1
3747,6,122180.0,20363.33333333333,220.94323240532702,6,122180.0,2,4,5
3750,3,3947.225,1315.7416666666666,313.74307250685035,3,3947.225,1,3,3
3754,3,751.5,250.5,37.70215976545655,3,751.5,5,3,2
3756,415,729390.7880000001,1757.5681638554215,55.01700744030329,415,729390.7880000001,5,5,5
3760,2,1078.72,539.36,248.62741297811473,2,1078.72,2,2,2
3762,12,62359.205,5196.600416666667,219.34032120901406,12,62359.205,2,4,5
3763,2,101.008,50.504,360.92883253461093,2,101.008,1,2,1
3764,1,1183.86,1183.86,312.3504072504007,1,1183.86,1,1,2
3767,1,280.9,280.9,146.09768779717163,1,280.9,4,1,1
3769,13,1078.355,82.95038461538462,173.20465178015124,13,1078.355,3,4,2
3770,1,1478.301,1478.301,159.86023439575797,1,1478.301,3,1,3
3773,4,23227.0,5806.75,211.79740212129667,4,23227.0,3,3,5
3777,11,959.195,87.19954545454544,162.15858855402382,11,959.195,3,4,2
3778,2,91.786,45.893,196.63652992908897,2,91.786,3,2,1
3781,1,854.722,854.722,271.6901976323307,1,854.722,2,1,2
3782,1,665.0,665.0,34.045674756896915,1,665.0,5,1,2
3783,5,16223.099,3244.6198,232.2346335355342,5,16223.099,2,3,4
3785,1,192.19,192.19,5.573128442033324,1,192.19,5,1,1
3788,2,174.524,87.262,41.1294942629858,2,174.524,5,2,1
3789,1,579.34,579.34,38.79526346650455,1,579.34,5,1,2
3790,7,1427.84,203.9771428571429,358.8293935002214,7,1427.84,1,4,3
3792,1,280.9,280.9,337.6811465427207,1,280.9,1,1,1
3795,109,128541.075,1179.2759174311927,29.975229780216633,109,128541.075,5,5,5
3796,2,505.775,252.8875,75.81227737160786,2,505.775,5,2,2
3797,17,87215.48,5130.322352941176,316.6675046195535,17,87215.48,1,5,5
3798,2,396.604,198.302,105.15646665478481,2,396.604,4,2,2
3799,1,6215.0,6215.0,101.89119146982763,1,6215.0,4,1,4
3801,2,831.1270000000001,415.5635,77.74220098373804,2,831.1270000000001,4,2,2
3803,2,79.005,39.5025,233.57011988961003,2,79.005,2,2,1
3805,1,1563.3,1563.3,344.1907859447457,1,1563.3,1,1,3
3806,6,90.0,15.0,85.25795268826111,6,90.0,4,4,1
3809,2,372.328,186.164,68.891648111705,2,372.328,5,2,2
3810,9,733.23,81.47,109.20930141359874,9,733.23,4,4,2
3817,51,24308.318,476.6336862745098,297.8956727375783,51,24308.318,1,5,5
3819,2,4137.436,2068.718,213.69680662239554,2,4137.436,3,2,4
3820,1,440.742,440.742,298.9707933452327,1,440.742,1,1,2
3821,3,1446.695,482.2316666666666,203.74400037236424,3,1446.695,3,3,3
3822,1,385.89,385.89,261.6309078930893,1,385.89,2,1,2
3823,1,579.34,579.34,235.55792719194875,1,579.34,2,1,2
3824,1,906.59,906.59,174.56492505833114,1,906.59,3,1,2
3825,1,1850.0,1850.0,171.93235806441334,1,1850.0,3,1,3
3827,2,1485.215,742.6075000000001,82.57205800557419,2,1485.215,4,2,3
3828,6,1760.0,293.3333333333333,122.92055980758909,6,1760.0,4,4,3
3829,1,280.9,280.9,208.81824060854305,1,280.9,3,1,1
3830,1,8500.0,8500.0,198.04302334972945,1,8500.0,3,1,4
3831,1,579.34,579.34,46.68540153542285,1,579.34,5,1,2
3837,1,535.45,535.45,299.8809548999337,1,535.45,1,1,2
3844,4,3224.635,806.15875,272.94053972142405,4,3224.635,2,3,3
3845,23,62637.069,2723.350826086956,82.16615389478346,23,62637.069,4,5,5
3846,2,484.503,242.2515,291.65272506007676,2,484.503,2,2,2
3847,2,1657.6529999999998,828.8264999999999,306.2816015577401,2,1657.6529999999998,1,2,3
3849,1,304.7,304.7,356.7590473869102,1,304.7,1,1,1
3852,1,742.37,742.37,337.74708650899635,1,742.37,1,1,2
3855,2,226.196,113.098,32.39379692518223,2,226.196,5,2,1
3858,4,1370.438,342.6095,213.72304576410707,4,1370.438,3,3,3
3865,3,7224.817,2408.2723333333333,199.61853204194745,3,7224.817,3,3,4
3867,1,80.135,80.135,104.12910449899364,1,80.135,4,1,1
3868,7,34639.427,4948.489571428572,102.06971370935936,7,34639.427,4,4,5
3872,1,274.7,274.7,338.4729178074259,1,274.7,1,1,1
3873,4,8827.95,2206.9875,182.12768019436223,4,8827.95,3,3,4
3874,1,1011.31,1011.31,130.95469478409018,1,1011.31,4,1,2
3876,4,1038.905,259.72625,81.6580874676443,4,1038.905,4,3,2
3879,1,262.053,262.053,6.647558090970206,1,262.053,5,1,1
3880,1,692.39,692.39,327.82793308616033,1,692.39,1,1,2
3882,1,379.022,379.022,77.51338091635589,1,379.022,4,1,2
3883,1,1223.25,1223.25,330.1451494925954,1,1223.25,1,1,3
3884,1,185.45,185.45,14.94603746040775,1,185.45,5,1,1
3885,1,280.9,280.9,188.55541769500675,1,280.9,3,1,1
3886,4,7665.299999999999,1916.325,56.410285159574194,4,7665.299999999999,5,3,4
3887,3,86647.75,28882.58333333333,302.3663311111035,3,86647.75,1,3,5
3888,1,280.9,280.9,343.4264036821429,1,280.9,1,1,1
3889,2,4088.528,2044.264,143.21633000831048,2,4088.528,4,2,4
3890,1,250.9,250.9,202.18497989866273,1,250.9,3,1,1
3892,1,78641.6,78641.6,66.38160116761136,1,78641.6,5,1,5
3893,1,210.0,210.0,221.0350086029868,1,210.0,2,1,1
3894,2,370.424,185.212,187.679600817516,2,370.424,3,2,2
3896,2,1680.026,840.013,102.72227173822371,2,1680.026,4,2,3
3898,1,53.955,53.955,235.80161344238348,1,53.955,2,1,1
3900,1,50.0,50.0,262.16016185881165,1,50.0,2,1,1
3901,1,107.68,107.68,257.1568008800682,1,107.68,2,1,1
3903,2,620.8,310.4,164.1889483492125,2,620.8,3,2,2
3906,2,1254.381,627.1904999999999,250.4025017120399,2,1254.381,2,2,3
3909,4,1550.0,387.5,159.50332362195746,4,1550.0,3,3,3
3910,1,4300.0,4300.0,131.43635354566405,1,4300.0,4,1,4
3914,1,50.0,50.0,296.91290997109655,1,50.0,1,1,1
3917,1,318.992,318.992,269.3902498295394,1,318.992,2,1,1
3926,1,691.2,691.2,311.98706414056426,1,691.2,1,1,2
3932,1,693.287,693.287,220.4760412658022,1,693.287,2,1,2
3933,1,579.34,579.34,179.73248726162524,1,579.34,3,1,2
3934,71,947591.781,13346.363112676056,142.2468619399511,71,947591.781,4,5,5
3937,1,423.105,423.105,313.206835051061,1,423.105,1,1,2
3938,1,739.0,739.0,16.024426754769124,1,739.0,5,1,2
3939,1,3746.0,3746.0,62.809763314497886,1,3746.0,5,1,3
3943,5,2146.062,429.2124,198.76943427041624,5,2146.062,3,3,3
3944,3,381.65,127.21666666666664,227.70075110485297,3,381.65,2,3,2
3945,17,49461.479,2909.4987647058824,44.94562860628085,17,49461.479,5,5,5
3949,7,3333.0,476.1428571428572,358.45806945825154,7,3333.0,1,4,3
3950,5,22029.368,4405.873600000001,98.67511864639233,5,22029.368,4,3,5
3951,2,265.482,132.741,349.3954803680528,2,265.482,1,2,1
3952,1,12823.7,12823.7,13.32773531989836,1,12823.7,5,1,4
