CustomerKey,TotalShipments,AvgDeliveryTime,OnTimeDeliveries,OnTimePercentage
0,16,0.9781887449017079,13,81.25
1,28,0.9781887449017079,21,75.0
2,14,0.9781887449017079,6,42.857142857142854
3,23,0.9781887449017079,17,73.91304347826086
4,22,0.9781887449017079,17,77.27272727272727
6,21,0.9781887449017079,17,80.95238095238095
7,15,0.9781887449017079,9,60.0
8,18,0.9781887449017079,14,77.77777777777779
9,17,0.9781887449017079,13,76.47058823529412
11,20,0.9781887449017079,14,70.0
13,22,0.9781887449017079,20,90.9090909090909
22,16,0.9781887449017079,15,93.75
27,25,0.9781887449017079,17,68.0
40,22,0.9781887449017079,15,68.18181818181817
57,15,0.9781887449017079,12,80.0
65,15,0.9781887449017079,11,73.33333333333333
73,21,0.9781887449017079,19,90.47619047619048
74,18,0.9781887449017079,14,77.77777777777779
81,14,0.9781887449017079,12,85.71428571428571
82,27,0.9781887449017079,22,81.48148148148148
85,13,0.9781887449017079,11,84.61538461538461
89,24,0.9781887449017079,17,70.83333333333334
90,21,0.9781887449017079,16,76.19047619047619
94,19,0.9781887449017079,14,73.68421052631578
95,22,0.9781887449017079,16,72.72727272727273
99,28,0.9781887449017079,20,71.42857142857143
100,18,0.9781887449017079,10,55.55555555555556
104,25,0.9781887449017079,21,84.0
108,29,0.9781887449017079,21,72.41379310344827
111,25,0.9781887449017079,20,80.0
117,15,0.9781887449017079,11,73.33333333333333
119,19,0.9781887449017079,17,89.47368421052632
127,21,0.9781887449017079,16,76.19047619047619
129,15,0.9781887449017079,13,86.66666666666667
131,18,0.9781887449017079,15,83.33333333333334
133,14,0.9781887449017079,10,71.42857142857143
136,22,0.9781887449017079,18,81.81818181818183
138,17,0.9781887449017079,12,70.58823529411765
161,21,0.9781887449017079,17,80.95238095238095
166,18,0.9781887449017079,15,83.33333333333334
167,20,0.9781887449017079,11,55.00000000000001
170,19,0.9781887449017079,12,63.1578947368421
192,29,0.9781887449017079,21,72.41379310344827
194,17,0.9781887449017079,13,76.47058823529412
195,17,0.9781887449017079,15,88.23529411764706
200,23,0.9781887449017079,16,69.56521739130434
201,29,0.9781887449017079,20,68.96551724137932
205,20,0.9781887449017079,17,85.0
206,22,0.9781887449017079,17,77.27272727272727
207,17,0.9781887449017079,10,58.82352941176471
218,20,0.9781887449017079,17,85.0
220,21,0.9781887449017079,15,71.42857142857143
225,18,0.9781887449017079,16,88.88888888888889
226,21,0.9781887449017079,16,76.19047619047619
235,10,0.9781887449017079,7,70.0
238,28,0.9781887449017079,22,78.57142857142857
253,15,0.9781887449017079,11,73.33333333333333
254,14,0.9781887449017079,12,85.71428571428571
256,25,0.9781887449017079,25,100.0
259,23,0.9781887449017079,19,82.6086956521739
264,19,0.9781887449017079,15,78.94736842105263
270,28,0.9781887449017079,23,82.14285714285714
272,23,0.9781887449017079,18,78.26086956521739
273,22,0.9781887449017079,18,81.81818181818183
282,18,0.9781887449017079,13,72.22222222222221
284,18,0.9781887449017079,17,94.44444444444444
290,30,0.9781887449017079,25,83.33333333333334
293,17,0.9781887449017079,13,76.47058823529412
304,22,0.9781887449017079,20,90.9090909090909
305,16,0.9781887449017079,12,75.0
318,25,0.9781887449017079,17,68.0
321,17,0.9781887449017079,12,70.58823529411765
331,16,0.9781887449017079,12,75.0
335,11,0.9781887449017079,7,63.63636363636363
337,27,0.9781887449017079,22,81.48148148148148
340,18,0.9781887449017079,10,55.55555555555556
343,20,0.9781887449017079,18,90.0
345,20,0.9781887449017079,16,80.0
348,17,0.9781887449017079,12,70.58823529411765
349,19,0.9781887449017079,15,78.94736842105263
358,10,0.9781887449017079,6,60.0
361,15,0.9781887449017079,11,73.33333333333333
374,22,0.9781887449017079,19,86.36363636363636
379,28,0.9781887449017079,24,85.71428571428571
384,20,0.9781887449017079,15,75.0
386,24,0.9781887449017079,21,87.5
387,4,0.9781887449017079,3,75.0
396,26,0.9781887449017079,22,84.61538461538461
397,21,0.9781887449017079,15,71.42857142857143
399,22,0.9781887449017079,17,77.27272727272727
400,20,0.9781887449017079,17,85.0
408,14,0.9781887449017079,10,71.42857142857143
414,19,0.9781887449017079,14,73.68421052631578
415,17,0.9781887449017079,12,70.58823529411765
417,24,0.9781887449017079,20,83.33333333333334
418,21,0.9781887449017079,18,85.71428571428571
420,25,0.9781887449017079,19,76.0
421,18,0.9781887449017079,15,83.33333333333334
422,24,0.9781887449017079,20,83.33333333333334
426,18,0.9781887449017079,14,77.77777777777779
427,29,0.9781887449017079,20,68.96551724137932
437,20,0.9781887449017079,18,90.0
442,22,0.9781887449017079,17,77.27272727272727
449,21,0.9781887449017079,15,71.42857142857143
450,19,0.9781887449017079,11,57.89473684210527
457,16,0.9781887449017079,6,37.5
458,18,0.9781887449017079,14,77.77777777777779
459,17,0.9781887449017079,15,88.23529411764706
460,20,0.9781887449017079,15,75.0
463,17,0.9781887449017079,11,64.70588235294117
468,11,0.9781887449017079,10,90.9090909090909
480,27,0.9781887449017079,23,85.18518518518519
483,19,0.9781887449017079,16,84.21052631578947
485,17,0.9781887449017079,16,94.11764705882352
495,18,0.9781887449017079,11,61.111111111111114
498,16,0.9781887449017079,14,87.5
499,32,0.9781887449017079,28,87.5
500,26,0.9781887449017079,17,65.38461538461539
501,14,0.9781887449017079,11,78.57142857142857
514,22,0.9781887449017079,14,63.63636363636363
520,29,0.9781887449017079,23,79.3103448275862
526,23,0.9781887449017079,18,78.26086956521739
527,15,0.9781887449017079,8,53.333333333333336
538,15,0.9781887449017079,10,66.66666666666666
544,25,0.9781887449017079,21,84.0
547,18,0.9781887449017079,14,77.77777777777779
562,20,0.9781887449017079,16,80.0
567,26,0.9781887449017079,23,88.46153846153845
568,25,0.9781887449017079,19,76.0
577,18,0.9781887449017079,15,83.33333333333334
584,16,0.9781887449017079,12,75.0
585,15,0.9781887449017079,13,86.66666666666667
589,31,0.9781887449017079,22,70.96774193548387
593,13,0.9781887449017079,11,84.61538461538461
600,13,0.9781887449017079,12,92.3076923076923
601,23,0.9781887449017079,20,86.95652173913044
608,18,0.9781887449017079,10,55.55555555555556
610,21,0.9781887449017079,18,85.71428571428571
611,27,0.9781887449017079,21,77.77777777777779
612,21,0.9781887449017079,15,71.42857142857143
618,17,0.9781887449017079,14,82.35294117647058
624,22,0.9781887449017079,18,81.81818181818183
637,19,0.9781887449017079,14,73.68421052631578
642,15,0.9781887449017079,11,73.33333333333333
652,15,0.9781887449017079,14,93.33333333333333
654,23,0.9781887449017079,15,65.21739130434783
656,18,0.9781887449017079,9,50.0
660,22,0.9781887449017079,15,68.18181818181817
669,27,0.9781887449017079,23,85.18518518518519
673,12,0.9781887449017079,10,83.33333333333334
682,24,0.9781887449017079,19,79.16666666666666
688,24,0.9781887449017079,20,83.33333333333334
702,23,0.9781887449017079,16,69.56521739130434
705,18,0.9781887449017079,10,55.55555555555556
706,21,0.9781887449017079,17,80.95238095238095
709,21,0.9781887449017079,13,61.904761904761905
713,22,0.9781887449017079,16,72.72727272727273
716,19,0.9781887449017079,15,78.94736842105263
720,19,0.9781887449017079,15,78.94736842105263
721,15,0.9781887449017079,14,93.33333333333333
722,18,0.9781887449017079,16,88.88888888888889
727,21,0.9781887449017079,18,85.71428571428571
733,22,0.9781887449017079,19,86.36363636363636
738,15,0.9781887449017079,10,66.66666666666666
740,25,0.9781887449017079,20,80.0
741,16,0.9781887449017079,13,81.25
744,17,0.9781887449017079,15,88.23529411764706
750,28,0.9781887449017079,21,75.0
752,15,0.9781887449017079,11,73.33333333333333
753,28,0.9781887449017079,23,82.14285714285714
756,14,0.9781887449017079,11,78.57142857142857
757,15,0.9781887449017079,11,73.33333333333333
759,24,0.9781887449017079,20,83.33333333333334
760,21,0.9781887449017079,15,71.42857142857143
765,26,0.9781887449017079,21,80.76923076923077
772,15,0.9781887449017079,11,73.33333333333333
776,27,0.9781887449017079,20,74.07407407407408
777,12,0.9781887449017079,10,83.33333333333334
783,27,0.9781887449017079,23,85.18518518518519
784,23,0.9781887449017079,17,73.91304347826086
815,23,0.9781887449017079,20,86.95652173913044
820,19,0.9781887449017079,17,89.47368421052632
822,19,0.9781887449017079,13,68.42105263157895
823,14,0.9781887449017079,10,71.42857142857143
834,25,0.9781887449017079,21,84.0
842,34,0.9781887449017079,24,70.58823529411765
846,23,0.9781887449017079,20,86.95652173913044
857,18,0.9781887449017079,11,61.111111111111114
858,14,0.9781887449017079,12,85.71428571428571
861,17,0.9781887449017079,15,88.23529411764706
863,17,0.9781887449017079,13,76.47058823529412
864,20,0.9781887449017079,18,90.0
880,16,0.9781887449017079,11,68.75
883,19,0.9781887449017079,13,68.42105263157895
887,21,0.9781887449017079,15,71.42857142857143
889,17,0.9781887449017079,14,82.35294117647058
896,19,0.9781887449017079,14,73.68421052631578
897,25,0.9781887449017079,19,76.0
907,20,0.9781887449017079,15,75.0
908,25,0.9781887449017079,19,76.0
915,16,0.9781887449017079,13,81.25
917,17,0.9781887449017079,14,82.35294117647058
918,18,0.9781887449017079,13,72.22222222222221
922,19,0.9781887449017079,15,78.94736842105263
926,19,0.9781887449017079,15,78.94736842105263
927,22,0.9781887449017079,15,68.18181818181817
928,20,0.9781887449017079,15,75.0
937,20,0.9781887449017079,19,95.0
940,10,0.9781887449017079,10,100.0
945,22,0.9781887449017079,20,90.9090909090909
948,15,0.9781887449017079,14,93.33333333333333
952,23,0.9781887449017079,19,82.6086956521739
953,23,0.9781887449017079,16,69.56521739130434
958,25,0.9781887449017079,21,84.0
969,24,0.9781887449017079,20,83.33333333333334
971,17,0.9781887449017079,15,88.23529411764706
972,23,0.9781887449017079,18,78.26086956521739
974,20,0.9781887449017079,14,70.0
980,25,0.9781887449017079,18,72.0
987,13,0.9781887449017079,12,92.3076923076923
990,28,0.9781887449017079,24,85.71428571428571
991,21,0.9781887449017079,17,80.95238095238095
998,16,0.9781887449017079,11,68.75
1005,21,0.9781887449017079,16,76.19047619047619
1011,18,0.9781887449017079,15,83.33333333333334
1013,18,0.9781887449017079,13,72.22222222222221
1015,26,0.9781887449017079,19,73.07692307692307
1025,27,0.9781887449017079,16,59.25925925925925
1028,13,0.9781887449017079,9,69.23076923076923
1032,16,0.9781887449017079,12,75.0
1035,16,0.9781887449017079,13,81.25
1042,23,0.9781887449017079,17,73.91304347826086
1047,18,0.9781887449017079,14,77.77777777777779
1049,17,0.9781887449017079,12,70.58823529411765
1056,21,0.9781887449017079,16,76.19047619047619
1057,17,0.9781887449017079,12,70.58823529411765
1058,13,0.9781887449017079,11,84.61538461538461
1064,15,0.9781887449017079,11,73.33333333333333
1065,24,0.9781887449017079,18,75.0
1067,25,0.9781887449017079,22,88.0
1070,32,0.9781887449017079,24,75.0
1080,18,0.9781887449017079,15,83.33333333333334
1094,29,0.9781887449017079,24,82.75862068965517
1098,21,0.9781887449017079,16,76.19047619047619
1099,22,0.9781887449017079,20,90.9090909090909
1101,18,0.9781887449017079,12,66.66666666666666
1106,15,0.9781887449017079,13,86.66666666666667
1110,18,0.9781887449017079,14,77.77777777777779
1111,15,0.9781887449017079,12,80.0
1118,22,0.9781887449017079,16,72.72727272727273
1119,22,0.9781887449017079,14,63.63636363636363
1134,21,0.9781887449017079,15,71.42857142857143
1155,25,0.9781887449017079,18,72.0
1158,20,0.9781887449017079,16,80.0
1160,17,0.9781887449017079,17,100.0
1162,16,0.9781887449017079,12,75.0
1165,20,0.9781887449017079,16,80.0
1170,11,0.9781887449017079,8,72.72727272727273
1174,16,0.9781887449017079,15,93.75
1176,25,0.9781887449017079,17,68.0
1177,23,0.9781887449017079,20,86.95652173913044
1185,28,0.9781887449017079,23,82.14285714285714
1189,20,0.9781887449017079,14,70.0
1192,12,0.9781887449017079,8,66.66666666666666
1202,23,0.9781887449017079,16,69.56521739130434
1205,26,0.9781887449017079,19,73.07692307692307
1209,17,0.9781887449017079,16,94.11764705882352
1215,15,0.9781887449017079,13,86.66666666666667
1216,18,0.9781887449017079,16,88.88888888888889
1222,30,0.9781887449017079,23,76.66666666666667
1224,17,0.9781887449017079,10,58.82352941176471
1226,23,0.9781887449017079,19,82.6086956521739
1227,21,0.9781887449017079,15,71.42857142857143
1251,18,0.9781887449017079,12,66.66666666666666
1253,24,0.9781887449017079,19,79.16666666666666
1257,18,0.9781887449017079,16,88.88888888888889
1259,15,0.9781887449017079,10,66.66666666666666
1261,25,0.9781887449017079,16,64.0
1263,20,0.9781887449017079,15,75.0
1272,23,0.9781887449017079,19,82.6086956521739
1276,26,0.9781887449017079,23,88.46153846153845
1286,21,0.9781887449017079,17,80.95238095238095
1289,20,0.9781887449017079,16,80.0
1295,16,0.9781887449017079,15,93.75
1298,21,0.9781887449017079,14,66.66666666666666
1304,16,0.9781887449017079,14,87.5
1305,24,0.9781887449017079,19,79.16666666666666
1306,27,0.9781887449017079,24,88.88888888888889
1309,34,0.9781887449017079,25,73.52941176470588
1310,16,0.9781887449017079,15,93.75
1314,16,0.9781887449017079,12,75.0
1315,23,0.9781887449017079,18,78.26086956521739
1316,17,0.9781887449017079,14,82.35294117647058
1317,14,0.9781887449017079,10,71.42857142857143
1321,19,0.9781887449017079,16,84.21052631578947
1331,20,0.9781887449017079,14,70.0
1336,18,0.9781887449017079,16,88.88888888888889
1342,27,0.9781887449017079,16,59.25925925925925
1343,12,0.9781887449017079,9,75.0
1356,32,0.9781887449017079,23,71.875
1381,26,0.9781887449017079,23,88.46153846153845
1392,22,0.9781887449017079,15,68.18181818181817
1396,28,0.9781887449017079,23,82.14285714285714
1397,21,0.9781887449017079,16,76.19047619047619
1398,22,0.9781887449017079,17,77.27272727272727
1401,22,0.9781887449017079,20,90.9090909090909
1404,18,0.9781887449017079,15,83.33333333333334
1410,16,0.9781887449017079,16,100.0
1411,25,0.9781887449017079,19,76.0
1418,28,0.9781887449017079,22,78.57142857142857
1420,26,0.9781887449017079,22,84.61538461538461
1430,25,0.9781887449017079,17,68.0
1446,14,0.9781887449017079,10,71.42857142857143
1448,13,0.9781887449017079,10,76.92307692307693
1452,31,0.9781887449017079,27,87.09677419354838
1456,16,0.9781887449017079,15,93.75
1457,13,0.9781887449017079,10,76.92307692307693
1460,22,0.9781887449017079,18,81.81818181818183
1461,20,0.9781887449017079,16,80.0
1475,28,0.9781887449017079,22,78.57142857142857
1477,23,0.9781887449017079,18,78.26086956521739
1480,20,0.9781887449017079,14,70.0
1487,23,0.9781887449017079,19,82.6086956521739
1494,31,0.9781887449017079,20,64.51612903225806
1495,23,0.9781887449017079,19,82.6086956521739
1496,26,0.9781887449017079,19,73.07692307692307
1500,23,0.9781887449017079,21,91.30434782608695
1504,16,0.9781887449017079,13,81.25
1505,17,0.9781887449017079,12,70.58823529411765
1510,19,0.9781887449017079,15,78.94736842105263
1518,19,0.9781887449017079,15,78.94736842105263
1520,20,0.9781887449017079,15,75.0
1525,22,0.9781887449017079,19,86.36363636363636
1530,28,0.9781887449017079,23,82.14285714285714
1537,11,0.9781887449017079,10,90.9090909090909
1553,13,0.9781887449017079,10,76.92307692307693
1554,12,0.9781887449017079,10,83.33333333333334
1561,27,0.9781887449017079,20,74.07407407407408
1563,26,0.9781887449017079,21,80.76923076923077
1564,18,0.9781887449017079,14,77.77777777777779
1565,13,0.9781887449017079,12,92.3076923076923
1567,17,0.9781887449017079,13,76.47058823529412
1569,20,0.9781887449017079,13,65.0
1570,20,0.9781887449017079,20,100.0
1572,23,0.9781887449017079,19,82.6086956521739
1575,17,0.9781887449017079,12,70.58823529411765
1580,24,0.9781887449017079,19,79.16666666666666
1581,15,0.9781887449017079,10,66.66666666666666
1585,25,0.9781887449017079,21,84.0
1586,17,0.9781887449017079,14,82.35294117647058
1589,20,0.9781887449017079,19,95.0
1590,28,0.9781887449017079,20,71.42857142857143
1597,26,0.9781887449017079,23,88.46153846153845
1600,18,0.9781887449017079,13,72.22222222222221
1603,24,0.9781887449017079,18,75.0
1619,20,0.9781887449017079,16,80.0
1620,24,0.9781887449017079,16,66.66666666666666
1626,10,0.9781887449017079,9,90.0
1628,16,0.9781887449017079,14,87.5
1638,30,0.9781887449017079,26,86.66666666666667
1639,15,0.9781887449017079,13,86.66666666666667
1640,26,0.9781887449017079,18,69.23076923076923
1641,18,0.9781887449017079,14,77.77777777777779
1643,25,0.9781887449017079,18,72.0
1646,16,0.9781887449017079,15,93.75
1652,29,0.9781887449017079,24,82.75862068965517
1658,20,0.9781887449017079,17,85.0
1667,17,0.9781887449017079,14,82.35294117647058
1672,16,0.9781887449017079,10,62.5
1678,18,0.9781887449017079,11,61.111111111111114
1679,14,0.9781887449017079,11,78.57142857142857
1680,18,0.9781887449017079,10,55.55555555555556
1681,19,0.9781887449017079,16,84.21052631578947
1682,21,0.9781887449017079,17,80.95238095238095
1688,18,0.9781887449017079,14,77.77777777777779
1690,20,0.9781887449017079,18,90.0
1692,21,0.9781887449017079,17,80.95238095238095
1693,27,0.9781887449017079,22,81.48148148148148
1695,17,0.9781887449017079,14,82.35294117647058
1699,22,0.9781887449017079,13,59.09090909090909
1700,22,0.9781887449017079,19,86.36363636363636
1705,18,0.9781887449017079,16,88.88888888888889
1706,24,0.9781887449017079,16,66.66666666666666
1710,23,0.9781887449017079,15,65.21739130434783
1711,18,0.9781887449017079,12,66.66666666666666
1712,16,0.9781887449017079,11,68.75
1713,19,0.9781887449017079,13,68.42105263157895
1714,23,0.9781887449017079,19,82.6086956521739
1715,20,0.9781887449017079,15,75.0
1716,23,0.9781887449017079,19,82.6086956521739
1717,22,0.9781887449017079,19,86.36363636363636
1719,15,0.9781887449017079,9,60.0
1720,20,0.9781887449017079,16,80.0
1722,18,0.9781887449017079,14,77.77777777777779
1724,17,0.9781887449017079,16,94.11764705882352
1726,15,0.9781887449017079,10,66.66666666666666
1727,18,0.9781887449017079,14,77.77777777777779
1730,19,0.9781887449017079,12,63.1578947368421
1734,18,0.9781887449017079,16,88.88888888888889
1735,19,0.9781887449017079,16,84.21052631578947
1736,24,0.9781887449017079,19,79.16666666666666
1738,26,0.9781887449017079,20,76.92307692307693
1739,19,0.9781887449017079,16,84.21052631578947
1741,19,0.9781887449017079,16,84.21052631578947
1742,13,0.9781887449017079,9,69.23076923076923
1743,17,0.9781887449017079,16,94.11764705882352
1745,16,0.9781887449017079,12,75.0
1747,15,0.9781887449017079,12,80.0
1749,23,0.9781887449017079,18,78.26086956521739
1750,22,0.9781887449017079,19,86.36363636363636
1752,15,0.9781887449017079,13,86.66666666666667
1755,16,0.9781887449017079,11,68.75
1756,27,0.9781887449017079,17,62.96296296296296
1757,14,0.9781887449017079,8,57.14285714285714
1758,17,0.9781887449017079,11,64.70588235294117
1762,25,0.9781887449017079,18,72.0
1763,15,0.9781887449017079,14,93.33333333333333
1766,23,0.9781887449017079,18,78.26086956521739
1767,12,0.9781887449017079,11,91.66666666666666
1769,23,0.9781887449017079,13,56.52173913043478
1773,32,0.9781887449017079,25,78.125
1774,14,0.9781887449017079,13,92.85714285714286
1775,14,0.9781887449017079,11,78.57142857142857
1776,17,0.9781887449017079,15,88.23529411764706
1778,15,0.9781887449017079,12,80.0
1779,18,0.9781887449017079,17,94.44444444444444
1780,22,0.9781887449017079,16,72.72727272727273
1786,14,0.9781887449017079,10,71.42857142857143
1788,15,0.9781887449017079,10,66.66666666666666
1789,25,0.9781887449017079,17,68.0
1791,14,0.9781887449017079,11,78.57142857142857
1793,18,0.9781887449017079,14,77.77777777777779
1794,20,0.9781887449017079,14,70.0
1795,21,0.9781887449017079,19,90.47619047619048
1796,16,0.9781887449017079,13,81.25
1797,24,0.9781887449017079,17,70.83333333333334
1799,22,0.9781887449017079,16,72.72727272727273
1801,22,0.9781887449017079,18,81.81818181818183
1802,21,0.9781887449017079,16,76.19047619047619
1804,26,0.9781887449017079,23,88.46153846153845
1805,30,0.9781887449017079,26,86.66666666666667
1810,20,0.9781887449017079,19,95.0
1811,17,0.9781887449017079,12,70.58823529411765
1818,22,0.9781887449017079,19,86.36363636363636
1822,14,0.9781887449017079,12,85.71428571428571
1823,12,0.9781887449017079,9,75.0
1824,17,0.9781887449017079,14,82.35294117647058
1826,21,0.9781887449017079,16,76.19047619047619
1829,17,0.9781887449017079,12,70.58823529411765
1831,20,0.9781887449017079,14,70.0
1832,16,0.9781887449017079,12,75.0
1833,20,0.9781887449017079,19,95.0
1834,20,0.9781887449017079,17,85.0
1835,19,0.9781887449017079,15,78.94736842105263
1836,24,0.9781887449017079,20,83.33333333333334
1837,24,0.9781887449017079,18,75.0
1838,25,0.9781887449017079,17,68.0
1841,26,0.9781887449017079,21,80.76923076923077
1844,22,0.9781887449017079,13,59.09090909090909
1846,18,0.9781887449017079,13,72.22222222222221
1850,19,0.9781887449017079,16,84.21052631578947
1854,26,0.9781887449017079,21,80.76923076923077
1856,19,0.9781887449017079,17,89.47368421052632
1858,25,0.9781887449017079,20,80.0
1860,24,0.9781887449017079,18,75.0
1865,18,0.9781887449017079,14,77.77777777777779
1866,29,0.9781887449017079,23,79.3103448275862
1867,21,0.9781887449017079,16,76.19047619047619
1868,15,0.9781887449017079,11,73.33333333333333
1870,22,0.9781887449017079,19,86.36363636363636
1871,22,0.9781887449017079,20,90.9090909090909
1872,13,0.9781887449017079,13,100.0
1874,7,0.9781887449017079,4,57.14285714285714
1877,25,0.9781887449017079,18,72.0
1878,21,0.9781887449017079,15,71.42857142857143
1879,26,0.9781887449017079,19,73.07692307692307
1881,15,0.9781887449017079,14,93.33333333333333
1882,25,0.9781887449017079,16,64.0
1884,25,0.9781887449017079,18,72.0
1887,15,0.9781887449017079,14,93.33333333333333
1888,20,0.9781887449017079,16,80.0
1893,18,0.9781887449017079,15,83.33333333333334
1894,24,0.9781887449017079,19,79.16666666666666
1895,24,0.9781887449017079,19,79.16666666666666
1896,24,0.9781887449017079,20,83.33333333333334
1897,26,0.9781887449017079,20,76.92307692307693
1898,17,0.9781887449017079,13,76.47058823529412
1903,15,0.9781887449017079,13,86.66666666666667
1904,22,0.9781887449017079,17,77.27272727272727
1906,20,0.9781887449017079,14,70.0
1907,20,0.9781887449017079,14,70.0
1908,22,0.9781887449017079,16,72.72727272727273
1909,11,0.9781887449017079,7,63.63636363636363
1910,14,0.9781887449017079,11,78.57142857142857
1911,23,0.9781887449017079,14,60.86956521739131
1914,27,0.9781887449017079,17,62.96296296296296
1915,17,0.9781887449017079,14,82.35294117647058
1916,19,0.9781887449017079,14,73.68421052631578
1917,20,0.9781887449017079,12,60.0
1919,22,0.9781887449017079,19,86.36363636363636
1920,17,0.9781887449017079,11,64.70588235294117
1938,16,0.9781887449017079,14,87.5
1941,20,0.9781887449017079,14,70.0
1947,25,0.9781887449017079,18,72.0
1950,20,0.9781887449017079,18,90.0
1952,17,0.9781887449017079,11,64.70588235294117
1953,23,0.9781887449017079,20,86.95652173913044
1955,19,0.9781887449017079,13,68.42105263157895
1961,27,0.9781887449017079,19,70.37037037037037
1966,23,0.9781887449017079,20,86.95652173913044
1971,22,0.9781887449017079,20,90.9090909090909
1976,14,0.9781887449017079,13,92.85714285714286
1978,17,0.9781887449017079,12,70.58823529411765
1981,17,0.9781887449017079,12,70.58823529411765
1983,19,0.9781887449017079,16,84.21052631578947
1984,25,0.9781887449017079,17,68.0
1985,13,0.9781887449017079,10,76.92307692307693
1986,23,0.9781887449017079,19,82.6086956521739
1991,25,0.9781887449017079,18,72.0
1992,19,0.9781887449017079,18,94.73684210526315
1998,21,0.9781887449017079,18,85.71428571428571
2000,11,0.9781887449017079,7,63.63636363636363
2011,21,0.9781887449017079,16,76.19047619047619
2012,20,0.9781887449017079,15,75.0
2013,21,0.9781887449017079,15,71.42857142857143
2014,18,0.9781887449017079,16,88.88888888888889
2017,21,0.9781887449017079,16,76.19047619047619
2022,16,0.9781887449017079,11,68.75
2025,23,0.9781887449017079,21,91.30434782608695
2027,16,0.9781887449017079,12,75.0
2028,15,0.9781887449017079,11,73.33333333333333
2030,20,0.9781887449017079,18,90.0
2032,24,0.9781887449017079,19,79.16666666666666
2033,19,0.9781887449017079,15,78.94736842105263
2034,14,0.9781887449017079,11,78.57142857142857
2036,16,0.9781887449017079,13,81.25
2039,19,0.9781887449017079,16,84.21052631578947
2046,28,0.9781887449017079,23,82.14285714285714
2047,28,0.9781887449017079,23,82.14285714285714
2053,20,0.9781887449017079,14,70.0
2057,15,0.9781887449017079,13,86.66666666666667
2058,22,0.9781887449017079,19,86.36363636363636
2068,19,0.9781887449017079,10,52.63157894736842
2069,19,0.9781887449017079,11,57.89473684210527
2077,22,0.9781887449017079,14,63.63636363636363
2081,28,0.9781887449017079,22,78.57142857142857
2090,18,0.9781887449017079,14,77.77777777777779
2091,17,0.9781887449017079,13,76.47058823529412
2096,13,0.9781887449017079,11,84.61538461538461
2097,27,0.9781887449017079,22,81.48148148148148
2099,12,0.9781887449017079,11,91.66666666666666
2107,20,0.9781887449017079,15,75.0
2108,31,0.9781887449017079,22,70.96774193548387
2119,24,0.9781887449017079,19,79.16666666666666
2122,27,0.9781887449017079,22,81.48148148148148
2128,20,0.9781887449017079,16,80.0
2136,24,0.9781887449017079,16,66.66666666666666
2142,19,0.9781887449017079,14,73.68421052631578
2148,13,0.9781887449017079,11,84.61538461538461
2156,12,0.9781887449017079,9,75.0
2157,20,0.9781887449017079,14,70.0
2158,20,0.9781887449017079,16,80.0
2162,24,0.9781887449017079,20,83.33333333333334
2166,17,0.9781887449017079,12,70.58823529411765
2168,20,0.9781887449017079,17,85.0
2178,26,0.9781887449017079,19,73.07692307692307
2180,25,0.9781887449017079,19,76.0
2184,15,0.9781887449017079,14,93.33333333333333
2191,27,0.9781887449017079,21,77.77777777777779
2194,19,0.9781887449017079,15,78.94736842105263
2197,15,0.9781887449017079,12,80.0
2200,29,0.9781887449017079,25,86.20689655172413
2201,19,0.9781887449017079,17,89.47368421052632
2202,15,0.9781887449017079,9,60.0
2207,17,0.9781887449017079,12,70.58823529411765
2209,21,0.9781887449017079,17,80.95238095238095
2210,22,0.9781887449017079,20,90.9090909090909
2211,14,0.9781887449017079,12,85.71428571428571
2216,24,0.9781887449017079,19,79.16666666666666
2220,15,0.9781887449017079,13,86.66666666666667
2221,27,0.9781887449017079,21,77.77777777777779
2222,15,0.9781887449017079,10,66.66666666666666
2223,25,0.9781887449017079,21,84.0
2226,16,0.9781887449017079,13,81.25
2228,13,0.9781887449017079,11,84.61538461538461
2233,25,0.9781887449017079,23,92.0
2234,19,0.9781887449017079,16,84.21052631578947
2235,23,0.9781887449017079,17,73.91304347826086
2236,17,0.9781887449017079,12,70.58823529411765
2237,19,0.9781887449017079,12,63.1578947368421
2242,19,0.9781887449017079,15,78.94736842105263
2244,21,0.9781887449017079,17,80.95238095238095
2248,22,0.9781887449017079,17,77.27272727272727
2252,27,0.9781887449017079,22,81.48148148148148
2255,21,0.9781887449017079,17,80.95238095238095
2256,19,0.9781887449017079,13,68.42105263157895
2257,12,0.9781887449017079,7,58.333333333333336
2262,11,0.9781887449017079,9,81.81818181818183
2264,23,0.9781887449017079,20,86.95652173913044
2266,15,0.9781887449017079,9,60.0
2271,32,0.9781887449017079,25,78.125
2273,21,0.9781887449017079,20,95.23809523809523
2279,17,0.9781887449017079,14,82.35294117647058
2286,10,0.9781887449017079,8,80.0
2295,18,0.9781887449017079,11,61.111111111111114
2296,20,0.9781887449017079,18,90.0
2298,29,0.9781887449017079,23,79.3103448275862
2304,23,0.9781887449017079,20,86.95652173913044
2306,17,0.9781887449017079,17,100.0
2307,20,0.9781887449017079,14,70.0
2308,29,0.9781887449017079,26,89.65517241379311
2309,23,0.9781887449017079,19,82.6086956521739
2310,18,0.9781887449017079,15,83.33333333333334
2319,11,0.9781887449017079,10,90.9090909090909
2320,22,0.9781887449017079,17,77.27272727272727
2323,23,0.9781887449017079,17,73.91304347826086
2325,19,0.9781887449017079,18,94.73684210526315
2328,15,0.9781887449017079,12,80.0
2332,19,0.9781887449017079,13,68.42105263157895
2341,17,0.9781887449017079,14,82.35294117647058
2345,21,0.9781887449017079,16,76.19047619047619
2346,18,0.9781887449017079,15,83.33333333333334
2347,17,0.9781887449017079,15,88.23529411764706
2351,21,0.9781887449017079,14,66.66666666666666
2366,17,0.9781887449017079,16,94.11764705882352
2367,13,0.9781887449017079,12,92.3076923076923
2382,19,0.9781887449017079,15,78.94736842105263
2384,23,0.9781887449017079,21,91.30434782608695
2390,24,0.9781887449017079,17,70.83333333333334
2395,18,0.9781887449017079,14,77.77777777777779
2399,20,0.9781887449017079,17,85.0
2400,20,0.9781887449017079,15,75.0
2405,21,0.9781887449017079,17,80.95238095238095
2408,20,0.9781887449017079,14,70.0
2413,18,0.9781887449017079,17,94.44444444444444
2414,20,0.9781887449017079,14,70.0
2423,19,0.9781887449017079,15,78.94736842105263
2425,14,0.9781887449017079,11,78.57142857142857
2427,15,0.9781887449017079,14,93.33333333333333
2429,17,0.9781887449017079,12,70.58823529411765
2430,12,0.9781887449017079,10,83.33333333333334
2432,18,0.9781887449017079,13,72.22222222222221
2433,19,0.9781887449017079,14,73.68421052631578
2436,12,0.9781887449017079,11,91.66666666666666
2437,24,0.9781887449017079,15,62.5
2438,26,0.9781887449017079,21,80.76923076923077
2440,18,0.9781887449017079,15,83.33333333333334
2441,21,0.9781887449017079,18,85.71428571428571
2450,17,0.9781887449017079,13,76.47058823529412
2452,30,0.9781887449017079,23,76.66666666666667
2456,19,0.9781887449017079,18,94.73684210526315
2462,12,0.9781887449017079,11,91.66666666666666
2465,15,0.9781887449017079,11,73.33333333333333
2466,22,0.9781887449017079,18,81.81818181818183
2469,18,0.9781887449017079,16,88.88888888888889
2474,31,0.9781887449017079,26,83.87096774193549
2475,16,0.9781887449017079,13,81.25
2477,22,0.9781887449017079,18,81.81818181818183
2479,22,0.9781887449017079,13,59.09090909090909
2482,23,0.9781887449017079,20,86.95652173913044
2489,14,0.9781887449017079,9,64.28571428571429
2491,13,0.9781887449017079,12,92.3076923076923
2492,15,0.9781887449017079,12,80.0
2494,20,0.9781887449017079,14,70.0
2496,22,0.9781887449017079,18,81.81818181818183
2497,32,0.9781887449017079,22,68.75
2500,24,0.9781887449017079,20,83.33333333333334
2503,23,0.9781887449017079,19,82.6086956521739
2505,18,0.9781887449017079,16,88.88888888888889
2509,26,0.9781887449017079,19,73.07692307692307
2512,21,0.9781887449017079,16,76.19047619047619
2514,23,0.9781887449017079,17,73.91304347826086
2519,17,0.9781887449017079,13,76.47058823529412
2520,26,0.9781887449017079,16,61.53846153846154
2524,18,0.9781887449017079,16,88.88888888888889
2533,18,0.9781887449017079,14,77.77777777777779
2537,21,0.9781887449017079,14,66.66666666666666
2540,24,0.9781887449017079,21,87.5
2541,23,0.9781887449017079,13,56.52173913043478
2546,15,0.9781887449017079,11,73.33333333333333
2553,28,0.9781887449017079,21,75.0
2557,25,0.9781887449017079,16,64.0
2562,16,0.9781887449017079,13,81.25
2568,22,0.9781887449017079,13,59.09090909090909
2579,23,0.9781887449017079,19,82.6086956521739
2584,14,0.9781887449017079,10,71.42857142857143
2587,21,0.9781887449017079,17,80.95238095238095
2590,17,0.9781887449017079,13,76.47058823529412
2593,23,0.9781887449017079,16,69.56521739130434
2595,29,0.9781887449017079,23,79.3103448275862
2596,19,0.9781887449017079,18,94.73684210526315
2597,19,0.9781887449017079,14,73.68421052631578
2599,15,0.9781887449017079,14,93.33333333333333
2603,20,0.9781887449017079,14,70.0
2604,20,0.9781887449017079,13,65.0
2608,25,0.9781887449017079,19,76.0
2610,21,0.9781887449017079,12,57.14285714285714
2611,25,0.9781887449017079,19,76.0
2615,24,0.9781887449017079,18,75.0
2628,24,0.9781887449017079,19,79.16666666666666
2630,25,0.9781887449017079,17,68.0
2634,18,0.9781887449017079,15,83.33333333333334
2635,25,0.9781887449017079,23,92.0
2643,29,0.9781887449017079,19,65.51724137931035
2647,25,0.9781887449017079,19,76.0
2648,28,0.9781887449017079,18,64.28571428571429
2654,15,0.9781887449017079,11,73.33333333333333
2655,28,0.9781887449017079,23,82.14285714285714
2656,20,0.9781887449017079,15,75.0
2662,16,0.9781887449017079,14,87.5
2663,16,0.9781887449017079,12,75.0
2665,21,0.9781887449017079,18,85.71428571428571
2667,25,0.9781887449017079,20,80.0
2668,22,0.9781887449017079,13,59.09090909090909
2669,19,0.9781887449017079,15,78.94736842105263
2670,16,0.9781887449017079,13,81.25
2672,22,0.9781887449017079,15,68.18181818181817
2674,17,0.9781887449017079,14,82.35294117647058
2676,26,0.9781887449017079,18,69.23076923076923
2683,18,0.9781887449017079,15,83.33333333333334
2691,18,0.9781887449017079,14,77.77777777777779
2692,24,0.9781887449017079,18,75.0
2693,19,0.9781887449017079,16,84.21052631578947
2697,27,0.9781887449017079,20,74.07407407407408
2699,21,0.9781887449017079,19,90.47619047619048
2705,20,0.9781887449017079,16,80.0
2707,19,0.9781887449017079,15,78.94736842105263
2709,16,0.9781887449017079,11,68.75
2710,24,0.9781887449017079,19,79.16666666666666
2711,20,0.9781887449017079,16,80.0
2712,23,0.9781887449017079,17,73.91304347826086
2717,22,0.9781887449017079,17,77.27272727272727
2729,17,0.9781887449017079,13,76.47058823529412
2730,25,0.9781887449017079,20,80.0
2731,19,0.9781887449017079,14,73.68421052631578
2743,19,0.9781887449017079,16,84.21052631578947
2745,23,0.9781887449017079,18,78.26086956521739
2746,21,0.9781887449017079,18,85.71428571428571
2748,24,0.9781887449017079,16,66.66666666666666
2749,22,0.9781887449017079,15,68.18181818181817
2751,20,0.9781887449017079,14,70.0
2752,22,0.9781887449017079,17,77.27272727272727
2758,24,0.9781887449017079,23,95.83333333333334
2759,18,0.9781887449017079,15,83.33333333333334
2760,20,0.9781887449017079,15,75.0
2761,18,0.9781887449017079,13,72.22222222222221
2771,17,0.9781887449017079,13,76.47058823529412
2772,11,0.9781887449017079,7,63.63636363636363
2773,21,0.9781887449017079,18,85.71428571428571
2780,23,0.9781887449017079,16,69.56521739130434
2786,21,0.9781887449017079,18,85.71428571428571
2787,19,0.9781887449017079,14,73.68421052631578
2790,16,0.9781887449017079,13,81.25
2791,23,0.9781887449017079,17,73.91304347826086
2797,24,0.9781887449017079,20,83.33333333333334
2802,28,0.9781887449017079,22,78.57142857142857
2804,23,0.9781887449017079,17,73.91304347826086
2805,18,0.9781887449017079,15,83.33333333333334
2807,11,0.9781887449017079,9,81.81818181818183
2809,19,0.9781887449017079,12,63.1578947368421
2812,22,0.9781887449017079,19,86.36363636363636
2813,19,0.9781887449017079,15,78.94736842105263
2814,19,0.9781887449017079,13,68.42105263157895
2815,26,0.9781887449017079,23,88.46153846153845
2819,18,0.9781887449017079,15,83.33333333333334
2820,27,0.9781887449017079,20,74.07407407407408
2824,24,0.9781887449017079,18,75.0
2831,22,0.9781887449017079,19,86.36363636363636
2832,12,0.9781887449017079,9,75.0
2834,23,0.9781887449017079,18,78.26086956521739
2842,11,0.9781887449017079,10,90.9090909090909
2843,20,0.9781887449017079,16,80.0
2845,21,0.9781887449017079,18,85.71428571428571
2849,22,0.9781887449017079,18,81.81818181818183
2854,26,0.9781887449017079,22,84.61538461538461
2855,20,0.9781887449017079,16,80.0
2860,15,0.9781887449017079,12,80.0
2863,16,0.9781887449017079,16,100.0
2864,22,0.9781887449017079,20,90.9090909090909
2865,21,0.9781887449017079,18,85.71428571428571
2869,22,0.9781887449017079,19,86.36363636363636
2873,23,0.9781887449017079,17,73.91304347826086
2874,23,0.9781887449017079,23,100.0
2875,21,0.9781887449017079,15,71.42857142857143
2877,24,0.9781887449017079,19,79.16666666666666
2878,27,0.9781887449017079,20,74.07407407407408
2879,19,0.9781887449017079,16,84.21052631578947
2880,15,0.9781887449017079,10,66.66666666666666
2881,15,0.9781887449017079,10,66.66666666666666
2883,23,0.9781887449017079,21,91.30434782608695
2884,15,0.9781887449017079,14,93.33333333333333
2885,22,0.9781887449017079,16,72.72727272727273
2888,26,0.9781887449017079,21,80.76923076923077
2889,18,0.9781887449017079,16,88.88888888888889
2896,28,0.9781887449017079,24,85.71428571428571
2898,24,0.9781887449017079,18,75.0
2899,23,0.9781887449017079,20,86.95652173913044
2900,26,0.9781887449017079,21,80.76923076923077
2901,20,0.9781887449017079,12,60.0
2902,15,0.9781887449017079,12,80.0
2903,19,0.9781887449017079,11,57.89473684210527
2904,16,0.9781887449017079,14,87.5
2905,13,0.9781887449017079,10,76.92307692307693
2906,20,0.9781887449017079,15,75.0
2908,18,0.9781887449017079,14,77.77777777777779
2909,21,0.9781887449017079,15,71.42857142857143
2910,24,0.9781887449017079,17,70.83333333333334
2911,27,0.9781887449017079,21,77.77777777777779
2912,18,0.9781887449017079,15,83.33333333333334
2913,19,0.9781887449017079,14,73.68421052631578
2917,13,0.9781887449017079,10,76.92307692307693
2921,14,0.9781887449017079,9,64.28571428571429
2922,17,0.9781887449017079,10,58.82352941176471
2924,25,0.9781887449017079,21,84.0
2926,21,0.9781887449017079,15,71.42857142857143
2927,21,0.9781887449017079,17,80.95238095238095
2931,13,0.9781887449017079,10,76.92307692307693
2935,19,0.9781887449017079,15,78.94736842105263
2936,25,0.9781887449017079,21,84.0
2937,19,0.9781887449017079,15,78.94736842105263
2938,26,0.9781887449017079,17,65.38461538461539
2941,22,0.9781887449017079,17,77.27272727272727
2943,16,0.9781887449017079,15,93.75
2944,33,0.9781887449017079,25,75.75757575757575
2947,24,0.9781887449017079,19,79.16666666666666
2948,21,0.9781887449017079,14,66.66666666666666
2954,25,0.9781887449017079,20,80.0
2956,31,0.9781887449017079,20,64.51612903225806
2957,20,0.9781887449017079,15,75.0
2960,21,0.9781887449017079,17,80.95238095238095
2963,15,0.9781887449017079,11,73.33333333333333
2965,21,0.9781887449017079,15,71.42857142857143
2966,15,0.9781887449017079,10,66.66666666666666
2967,19,0.9781887449017079,14,73.68421052631578
2968,18,0.9781887449017079,16,88.88888888888889
2969,18,0.9781887449017079,16,88.88888888888889
2970,21,0.9781887449017079,19,90.47619047619048
2971,20,0.9781887449017079,14,70.0
2972,10,0.9781887449017079,8,80.0
2973,24,0.9781887449017079,15,62.5
2974,25,0.9781887449017079,22,88.0
2975,21,0.9781887449017079,18,85.71428571428571
2976,23,0.9781887449017079,20,86.95652173913044
2979,20,0.9781887449017079,16,80.0
2980,18,0.9781887449017079,15,83.33333333333334
2981,14,0.9781887449017079,13,92.85714285714286
2983,27,0.9781887449017079,23,85.18518518518519
2984,23,0.9781887449017079,16,69.56521739130434
2985,24,0.9781887449017079,18,75.0
2986,22,0.9781887449017079,18,81.81818181818183
2987,26,0.9781887449017079,23,88.46153846153845
2988,18,0.9781887449017079,13,72.22222222222221
2989,21,0.9781887449017079,19,90.47619047619048
2990,21,0.9781887449017079,17,80.95238095238095
2992,22,0.9781887449017079,18,81.81818181818183
2993,17,0.9781887449017079,13,76.47058823529412
2995,10,0.9781887449017079,8,80.0
2996,20,0.9781887449017079,17,85.0
2997,16,0.9781887449017079,12,75.0
2998,19,0.9781887449017079,12,63.1578947368421
2999,18,0.9781887449017079,13,72.22222222222221
3002,9,0.9781887449017079,3,33.33333333333333
3003,14,0.9781887449017079,8,57.14285714285714
3004,16,0.9781887449017079,8,50.0
3005,18,0.9781887449017079,15,83.33333333333334
3006,26,0.9781887449017079,23,88.46153846153845
3007,23,0.9781887449017079,19,82.6086956521739
3008,22,0.9781887449017079,17,77.27272727272727
3009,20,0.9781887449017079,19,95.0
3010,19,0.9781887449017079,12,63.1578947368421
3014,12,0.9781887449017079,8,66.66666666666666
3015,18,0.9781887449017079,12,66.66666666666666
3016,23,0.9781887449017079,19,82.6086956521739
3017,22,0.9781887449017079,15,68.18181818181817
3018,18,0.9781887449017079,16,88.88888888888889
3019,24,0.9781887449017079,20,83.33333333333334
3020,22,0.9781887449017079,19,86.36363636363636
3021,23,0.9781887449017079,16,69.56521739130434
3022,15,0.9781887449017079,12,80.0
3023,19,0.9781887449017079,14,73.68421052631578
3024,15,0.9781887449017079,11,73.33333333333333
3025,18,0.9781887449017079,13,72.22222222222221
3026,23,0.9781887449017079,19,82.6086956521739
3028,23,0.9781887449017079,16,69.56521739130434
3030,21,0.9781887449017079,18,85.71428571428571
3031,14,0.9781887449017079,11,78.57142857142857
3032,22,0.9781887449017079,19,86.36363636363636
3034,22,0.9781887449017079,20,90.9090909090909
3037,10,0.9781887449017079,7,70.0
3038,22,0.9781887449017079,20,90.9090909090909
3039,23,0.9781887449017079,20,86.95652173913044
3041,17,0.9781887449017079,16,94.11764705882352
3042,18,0.9781887449017079,12,66.66666666666666
3043,27,0.9781887449017079,20,74.07407407407408
3047,14,0.9781887449017079,13,92.85714285714286
3048,22,0.9781887449017079,17,77.27272727272727
3049,23,0.9781887449017079,19,82.6086956521739
3050,17,0.9781887449017079,16,94.11764705882352
3051,19,0.9781887449017079,12,63.1578947368421
3052,15,0.9781887449017079,11,73.33333333333333
3054,19,0.9781887449017079,17,89.47368421052632
3055,21,0.9781887449017079,18,85.71428571428571
3056,24,0.9781887449017079,17,70.83333333333334
3057,17,0.9781887449017079,13,76.47058823529412
3058,28,0.9781887449017079,24,85.71428571428571
3060,11,0.9781887449017079,7,63.63636363636363
3061,22,0.9781887449017079,17,77.27272727272727
3062,15,0.9781887449017079,13,86.66666666666667
3063,15,0.9781887449017079,10,66.66666666666666
3064,21,0.9781887449017079,17,80.95238095238095
3066,18,0.9781887449017079,14,77.77777777777779
3067,26,0.9781887449017079,22,84.61538461538461
3068,21,0.9781887449017079,17,80.95238095238095
3069,24,0.9781887449017079,20,83.33333333333334
3070,23,0.9781887449017079,20,86.95652173913044
3071,26,0.9781887449017079,17,65.38461538461539
3073,28,0.9781887449017079,21,75.0
3074,11,0.9781887449017079,9,81.81818181818183
3075,31,0.9781887449017079,25,80.64516129032258
3076,21,0.9781887449017079,16,76.19047619047619
3077,19,0.9781887449017079,16,84.21052631578947
3078,16,0.9781887449017079,14,87.5
3079,19,0.9781887449017079,15,78.94736842105263
3080,20,0.9781887449017079,11,55.00000000000001
3081,20,0.9781887449017079,16,80.0
3082,23,0.9781887449017079,17,73.91304347826086
3083,16,0.9781887449017079,12,75.0
3084,25,0.9781887449017079,16,64.0
3085,9,0.9781887449017079,6,66.66666666666666
3086,23,0.9781887449017079,16,69.56521739130434
3087,16,0.9781887449017079,15,93.75
3088,31,0.9781887449017079,22,70.96774193548387
3090,18,0.9781887449017079,15,83.33333333333334
3091,23,0.9781887449017079,19,82.6086956521739
3092,25,0.9781887449017079,23,92.0
3093,15,0.9781887449017079,11,73.33333333333333
3097,16,0.9781887449017079,11,68.75
3098,16,0.9781887449017079,12,75.0
3099,13,0.9781887449017079,11,84.61538461538461
3101,17,0.9781887449017079,14,82.35294117647058
3103,21,0.9781887449017079,15,71.42857142857143
3105,16,0.9781887449017079,12,75.0
3107,20,0.9781887449017079,14,70.0
3108,19,0.9781887449017079,15,78.94736842105263
3109,23,0.9781887449017079,14,60.86956521739131
3110,20,0.9781887449017079,15,75.0
3111,19,0.9781887449017079,18,94.73684210526315
3112,18,0.9781887449017079,15,83.33333333333334
3114,27,0.9781887449017079,25,92.5925925925926
3115,14,0.9781887449017079,12,85.71428571428571
3116,14,0.9781887449017079,12,85.71428571428571
3117,17,0.9781887449017079,13,76.47058823529412
3118,18,0.9781887449017079,14,77.77777777777779
3119,15,0.9781887449017079,12,80.0
3120,17,0.9781887449017079,13,76.47058823529412
3121,10,0.9781887449017079,8,80.0
3122,19,0.9781887449017079,17,89.47368421052632
3123,21,0.9781887449017079,12,57.14285714285714
3124,19,0.9781887449017079,12,63.1578947368421
3125,18,0.9781887449017079,16,88.88888888888889
3126,17,0.9781887449017079,13,76.47058823529412
3128,15,0.9781887449017079,11,73.33333333333333
3129,17,0.9781887449017079,12,70.58823529411765
3130,17,0.9781887449017079,11,64.70588235294117
3131,16,0.9781887449017079,13,81.25
3132,12,0.9781887449017079,10,83.33333333333334
3136,19,0.9781887449017079,15,78.94736842105263
3137,15,0.9781887449017079,7,46.666666666666664
3138,12,0.9781887449017079,9,75.0
3139,13,0.9781887449017079,10,76.92307692307693
3140,16,0.9781887449017079,16,100.0
3141,22,0.9781887449017079,19,86.36363636363636
3142,14,0.9781887449017079,11,78.57142857142857
3143,18,0.9781887449017079,16,88.88888888888889
3144,22,0.9781887449017079,21,95.45454545454545
3145,21,0.9781887449017079,16,76.19047619047619
3146,23,0.9781887449017079,18,78.26086956521739
3147,27,0.9781887449017079,23,85.18518518518519
3148,20,0.9781887449017079,16,80.0
3150,21,0.9781887449017079,13,61.904761904761905
3151,22,0.9781887449017079,17,77.27272727272727
3152,12,0.9781887449017079,8,66.66666666666666
3153,18,0.9781887449017079,16,88.88888888888889
3154,23,0.9781887449017079,17,73.91304347826086
3155,23,0.9781887449017079,22,95.65217391304348
3156,11,0.9781887449017079,10,90.9090909090909
3157,29,0.9781887449017079,23,79.3103448275862
3159,13,0.9781887449017079,7,53.84615384615385
3162,24,0.9781887449017079,18,75.0
3164,17,0.9781887449017079,14,82.35294117647058
3166,16,0.9781887449017079,11,68.75
3167,26,0.9781887449017079,22,84.61538461538461
3169,22,0.9781887449017079,17,77.27272727272727
3170,30,0.9781887449017079,24,80.0
3172,18,0.9781887449017079,15,83.33333333333334
3173,17,0.9781887449017079,14,82.35294117647058
3174,18,0.9781887449017079,12,66.66666666666666
3175,27,0.9781887449017079,20,74.07407407407408
3176,26,0.9781887449017079,18,69.23076923076923
3177,25,0.9781887449017079,22,88.0
3178,21,0.9781887449017079,14,66.66666666666666
3179,15,0.9781887449017079,9,60.0
3181,36,0.9781887449017079,27,75.0
3182,17,0.9781887449017079,13,76.47058823529412
3184,23,0.9781887449017079,19,82.6086956521739
3185,23,0.9781887449017079,17,73.91304347826086
3186,16,0.9781887449017079,15,93.75
3187,25,0.9781887449017079,20,80.0
3188,19,0.9781887449017079,14,73.68421052631578
3189,22,0.9781887449017079,18,81.81818181818183
3191,15,0.9781887449017079,11,73.33333333333333
3192,19,0.9781887449017079,16,84.21052631578947
3193,23,0.9781887449017079,20,86.95652173913044
3194,10,0.9781887449017079,9,90.0
3195,17,0.9781887449017079,14,82.35294117647058
3196,16,0.9781887449017079,11,68.75
3197,21,0.9781887449017079,18,85.71428571428571
3198,15,0.9781887449017079,14,93.33333333333333
3199,23,0.9781887449017079,20,86.95652173913044
3200,19,0.9781887449017079,16,84.21052631578947
3201,23,0.9781887449017079,21,91.30434782608695
3202,26,0.9781887449017079,26,100.0
3203,16,0.9781887449017079,14,87.5
3204,20,0.9781887449017079,12,60.0
3205,13,0.9781887449017079,10,76.92307692307693
3206,23,0.9781887449017079,19,82.6086956521739
3207,14,0.9781887449017079,10,71.42857142857143
3208,28,0.9781887449017079,27,96.42857142857143
3209,23,0.9781887449017079,18,78.26086956521739
3211,18,0.9781887449017079,17,94.44444444444444
3212,26,0.9781887449017079,22,84.61538461538461
3213,19,0.9781887449017079,15,78.94736842105263
3214,17,0.9781887449017079,14,82.35294117647058
3215,17,0.9781887449017079,15,88.23529411764706
3216,19,0.9781887449017079,18,94.73684210526315
3217,22,0.9781887449017079,15,68.18181818181817
3218,22,0.9781887449017079,14,63.63636363636363
3219,27,0.9781887449017079,21,77.77777777777779
3220,24,0.9781887449017079,20,83.33333333333334
3222,12,0.9781887449017079,8,66.66666666666666
3223,21,0.9781887449017079,16,76.19047619047619
3224,17,0.9781887449017079,15,88.23529411764706
3225,14,0.9781887449017079,12,85.71428571428571
3226,21,0.9781887449017079,14,66.66666666666666
3227,24,0.9781887449017079,21,87.5
3228,20,0.9781887449017079,15,75.0
3229,18,0.9781887449017079,15,83.33333333333334
3231,15,0.9781887449017079,12,80.0
3232,22,0.9781887449017079,16,72.72727272727273
3234,15,0.9781887449017079,13,86.66666666666667
3235,19,0.9781887449017079,11,57.89473684210527
3238,26,0.9781887449017079,22,84.61538461538461
3239,20,0.9781887449017079,16,80.0
3240,24,0.9781887449017079,24,100.0
3241,27,0.9781887449017079,23,85.18518518518519
3242,16,0.9781887449017079,14,87.5
3243,27,0.9781887449017079,22,81.48148148148148
3245,19,0.9781887449017079,17,89.47368421052632
3246,20,0.9781887449017079,19,95.0
3248,15,0.9781887449017079,13,86.66666666666667
3249,22,0.9781887449017079,16,72.72727272727273
3250,22,0.9781887449017079,17,77.27272727272727
3251,24,0.9781887449017079,21,87.5
3252,12,0.9781887449017079,10,83.33333333333334
3253,23,0.9781887449017079,17,73.91304347826086
3254,22,0.9781887449017079,16,72.72727272727273
3255,14,0.9781887449017079,10,71.42857142857143
3257,20,0.9781887449017079,17,85.0
3258,25,0.9781887449017079,18,72.0
3259,27,0.9781887449017079,20,74.07407407407408
3260,22,0.9781887449017079,17,77.27272727272727
3261,20,0.9781887449017079,16,80.0
3262,25,0.9781887449017079,17,68.0
3263,13,0.9781887449017079,12,92.3076923076923
3266,22,0.9781887449017079,18,81.81818181818183
3267,24,0.9781887449017079,19,79.16666666666666
3268,18,0.9781887449017079,13,72.22222222222221
3270,20,0.9781887449017079,19,95.0
3271,11,0.9781887449017079,7,63.63636363636363
3273,26,0.9781887449017079,22,84.61538461538461
3274,29,0.9781887449017079,20,68.96551724137932
3275,16,0.9781887449017079,11,68.75
3276,27,0.9781887449017079,20,74.07407407407408
3277,19,0.9781887449017079,13,68.42105263157895
3278,22,0.9781887449017079,17,77.27272727272727
3279,17,0.9781887449017079,15,88.23529411764706
3280,23,0.9781887449017079,20,86.95652173913044
3282,24,0.9781887449017079,18,75.0
3285,26,0.9781887449017079,21,80.76923076923077
3287,18,0.9781887449017079,14,77.77777777777779
3288,23,0.9781887449017079,19,82.6086956521739
3289,25,0.9781887449017079,19,76.0
3290,21,0.9781887449017079,17,80.95238095238095
3293,21,0.9781887449017079,17,80.95238095238095
3294,24,0.9781887449017079,19,79.16666666666666
3295,21,0.9781887449017079,14,66.66666666666666
3297,21,0.9781887449017079,18,85.71428571428571
3298,26,0.9781887449017079,19,73.07692307692307
3300,17,0.9781887449017079,14,82.35294117647058
3301,17,0.9781887449017079,11,64.70588235294117
3302,28,0.9781887449017079,24,85.71428571428571
3304,25,0.9781887449017079,21,84.0
3305,23,0.9781887449017079,17,73.91304347826086
3306,24,0.9781887449017079,15,62.5
3307,20,0.9781887449017079,20,100.0
3310,25,0.9781887449017079,17,68.0
3311,24,0.9781887449017079,15,62.5
3312,23,0.9781887449017079,16,69.56521739130434
3313,18,0.9781887449017079,15,83.33333333333334
3315,18,0.9781887449017079,12,66.66666666666666
3316,29,0.9781887449017079,22,75.86206896551724
3319,17,0.9781887449017079,10,58.82352941176471
3320,14,0.9781887449017079,12,85.71428571428571
3321,21,0.9781887449017079,18,85.71428571428571
3322,25,0.9781887449017079,18,72.0
3324,17,0.9781887449017079,14,82.35294117647058
3327,28,0.9781887449017079,17,60.71428571428571
3329,20,0.9781887449017079,16,80.0
3331,16,0.9781887449017079,13,81.25
3332,12,0.9781887449017079,8,66.66666666666666
3337,20,0.9781887449017079,15,75.0
3338,19,0.9781887449017079,17,89.47368421052632
3340,14,0.9781887449017079,10,71.42857142857143
3341,16,0.9781887449017079,15,93.75
3343,18,0.9781887449017079,13,72.22222222222221
3344,26,0.9781887449017079,21,80.76923076923077
3346,25,0.9781887449017079,20,80.0
3347,24,0.9781887449017079,15,62.5
3348,28,0.9781887449017079,23,82.14285714285714
3349,22,0.9781887449017079,19,86.36363636363636
3351,24,0.9781887449017079,22,91.66666666666666
3352,22,0.9781887449017079,15,68.18181818181817
3353,21,0.9781887449017079,17,80.95238095238095
3354,21,0.9781887449017079,14,66.66666666666666
3355,17,0.9781887449017079,14,82.35294117647058
3357,25,0.9781887449017079,23,92.0
3358,22,0.9781887449017079,17,77.27272727272727
3359,26,0.9781887449017079,20,76.92307692307693
3360,17,0.9781887449017079,14,82.35294117647058
3361,14,0.9781887449017079,8,57.14285714285714
3362,18,0.9781887449017079,15,83.33333333333334
3363,18,0.9781887449017079,10,55.55555555555556
3365,27,0.9781887449017079,20,74.07407407407408
3366,20,0.9781887449017079,14,70.0
3367,12,0.9781887449017079,9,75.0
3370,22,0.9781887449017079,16,72.72727272727273
3371,14,0.9781887449017079,8,57.14285714285714
3372,18,0.9781887449017079,14,77.77777777777779
3373,21,0.9781887449017079,16,76.19047619047619
3375,23,0.9781887449017079,18,78.26086956521739
3376,18,0.9781887449017079,15,83.33333333333334
3377,17,0.9781887449017079,15,88.23529411764706
3378,29,0.9781887449017079,28,96.55172413793103
3379,20,0.9781887449017079,16,80.0
3380,20,0.9781887449017079,17,85.0
3381,18,0.9781887449017079,13,72.22222222222221
3383,24,0.9781887449017079,19,79.16666666666666
3384,17,0.9781887449017079,15,88.23529411764706
3386,15,0.9781887449017079,12,80.0
3387,16,0.9781887449017079,10,62.5
3388,20,0.9781887449017079,12,60.0
3389,28,0.9781887449017079,22,78.57142857142857
3390,18,0.9781887449017079,12,66.66666666666666
3391,19,0.9781887449017079,17,89.47368421052632
3392,11,0.9781887449017079,6,54.54545454545454
3393,18,0.9781887449017079,12,66.66666666666666
3394,25,0.9781887449017079,16,64.0
3395,21,0.9781887449017079,16,76.19047619047619
3396,17,0.9781887449017079,11,64.70588235294117
3397,32,0.9781887449017079,27,84.375
3398,21,0.9781887449017079,13,61.904761904761905
3402,18,0.9781887449017079,13,72.22222222222221
3403,25,0.9781887449017079,22,88.0
3404,16,0.9781887449017079,14,87.5
3405,11,0.9781887449017079,8,72.72727272727273
3406,27,0.9781887449017079,24,88.88888888888889
3407,17,0.9781887449017079,13,76.47058823529412
3408,17,0.9781887449017079,14,82.35294117647058
3409,21,0.9781887449017079,17,80.95238095238095
3411,22,0.9781887449017079,17,77.27272727272727
3412,19,0.9781887449017079,15,78.94736842105263
3413,22,0.9781887449017079,18,81.81818181818183
3414,19,0.9781887449017079,14,73.68421052631578
3416,24,0.9781887449017079,20,83.33333333333334
3420,18,0.9781887449017079,11,61.111111111111114
3424,18,0.9781887449017079,15,83.33333333333334
3425,29,0.9781887449017079,20,68.96551724137932
3427,11,0.9781887449017079,9,81.81818181818183
3428,23,0.9781887449017079,14,60.86956521739131
3429,16,0.9781887449017079,13,81.25
3431,25,0.9781887449017079,23,92.0
3433,17,0.9781887449017079,11,64.70588235294117
3435,20,0.9781887449017079,14,70.0
3436,17,0.9781887449017079,16,94.11764705882352
3437,17,0.9781887449017079,13,76.47058823529412
3438,25,0.9781887449017079,20,80.0
3440,19,0.9781887449017079,17,89.47368421052632
3441,24,0.9781887449017079,19,79.16666666666666
3442,23,0.9781887449017079,20,86.95652173913044
3443,27,0.9781887449017079,18,66.66666666666666
3444,24,0.9781887449017079,15,62.5
3445,30,0.9781887449017079,25,83.33333333333334
3446,25,0.9781887449017079,22,88.0
3448,22,0.9781887449017079,18,81.81818181818183
3451,17,0.9781887449017079,13,76.47058823529412
3452,20,0.9781887449017079,16,80.0
3453,20,0.9781887449017079,15,75.0
3456,23,0.9781887449017079,19,82.6086956521739
3457,28,0.9781887449017079,20,71.42857142857143
3459,23,0.9781887449017079,19,82.6086956521739
3461,17,0.9781887449017079,10,58.82352941176471
3463,19,0.9781887449017079,16,84.21052631578947
3467,24,0.9781887449017079,17,70.83333333333334
3468,31,0.9781887449017079,24,77.41935483870968
3469,18,0.9781887449017079,11,61.111111111111114
3470,22,0.9781887449017079,19,86.36363636363636
3471,23,0.9781887449017079,19,82.6086956521739
3472,18,0.9781887449017079,17,94.44444444444444
3477,17,0.9781887449017079,15,88.23529411764706
3478,20,0.9781887449017079,16,80.0
3485,24,0.9781887449017079,19,79.16666666666666
3487,18,0.9781887449017079,16,88.88888888888889
3488,20,0.9781887449017079,17,85.0
3489,18,0.9781887449017079,16,88.88888888888889
3490,16,0.9781887449017079,12,75.0
3494,16,0.9781887449017079,13,81.25
3499,23,0.9781887449017079,22,95.65217391304348
3504,21,0.9781887449017079,15,71.42857142857143
3507,13,0.9781887449017079,13,100.0
3508,25,0.9781887449017079,21,84.0
3509,28,0.9781887449017079,22,78.57142857142857
3510,19,0.9781887449017079,15,78.94736842105263
3511,19,0.9781887449017079,18,94.73684210526315
3512,18,0.9781887449017079,15,83.33333333333334
3513,16,0.9781887449017079,14,87.5
3515,19,0.9781887449017079,13,68.42105263157895
3518,25,0.9781887449017079,23,92.0
3519,19,0.9781887449017079,14,73.68421052631578
3520,19,0.9781887449017079,11,57.89473684210527
3521,18,0.9781887449017079,14,77.77777777777779
3523,15,0.9781887449017079,14,93.33333333333333
3524,29,0.9781887449017079,26,89.65517241379311
3525,20,0.9781887449017079,16,80.0
3526,13,0.9781887449017079,12,92.3076923076923
3527,18,0.9781887449017079,16,88.88888888888889
3528,20,0.9781887449017079,14,70.0
3532,25,0.9781887449017079,21,84.0
3533,11,0.9781887449017079,7,63.63636363636363
3535,20,0.9781887449017079,17,85.0
3536,14,0.9781887449017079,7,50.0
3537,24,0.9781887449017079,16,66.66666666666666
3538,19,0.9781887449017079,15,78.94736842105263
3539,17,0.9781887449017079,12,70.58823529411765
3540,25,0.9781887449017079,21,84.0
3541,22,0.9781887449017079,18,81.81818181818183
3542,18,0.9781887449017079,7,38.88888888888889
3547,20,0.9781887449017079,17,85.0
3548,14,0.9781887449017079,11,78.57142857142857
3549,27,0.9781887449017079,21,77.77777777777779
3550,17,0.9781887449017079,13,76.47058823529412
3551,18,0.9781887449017079,13,72.22222222222221
3552,23,0.9781887449017079,20,86.95652173913044
3553,23,0.9781887449017079,22,95.65217391304348
3555,19,0.9781887449017079,16,84.21052631578947
3558,17,0.9781887449017079,15,88.23529411764706
3559,18,0.9781887449017079,10,55.55555555555556
3560,15,0.9781887449017079,11,73.33333333333333
3564,15,0.9781887449017079,11,73.33333333333333
3565,21,0.9781887449017079,16,76.19047619047619
3566,17,0.9781887449017079,13,76.47058823529412
3570,27,0.9781887449017079,19,70.37037037037037
3571,27,0.9781887449017079,23,85.18518518518519
3572,16,0.9781887449017079,13,81.25
3574,18,0.9781887449017079,11,61.111111111111114
3575,22,0.9781887449017079,17,77.27272727272727
3576,17,0.9781887449017079,16,94.11764705882352
3577,16,0.9781887449017079,9,56.25
3579,22,0.9781887449017079,14,63.63636363636363
3580,18,0.9781887449017079,13,72.22222222222221
3593,14,0.9781887449017079,12,85.71428571428571
3594,23,0.9781887449017079,22,95.65217391304348
3595,19,0.9781887449017079,16,84.21052631578947
3596,22,0.9781887449017079,17,77.27272727272727
3597,13,0.9781887449017079,13,100.0
3598,16,0.9781887449017079,13,81.25
3599,26,0.9781887449017079,21,80.76923076923077
3601,17,0.9781887449017079,13,76.47058823529412
3602,24,0.9781887449017079,15,62.5
3603,26,0.9781887449017079,20,76.92307692307693
3607,12,0.9781887449017079,11,91.66666666666666
3609,25,0.9781887449017079,21,84.0
3610,18,0.9781887449017079,13,72.22222222222221
3611,21,0.9781887449017079,16,76.19047619047619
3612,14,0.9781887449017079,11,78.57142857142857
3613,16,0.9781887449017079,10,62.5
3614,22,0.9781887449017079,19,86.36363636363636
3616,25,0.9781887449017079,17,68.0
3617,30,0.9781887449017079,24,80.0
3618,23,0.9781887449017079,21,91.30434782608695
3621,20,0.9781887449017079,15,75.0
3624,25,0.9781887449017079,20,80.0
3625,20,0.9781887449017079,16,80.0
3626,22,0.9781887449017079,20,90.9090909090909
3630,19,0.9781887449017079,12,63.1578947368421
3632,19,0.9781887449017079,15,78.94736842105263
3633,22,0.9781887449017079,19,86.36363636363636
3641,22,0.9781887449017079,19,86.36363636363636
3642,19,0.9781887449017079,12,63.1578947368421
3643,17,0.9781887449017079,12,70.58823529411765
3644,24,0.9781887449017079,18,75.0
3647,10,0.9781887449017079,6,60.0
3648,26,0.9781887449017079,18,69.23076923076923
3651,25,0.9781887449017079,19,76.0
3652,17,0.9781887449017079,13,76.47058823529412
3653,28,0.9781887449017079,24,85.71428571428571
3654,22,0.9781887449017079,13,59.09090909090909
3657,16,0.9781887449017079,12,75.0
3658,16,0.9781887449017079,14,87.5
3659,23,0.9781887449017079,16,69.56521739130434
3660,19,0.9781887449017079,14,73.68421052631578
3662,20,0.9781887449017079,17,85.0
3664,20,0.9781887449017079,16,80.0
3665,19,0.9781887449017079,13,68.42105263157895
3669,17,0.9781887449017079,16,94.11764705882352
3671,18,0.9781887449017079,15,83.33333333333334
3672,11,0.9781887449017079,9,81.81818181818183
3673,22,0.9781887449017079,19,86.36363636363636
3675,21,0.9781887449017079,16,76.19047619047619
3676,17,0.9781887449017079,14,82.35294117647058
3680,21,0.9781887449017079,15,71.42857142857143
3681,16,0.9781887449017079,11,68.75
3683,17,0.9781887449017079,14,82.35294117647058
3684,25,0.9781887449017079,18,72.0
3685,24,0.9781887449017079,19,79.16666666666666
3686,19,0.9781887449017079,13,68.42105263157895
3688,24,0.9781887449017079,17,70.83333333333334
3690,28,0.9781887449017079,22,78.57142857142857
3691,15,0.9781887449017079,12,80.0
3693,21,0.9781887449017079,16,76.19047619047619
3694,23,0.9781887449017079,21,91.30434782608695
3703,25,0.9781887449017079,19,76.0
3704,19,0.9781887449017079,16,84.21052631578947
3707,18,0.9781887449017079,15,83.33333333333334
3708,18,0.9781887449017079,13,72.22222222222221
3710,21,0.9781887449017079,19,90.47619047619048
3711,27,0.9781887449017079,20,74.07407407407408
3713,24,0.9781887449017079,19,79.16666666666666
3714,15,0.9781887449017079,13,86.66666666666667
3715,19,0.9781887449017079,15,78.94736842105263
3716,23,0.9781887449017079,20,86.95652173913044
3718,20,0.9781887449017079,13,65.0
3720,17,0.9781887449017079,12,70.58823529411765
3725,21,0.9781887449017079,14,66.66666666666666
3726,15,0.9781887449017079,7,46.666666666666664
3727,16,0.9781887449017079,13,81.25
3728,21,0.9781887449017079,13,61.904761904761905
3730,18,0.9781887449017079,13,72.22222222222221
3731,27,0.9781887449017079,21,77.77777777777779
3732,17,0.9781887449017079,14,82.35294117647058
3733,15,0.9781887449017079,12,80.0
3734,18,0.9781887449017079,12,66.66666666666666
3735,22,0.9781887449017079,15,68.18181818181817
3739,21,0.9781887449017079,16,76.19047619047619
3744,16,0.9781887449017079,13,81.25
3745,25,0.9781887449017079,22,88.0
3747,15,0.9781887449017079,10,66.66666666666666
3750,9,0.9781887449017079,9,100.0
3754,21,0.9781887449017079,19,90.47619047619048
3756,26,0.9781887449017079,22,84.61538461538461
3760,22,0.9781887449017079,15,68.18181818181817
3762,26,0.9781887449017079,23,88.46153846153845
3763,16,0.9781887449017079,13,81.25
3764,14,0.9781887449017079,13,92.85714285714286
3767,21,0.9781887449017079,17,80.95238095238095
3769,20,0.9781887449017079,16,80.0
3770,18,0.9781887449017079,14,77.77777777777779
3773,20,0.9781887449017079,15,75.0
3777,19,0.9781887449017079,16,84.21052631578947
3778,12,0.9781887449017079,7,58.333333333333336
3781,20,0.9781887449017079,17,85.0
3782,22,0.9781887449017079,18,81.81818181818183
3783,16,0.9781887449017079,14,87.5
3785,15,0.9781887449017079,14,93.33333333333333
3788,24,0.9781887449017079,19,79.16666666666666
3789,14,0.9781887449017079,11,78.57142857142857
3790,18,0.9781887449017079,10,55.55555555555556
3792,18,0.9781887449017079,16,88.88888888888889
3795,20,0.9781887449017079,11,55.00000000000001
3796,22,0.9781887449017079,16,72.72727272727273
3797,26,0.9781887449017079,18,69.23076923076923
3798,16,0.9781887449017079,15,93.75
3799,20,0.9781887449017079,16,80.0
3801,25,0.9781887449017079,19,76.0
3803,24,0.9781887449017079,18,75.0
3805,20,0.9781887449017079,16,80.0
3806,24,0.9781887449017079,19,79.16666666666666
3809,20,0.9781887449017079,17,85.0
3810,14,0.9781887449017079,14,100.0
3817,21,0.9781887449017079,18,85.71428571428571
3819,21,0.9781887449017079,13,61.904761904761905
3820,29,0.9781887449017079,21,72.41379310344827
3821,31,0.9781887449017079,27,87.09677419354838
3822,11,0.9781887449017079,9,81.81818181818183
3823,19,0.9781887449017079,13,68.42105263157895
3824,24,0.9781887449017079,21,87.5
3825,14,0.9781887449017079,14,100.0
3827,22,0.9781887449017079,19,86.36363636363636
3828,15,0.9781887449017079,12,80.0
3829,16,0.9781887449017079,15,93.75
3830,14,0.9781887449017079,10,71.42857142857143
3831,29,0.9781887449017079,21,72.41379310344827
3837,18,0.9781887449017079,12,66.66666666666666
3844,16,0.9781887449017079,12,75.0
3845,19,0.9781887449017079,16,84.21052631578947
3846,18,0.9781887449017079,17,94.44444444444444
3847,23,0.9781887449017079,19,82.6086956521739
3849,13,0.9781887449017079,8,61.53846153846154
3852,26,0.9781887449017079,21,80.76923076923077
3855,27,0.9781887449017079,20,74.07407407407408
3858,22,0.9781887449017079,16,72.72727272727273
3865,22,0.9781887449017079,19,86.36363636363636
3867,24,0.9781887449017079,21,87.5
3868,22,0.9781887449017079,12,54.54545454545454
3872,26,0.9781887449017079,21,80.76923076923077
3873,17,0.9781887449017079,12,70.58823529411765
3874,22,0.9781887449017079,16,72.72727272727273
3876,15,0.9781887449017079,8,53.333333333333336
3879,22,0.9781887449017079,15,68.18181818181817
3880,21,0.9781887449017079,14,66.66666666666666
3882,18,0.9781887449017079,7,38.88888888888889
3883,22,0.9781887449017079,15,68.18181818181817
3884,27,0.9781887449017079,22,81.48148148148148
3885,23,0.9781887449017079,15,65.21739130434783
3886,20,0.9781887449017079,15,75.0
3887,24,0.9781887449017079,21,87.5
3888,9,0.9781887449017079,8,88.88888888888889
3889,20,0.9781887449017079,16,80.0
3890,19,0.9781887449017079,14,73.68421052631578
3892,22,0.9781887449017079,16,72.72727272727273
3893,23,0.9781887449017079,19,82.6086956521739
3894,29,0.9781887449017079,24,82.75862068965517
3896,17,0.9781887449017079,14,82.35294117647058
3898,20,0.9781887449017079,17,85.0
3900,20,0.9781887449017079,16,80.0
3901,23,0.9781887449017079,19,82.6086956521739
3903,23,0.9781887449017079,16,69.56521739130434
3906,16,0.9781887449017079,15,93.75
3909,28,0.9781887449017079,24,85.71428571428571
3910,29,0.9781887449017079,26,89.65517241379311
3914,20,0.9781887449017079,18,90.0
3917,19,0.9781887449017079,15,78.94736842105263
3926,23,0.9781887449017079,17,73.91304347826086
3932,19,0.9781887449017079,16,84.21052631578947
3933,20,0.9781887449017079,16,80.0
3934,18,0.9781887449017079,17,94.44444444444444
3937,18,0.9781887449017079,15,83.33333333333334
3938,15,0.9781887449017079,11,73.33333333333333
3939,13,0.9781887449017079,11,84.61538461538461
3943,17,0.9781887449017079,13,76.47058823529412
3944,19,0.9781887449017079,18,94.73684210526315
3945,22,0.9781887449017079,17,77.27272727272727
3949,23,0.9781887449017079,18,78.26086956521739
3950,17,0.9781887449017079,14,82.35294117647058
3951,18,0.9781887449017079,13,72.22222222222221
3952,19,0.9781887449017079,15,78.94736842105263
