CustomerKey,TotalRevenue,TotalProfit,ProfitMargin,CustomerTier
0,25469609.38,24985686.80178,87.16653081430772,Occasional
1,255031.736,250186.133016,97.71107102007412,Occasional
2,2544.0,2495.6639999999998,101.31173661830472,Premium
3,240.0,235.44,99.76434310952403,Occasional
4,154638.41,151700.28021,97.75709961004799,Standard
6,15360.337,15068.490597,100.33466565402634,Premium
7,280.5,275.1705,92.40925650850158,Occasional
8,890.0,873.09,100.58459840009401,Standard
9,11466.6,11248.7346,100.12289121204027,Standard
11,1747.84,1714.63104,102.9339305174441,Occasional
13,884571.3859999999,867764.5296659999,94.58374930175924,Occasional
22,814.56,799.08336,100.08885244757482,Occasional
27,14018.5,13752.1485,98.90060681946572,Occasional
40,3.57,3.5021699999999996,93.02267722677406,Occasional
57,0.6,0.5886,102.95723768524593,Occasional
65,1063.28,1043.0776799999999,96.19355257685768,Standard
73,250.5,245.7405,93.63676666899785,Standard
74,1694.106,1661.917986,104.301218247343,Standard
81,1484.93,1456.71633,109.61392777077081,Standard
82,2961.072,2904.811632,97.25024013689854,Occasional
85,214.8,210.71880000000002,100.01667601930178,Occasional
89,288.58500000000004,283.10188500000004,90.69679717078947,Premium
90,2889.93,2835.0213299999996,102.06369105904788,Standard
94,519.855,509.977755,86.88747727722954,Occasional
95,16722.521,16404.793101,101.71459408816769,Standard
99,2480.222,2433.0977820000003,100.36682054842665,Standard
100,5805.6900000000005,5695.381890000001,88.07058097860002,Occasional
104,215.2,211.1112,99.73195541481434,Premium
108,3650.0,3580.65,101.6646386199353,Occasional
111,85.541,83.91572099999999,101.49968665804205,Occasional
117,4220.064,4139.882784,102.66316974746415,Premium
119,637.9,625.7799,87.10308095852267,Standard
127,38.1,37.3761,104.65046162784661,Standard
129,22124.818,21704.446458,97.80288814148803,Occasional
131,1449.0,1421.469,92.13499308314148,Premium
133,32318.767,31704.710426999998,100.03740716160291,Occasional
136,235.035,230.569335,94.80265590164034,Premium
138,17160.0,16833.96,103.25634197035599,Standard
161,644.8,632.5487999999999,103.81679433513767,Occasional
166,186.24,182.70144000000002,102.15756791910368,Occasional
167,39290.922,38544.394481999996,97.15049466182819,Standard
170,4412.0650000000005,4328.235765,87.31920670913922,Premium
192,353.3,346.5873,104.88930633434877,Premium
194,1547.81,1518.40161,90.35529725789277,Occasional
195,693.81,680.6276099999999,98.20919573785677,Occasional
200,7.6,7.4556,83.57229172569579,Occasional
201,490.0,480.69,94.83046807196108,Occasional
205,14912.324,14628.989844,97.68562679232735,Occasional
206,312504.0,306566.424,91.1925420317167,Standard
207,663.0,650.403,98.80616852878896,Premium
218,1511.91,1483.18371,94.13071480287658,Occasional
220,1521.9,1492.9839000000002,101.27206989067162,Occasional
225,15563.635,15267.925935,103.29528021997722,Standard
226,2360.925,2316.067425,107.20584488602749,Premium
235,3488.06,3421.7868599999997,100.6026848750863,Standard
238,6108.11,5992.055909999999,108.1306389335313,Occasional
253,11247.129,11033.433549000001,97.53893672447366,Standard
254,56204.035,55136.158335,101.45327602404615,Occasional
256,250.905,246.137805,99.16657098873024,Standard
259,218845.913,214687.840653,101.56113574355086,Standard
264,36.7,36.002700000000004,91.4350766485044,Occasional
270,538.231,528.004611,97.6609743002279,Standard
272,9923.5,9734.9535,107.4457568081737,Occasional
273,11828.039,11603.306259,88.62540818166156,Occasional
282,549.5,539.0595,95.9895709988689,Occasional
284,4645.719,4557.450339,102.25859227204629,Premium
290,21333.912,20928.567672,101.33611314037437,Standard
293,5503749.53,5399178.28893,94.88887122811752,Standard
304,139200.0,136555.2,99.840852377187,Premium
305,503.97,494.39457000000004,97.74124601391635,Premium
318,288.195,282.719295,85.51029993463982,Occasional
321,1.0,0.981,94.40142893194151,Occasional
331,663.0,650.403,96.61299030789664,Standard
335,1.2,1.1772,92.45772740731988,Premium
337,877.1999999999999,860.5332,97.43917422956308,Standard
340,31699.69,31097.39589,108.09670823289585,Occasional
343,648.0,635.688,88.05905885031018,Premium
345,372.828,365.744268,92.64732034182971,Occasional
348,10950.0,10741.949999999999,96.74182595692449,Premium
349,11010.0,10800.81,93.83860334870954,Occasional
358,1416.174,1389.266694,106.93201546479136,Occasional
361,870226.042,853691.747202,96.25495585587794,Standard
374,3164190.475,3104070.855975,101.35886507581837,Standard
379,2528.3900000000003,2480.3505900000005,100.23658100836757,Occasional
384,2088.51,2048.8283100000003,96.31597073238883,Occasional
386,4001.356,3925.3302360000002,100.98040184922245,Occasional
387,1.7999999999999998,1.7657999999999998,101.6362891746009,Occasional
396,8546.741,8384.352921,96.89775644695953,Standard
397,9631.8,9448.7958,92.63521590433743,Occasional
399,20870.598,20474.056638000002,97.93105395953341,Standard
400,10216.223,10022.114763,93.73304583456752,Occasional
408,1050.0,1030.05,96.50590896628296,Occasional
414,6201.754,6083.920674,97.05724119916486,Premium
415,638.79,626.6529899999999,105.00169983699482,Occasional
417,1597.51,1567.15731,101.32982574750035,Standard
418,674034.542,661227.885702,92.7833488852094,Standard
420,395472.0,387958.032,97.79754135816187,Occasional
421,14858.542,14576.229701999999,94.22982803179859,Standard
422,1630271.121,1599295.969701,91.92184766766425,Occasional
426,8587.588,8424.423827999999,101.23441530367009,Standard
427,6523.261,6399.319041000001,102.73936783863212,Occasional
437,9427.281,9248.162661,99.3943230960883,Standard
442,2827.7670000000003,2774.039427,91.00506652795889,Occasional
449,1258.122,1234.217682,93.67714069815659,Occasional
450,4310.99,4229.08119,94.91981550597566,Occasional
457,44805.638,43954.330878,93.58980636420644,Occasional
458,640424.897,628256.823957,96.84150724897758,Occasional
459,705720.84,692312.1440399999,108.45830471526358,Occasional
460,1511.91,1483.18371,99.91210994952307,Standard
463,877.1999999999999,860.5332,99.62501039837282,Premium
468,8751.83,8585.54523,99.28887396866162,Occasional
480,1326.6,1301.3945999999999,94.01080189187036,Standard
483,1083.971,1063.375551,99.4460844895721,Occasional
485,351.9,345.21389999999997,97.55919937027004,Premium
495,501.9,492.36389999999994,99.82496971911833,Occasional
498,364920.5,357987.0105,100.50808678528877,Standard
499,8460.0,8299.26,107.53083264552704,Occasional
500,1515.0,1486.215,95.07139832791184,Occasional
501,343422.432,336897.40579199995,91.75552927229143,Premium
514,1224.8,1201.5288,92.9281075833653,Occasional
520,1908.59,1872.3267899999998,99.10782056637898,Standard
526,3410.363,3345.5661029999997,93.21633102042811,Standard
527,22021.437,21603.029697,99.51209776806095,Occasional
538,214.8,210.71880000000002,97.69033090482147,Occasional
544,74489.981,73074.671361,88.62179194312326,Occasional
547,0.0,0.0,97.60832312354326,Standard
562,6900.87,6769.75347,101.67132194176989,Standard
567,1544.751,1515.400731,97.83909566257601,Standard
568,3242.693,3181.081833,94.70972617226123,Occasional
577,301.79999999999995,296.06579999999997,96.48275787257816,Occasional
584,5205.643,5106.735783,95.41859706044252,Occasional
585,1.2,1.1772,100.39662840430026,Occasional
589,915.735,898.336035,103.38496135205575,Occasional
593,214.8,210.71880000000002,100.62940664986169,Standard
600,35.7,35.0217,93.89542523698321,Standard
601,78.334,76.845654,101.52301173757853,Standard
608,82244.44,80681.79564,96.12446603640491,Standard
610,1320.22,1295.13582,100.93541204898374,Occasional
611,61032.0,59872.392,102.8107844642576,Occasional
612,1176956.361,1154594.190141,90.72721521335043,Standard
618,7398.022,7257.4595819999995,105.50033898909874,Occasional
624,648.0,635.688,104.35429567584171,Standard
637,11354.853,11139.110793,102.1484270580871,Occasional
642,18000.0,17658.0,103.8657994912247,Standard
652,250.5,245.7405,100.79051109169104,Occasional
654,86394.237,84752.74649699999,95.02962335295015,Occasional
656,23318.4,22875.3504,103.32187889501517,Occasional
660,9625.627,9442.740087,99.4585248737073,Standard
669,4183.900000000001,4104.405900000001,97.909486538156,Standard
673,11933.345,11706.611444999999,85.97280262661917,Standard
682,0.0,0.0,95.68068276397891,Occasional
688,2627.535,2577.6118349999997,93.00813099905511,Standard
702,234244.209,229793.569029,102.53891362760913,Standard
705,751.5,737.2215,99.37515714447782,Premium
706,14320.476,14048.386956,97.04421074500911,Premium
709,125043.53,122667.70293,104.71556116510824,Occasional
713,1.7999999999999998,1.7657999999999998,94.44206312721046,Occasional
716,33169.064,32538.851784,97.92694310901318,Occasional
720,491265.877,481931.82533699996,93.59890018000607,Premium
721,17454.75,17123.10975,104.73271312617048,Occasional
722,50610.0,49648.409999999996,95.31850468029387,Occasional
727,40102.641,39340.690821000004,97.8131144718839,Premium
733,351.9,345.21389999999997,100.50078345208146,Standard
738,223.706,219.45558599999998,90.37409791314697,Occasional
740,4839228.302,4747282.964262,96.25110093075497,Standard
741,1376.175,1350.027675,99.75136410598684,Occasional
744,8254.908,8098.064747999999,93.09276664091594,Occasional
750,1059.696,1039.561776,88.61779981421358,Occasional
752,77.77,76.29236999999999,96.63167215358847,Premium
753,14188.372,13918.792931999998,105.70519240636052,Occasional
756,12298.915,12065.235615000001,108.4276375074806,Standard
757,137674.39500000002,135058.58149500002,99.91410403555965,Premium
759,2423.358,2377.314198,98.56033648620495,Standard
760,56627.698,55551.771737999996,97.0917670276544,Standard
765,10327.258,10131.040098,95.19398518316513,Standard
772,5289.728,5189.2231679999995,95.05049233362446,Standard
776,379927.407,372708.786267,98.55055831261603,Occasional
777,36928.618,36226.974258,104.6192803678065,Occasional
783,352.3,345.60630000000003,95.68263730500114,Standard
784,179.7,176.2857,90.31509870073934,Occasional
815,30560.391000000003,29979.743571000003,94.05227157282286,Standard
820,1943.11,1906.1909099999998,99.23722268220892,Occasional
822,1223.14,1199.9003400000001,104.28181038268727,Premium
823,1418.407,1391.457267,103.75880157927557,Occasional
834,9402.853,9224.198793,88.72289206681616,Standard
842,1560.0,1530.36,104.7545572639912,Standard
846,280.9,275.56289999999996,104.71375358056845,Standard
857,61919.525,60743.054025,92.87018314679933,Standard
858,419120.142,411156.85930199997,94.63213445035944,Occasional
861,6350.172,6229.5187319999995,92.33679636663692,Premium
863,465.8,456.9498,109.14459152307568,Occasional
864,250.5,245.7405,93.9211218696279,Premium
880,93.425,91.649925,110.64029084106961,Standard
883,27312.300000000003,26793.3663,92.05495003604385,Occasional
887,3747.645,3676.439745,100.99976566637969,Occasional
889,1.0,0.981,103.92277079247441,Premium
896,694925.6000000001,681722.0136000001,104.10918228749415,Premium
897,842.6999999999999,826.6886999999999,98.25352608702693,Occasional
907,644.4000000000001,632.1564000000001,101.31321053122221,Occasional
908,5943.13,5830.21053,102.54758394171671,Occasional
915,409.19000000000005,401.41539000000006,90.35116591792168,Occasional
917,1756.086,1722.720366,100.47004036123833,Occasional
918,1868.3,1832.8022999999998,101.65396210807536,Occasional
922,28362.815,27823.921514999998,98.13595181033122,Occasional
926,6568.071,6443.277650999999,100.13912201781828,Occasional
927,765.7249999999999,751.1762249999999,95.889837575636,Occasional
928,1189.13,1166.53653,100.15916560829095,Occasional
937,561.0,550.341,96.1350466991819,Standard
940,1719.6999999999998,1687.0256999999997,96.59670631853041,Standard
945,646.4570000000001,634.1743170000001,99.48597402297858,Occasional
948,12817.391,12573.860571,103.63981599317812,Occasional
952,14198.325,13928.556825,85.04228216010408,Occasional
953,2771.75,2719.08675,96.35677858949235,Occasional
958,280.9,275.56289999999996,109.75746025263838,Premium
969,674.261,661.4500409999999,96.10929503895404,Occasional
971,1962.51,1925.2223099999999,101.93185141357478,Occasional
972,702.047,688.708107,97.01298498115955,Occasional
974,28236.772,27700.273332,94.47824318758849,Occasional
980,0.0,0.0,100.85192515966098,Occasional
987,120360.6,118073.7486,102.75289585999674,Premium
990,15658.054,15360.550974,99.70150385639455,Occasional
991,127854.394,125425.160514,97.17588663489494,Standard
998,34419.33,33765.36273,92.60612594517366,Occasional
1005,1350.0,1324.35,104.41560639061714,Standard
1011,5532.759999999999,5427.637559999999,98.11215604490364,Occasional
1013,919520.401,902049.5133809999,100.911565665886,Occasional
1015,116.03,113.82543,103.65736154502329,Occasional
1025,963.925,945.610425,104.57713031622171,Occasional
1028,825.862,810.170622,87.56829434573332,Premium
1032,23718.0,23267.358,95.36701367648874,Occasional
1035,640.4000000000001,628.2324000000001,107.71397047677428,Occasional
1042,884.0,867.204,98.24158629091635,Occasional
1047,4466.7,4381.8327,94.5296847998804,Occasional
1049,956.66,938.4834599999999,94.03819242746394,Occasional
1056,1242.34,1218.73554,92.09299790571174,Occasional
1057,947.85,929.84085,99.8267048733516,Premium
1058,80636.462,79104.369222,106.39940400531015,Standard
1064,2602.249,2552.8062689999997,89.68110101089195,Occasional
1065,1665.4589999999998,1633.815279,99.78404572849166,Premium
1067,8513.511,8351.754291000001,95.28826422020789,Occasional
1070,1.2,1.1772,102.18891614009841,Standard
1080,232.05,227.64105,100.6982563065525,Premium
1094,19649.4,19276.061400000002,103.48522233679701,Standard
1098,1.0,0.981,97.04350175506933,Standard
1099,855.0,838.755,94.40172890983794,Occasional
1101,710.505,697.005405,100.85762217813055,Standard
1106,40789.091,40014.098271,102.81735205752867,Standard
1110,217.8,213.6618,103.11260260021048,Premium
1111,174442.458,171128.051298,94.80771509330529,Standard
1118,15163.591,14875.482771,92.90633964456391,Premium
1119,915.72,898.32132,99.40998629781838,Standard
1134,771.0,756.351,91.62416986354441,Occasional
1155,10802.239,10596.996459,92.12981089364189,Occasional
1158,1007.94,988.7891400000001,98.20391726696008,Occasional
1160,499132.623,489649.103163,98.68599159980332,Occasional
1162,4457.799,4373.100819,104.26547739503941,Occasional
1165,51.900000000000006,50.913900000000005,105.82130845563675,Standard
1170,2894.4,2839.4064,100.45063077452797,Standard
1174,15226.5,14937.1965,96.16619142488297,Standard
1176,250.5,245.7405,99.93045679954952,Premium
1177,1378.191,1352.005371,97.95586456931571,Standard
1185,668.59,655.88679,100.52027564837299,Premium
1189,922.5,904.9725,93.21447699059875,Occasional
1192,217.24,213.11244,92.3919200035051,Standard
1202,53893.714,52869.733434,93.84530991517892,Premium
1205,132.721,130.199301,99.70952258623143,Occasional
1209,3.6,3.5316,94.25013893263103,Occasional
1215,289499.145,283998.661245,106.34585667707411,Occasional
1216,27297.344,26778.694464,96.72971707134182,Standard
1222,3972.625,3897.145125,110.80881038065118,Occasional
1224,150.94,148.07214,111.76017319933881,Premium
1226,601.003,589.583943,96.42735386890867,Standard
1227,2118.7200000000003,2078.46432,93.79690976745219,Standard
1251,27900.018,27369.917658,90.58760779591177,Premium
1253,1686.8,1654.7508,104.33847733742567,Occasional
1257,1759.717,1726.282377,98.08484693423262,Occasional
1259,873.1569999999999,856.567017,97.46301652924443,Occasional
1261,1288.8000000000002,1264.3128000000002,101.22194979898461,Standard
1263,36812.892,36113.447051999996,85.45355097758738,Occasional
1272,54847.943,53805.832083,103.94969761143129,Premium
1276,92.85,91.08585,98.9828281064719,Occasional
1286,579.15,568.1461499999999,93.26261066666119,Standard
1289,10124.184,9931.824503999998,92.96969410579378,Occasional
1295,182.1,178.6401,95.76446344253212,Premium
1298,1525.022,1496.046582,103.03400488383305,Occasional
1304,1719.0,1686.339,94.10422645733964,Occasional
1305,646.2,633.9222000000001,87.82716018291529,Standard
1306,178696.925,175301.683425,95.15711278988933,Occasional
1309,291.8,286.2558,92.59056497543658,Standard
1310,1.0,0.981,104.09258298053886,Occasional
1314,7044.0,6910.164,92.87431993372726,Occasional
1315,57205.7,56118.791699999994,103.5728049937171,Occasional
1316,90693.573,88970.395113,106.58185689294761,Occasional
1317,4477058.931,4391994.811311,105.82358739559679,Standard
1321,178.04,174.65724,100.66379002465543,Premium
1331,4113.0,4034.853,96.81619803629094,Occasional
1336,160501.8,157452.2658,98.77743436866157,Occasional
1342,214.8,210.71880000000002,97.12320814431857,Standard
1343,34889.806000000004,34226.899686000004,95.72295452447688,Standard
1356,430.472,422.293032,96.25720646330109,Occasional
1381,1.0,0.981,95.99450629205077,Standard
1392,18809.363,18451.985103,95.9249022728393,Standard
1396,774.742,760.021902,90.5095027585645,Occasional
1397,1177.812,1155.433572,90.34530792912807,Occasional
1398,5324.176,5223.016656000001,97.37864282648309,Premium
1401,3377.33,3313.16073,101.12790203614885,Occasional
1404,2100.0,2060.1,99.47158498074717,Occasional
1410,25593.902,25107.617862,98.33060826075086,Occasional
1411,25543.0,25057.683,93.56367692715544,Premium
1418,24462.673,23997.882212999997,97.22589992420309,Occasional
1420,10895.214,10688.204934,94.14111683923184,Occasional
1430,2142.923,2102.2074629999997,91.71359600444701,Occasional
1446,280.9,275.56289999999996,97.80423584547387,Occasional
1448,352.3,345.60630000000003,96.94360725340843,Standard
1452,377.83,370.65123,87.97744191535713,Standard
1456,109.626,107.54310600000001,102.93194535594077,Standard
1457,1361.7,1335.8277,106.4120148847093,Occasional
1460,884.0,867.204,98.22078246283004,Occasional
1461,4002.762,3926.709522,114.5134762360551,Occasional
1475,25210726.873,24731723.062413,90.46774336972143,Standard
1477,10267.063,10071.988803,91.85237680428867,Occasional
1480,6381.93,6260.6733300000005,96.82832777201155,Standard
1487,179.92,176.50151999999997,101.06639448620106,Occasional
1494,906.8,889.5708,92.93602546864065,Standard
1495,773.95,759.24495,100.28828222827843,Standard
1496,0.6,0.5886,93.41834511787984,Occasional
1500,584.8,573.6887999999999,94.5551424846061,Occasional
1504,9569.577,9387.755036999999,97.13165954194099,Occasional
1505,1136.871,1115.270451,101.62085596567941,Standard
1510,2804.83,2751.5382299999997,94.2488131983244,Occasional
1518,111.865,109.739565,97.5356912995129,Premium
1520,956.57,938.39517,103.99093937020905,Standard
1525,960.0,941.76,99.85545326151426,Occasional
1530,181.8,178.3458,99.06440120263578,Occasional
1537,280.9,275.56289999999996,100.96973417045326,Standard
1553,639.981,627.821361,89.88548391190784,Standard
1554,366.039,359.084259,102.4710078309116,Occasional
1561,1692.9499999999998,1660.7839499999998,88.53589469511526,Standard
1563,1427.653,1400.527593,101.45076936171913,Premium
1564,1842.318,1807.313958,104.0281371104389,Standard
1565,446.822,438.332382,104.85180034157626,Premium
1567,10369.078,10172.065518,99.28849583323439,Occasional
1569,105.325,103.323825,90.9644461774658,Standard
1570,90000.0,88290.0,100.68705434591712,Occasional
1572,3682.5,3612.5325,90.44323217076318,Standard
1575,7759.378,7611.949817999999,106.47890924903433,Occasional
1580,1010.793,991.587933,96.14616069445239,Standard
1581,2016.94,1978.61814,104.65864916384584,Occasional
1585,501.0,491.481,104.0837551351463,Standard
1586,12899.619,12654.526239,104.01230969088978,Occasional
1589,1802.193,1767.951333,91.47363617167137,Standard
1590,57418.85,56327.89185,94.16793395203749,Standard
1597,3685.713,3615.6844530000003,97.05598252387959,Standard
1600,25921.343,25428.837483,102.15765588617073,Occasional
1603,221.0,216.801,100.28048759124695,Standard
1619,288.531,283.048911,88.51209530957394,Standard
1620,36620.561,35924.770341,95.81170341778908,Occasional
1626,277.3,272.0313,96.57624315499851,Occasional
1628,844.1200000000001,828.0817200000001,89.07621381927183,Standard
1638,2503.05,2455.4920500000003,95.57534940670695,Occasional
1639,126.145,123.748245,100.1203614959233,Occasional
1640,1363.12,1337.2207199999998,86.7294258419289,Occasional
1641,311.049,305.13906899999995,101.23596419313701,Occasional
1643,400.103,392.501043,94.74171194302012,Premium
1646,1425.516,1398.431196,101.1060324061138,Premium
1652,61.91,60.733709999999995,94.77720815515157,Premium
1658,1180001.101,1157581.080081,103.31846157297099,Occasional
1667,22409.391,21983.612570999998,105.25831305430343,Premium
1672,1327.489,1302.266709,101.87498119749529,Standard
1678,14668.8,14390.092799999999,104.5939331170257,Occasional
1679,1.2,1.1772,98.12080630743334,Occasional
1680,17746.5,17409.3165,101.10381745052455,Occasional
1681,1290.0,1265.49,89.86065208086043,Standard
1682,3065.6,3007.3536,106.13435209300503,Premium
1688,20578.66,20187.66546,92.71500791823578,Occasional
1690,29273.35,28717.156349999997,102.72453106320258,Standard
1692,3070.0,3011.67,98.50821640146415,Occasional
1693,1632786.209,1601763.271029,95.0333600527419,Standard
1695,1440.0,1412.6399999999999,100.31613265275071,Premium
1699,5400.0,5297.4,95.96583877290031,Standard
1700,1200.0,1177.2,91.27854880508104,Premium
1705,3175.0,3114.6749999999997,95.47348938582111,Occasional
1706,38655.1,37920.653099999996,91.31378660962231,Premium
1710,270.0,264.87,100.50335285492288,Standard
1711,1966.5,1929.1365,101.75683132241208,Standard
1712,225.0,220.725,99.98891352977333,Occasional
1713,60.0,58.86,94.71546447367555,Occasional
1714,369121.57,362108.26017,92.50082993685356,Standard
1715,210.0,206.01,99.53176201459121,Occasional
1716,13267.5,13015.4175,95.07925724321123,Standard
1717,1455.0,1427.355,95.86400343057632,Occasional
1719,6321.0,6200.901,95.47593486005896,Occasional
1720,1305.0,1280.205,92.49571417204592,Standard
1722,17282.2,16953.838200000002,91.1360337967152,Premium
1724,75.0,73.575,91.40976231630292,Occasional
1726,133901.71,131357.57751,91.26942432990376,Standard
1727,2250.0,2207.25,102.9560954011056,Occasional
1730,1.0,0.981,87.20683856202456,Premium
1734,8186.0,8030.465999999999,99.83284808848326,Standard
1735,60020.8,58880.404800000004,94.45043985887546,Standard
1736,978.0,959.418,100.96456414150039,Occasional
1738,4781.43,4690.58283,96.1181966685493,Occasional
1739,97453.03,95601.42242999999,95.40804444215996,Occasional
1741,10633.3,10431.2673,95.30981689877821,Standard
1742,8251.206,8094.433086,96.76752697753244,Premium
1743,2873.0,2818.413,99.81147340313139,Premium
1745,795.25,780.14025,103.91511185186418,Occasional
1747,3109.8,3050.7138,97.99014477772792,Occasional
1749,762.4,747.9144,96.65068059174885,Occasional
1750,21621.15,21210.34815,103.16630970101642,Occasional
1752,3540.0,3472.74,104.7465592190324,Occasional
1755,66038.694,64783.958814000005,96.62610465558184,Standard
1756,1133.0,1111.473,86.56760124600349,Premium
1757,2260070.917,2217129.5695769996,101.74079746088762,Premium
1758,858035.51,841732.83531,92.23728056319113,Occasional
1762,90810.447,89085.048507,98.48656315347898,Occasional
1763,579.34,568.33254,103.32149647450005,Occasional
1766,1415.5,1388.6055,101.57983851049659,Occasional
1767,3186.2,3125.6621999999998,97.70955597537689,Occasional
1769,2565.0,2516.265,89.44600916667575,Standard
1773,3666.0,3596.346,97.57900712982591,Premium
1774,41901.1,41104.9791,101.53216813813948,Occasional
1775,1215.0,1191.915,103.24790845926599,Standard
1776,8163.45,8008.34445,101.93210882283363,Premium
1778,2075.0,2035.575,94.83030036589919,Occasional
1779,63680.0,62470.08,96.80376270505127,Standard
1780,5199767.625,5100972.040125,105.07188405948673,Standard
1786,1275.0,1250.775,93.71218480017544,Standard
1788,5892.3,5780.3463,94.55014235876675,Standard
1789,1300.0,1275.3,97.34115189907715,Occasional
1791,355.0,348.255,99.0286262988529,Standard
1793,849.72,833.57532,102.72089448869193,Occasional
1794,52463.58,51466.77198,90.36237983631476,Occasional
1795,651.0,638.631,92.4258311057053,Standard
1796,237504.459,232991.874279,88.48840973499671,Occasional
1797,93784.5,92002.59449999999,99.11507916215373,Occasional
1799,11567.5,11347.7175,91.52758259705291,Standard
1801,16548.12,16233.705719999998,85.66290511165934,Premium
1802,75.0,73.575,101.864774691234,Occasional
1804,3624.0,3555.144,89.53703206894293,Occasional
1805,826.62,810.91422,91.17759134987598,Occasional
1810,14035.0,13768.335,102.46341012407285,Occasional
1811,7972.4,7820.9244,97.27415106845777,Premium
1818,73095.0,71706.19499999999,101.62382068053488,Standard
1822,1.7999999999999998,1.7657999999999998,100.48980573753683,Premium
1823,5005.5,4910.3955,91.43145188163673,Occasional
1824,1704.0,1671.624,98.6886470753455,Standard
1826,1.2,1.1772,99.25330984571725,Premium
1829,6068.0,5952.708,87.95872058395506,Standard
1831,3420.16,3355.17696,97.14864115090317,Standard
1832,970.0,951.5699999999999,93.41868947286785,Occasional
1833,870.0,853.47,92.68481463707646,Occasional
1834,1950.0,1912.95,97.59785675892734,Standard
1835,540.54,530.26974,96.47326005780118,Occasional
1836,1010.2,991.0062,98.49367186720626,Premium
1837,236301.15,231811.42815,96.23144051379344,Standard
1838,525.0,515.025,110.5885960791355,Premium
1841,108551.81,106489.32561,91.66057819422652,Occasional
1844,5730.0,5621.13,87.10522377382728,Occasional
1846,759.1999999999999,744.7751999999999,99.70967429933938,Occasional
1850,27447.858,26926.348697999998,108.53542176843959,Standard
1854,4864.5,4772.0745,102.3045348101172,Standard
1856,55716.89,54658.26909,96.79335569493135,Standard
1858,1474.548,1446.531588,97.37522503228897,Standard
1860,115884.75,113682.93975,98.44587242885277,Occasional
1865,9790.088,9604.076328,104.3160543252485,Occasional
1866,1248.0,1224.288,93.26541821602254,Standard
1867,2218.0,2175.858,95.87722946042699,Standard
1868,7671.1,7525.3491,98.67105614138242,Standard
1870,1602.1,1571.6600999999998,113.01018694597273,Occasional
1871,8678.16,8513.274959999999,94.76214213279032,Occasional
1872,7925.0,7774.425,108.24394141759535,Standard
1874,1.7999999999999998,1.7657999999999998,96.73794305588397,Premium
1877,1081.0,1060.461,104.99574488127256,Standard
1878,2451.2,2404.6272,97.80696362371735,Standard
1879,6885.0,6754.1849999999995,89.17628130212694,Occasional
1881,1815.0,1780.5149999999999,99.29046107094965,Standard
1882,133749.4,131208.16139999998,102.30465261310215,Occasional
1884,30110.0,29537.91,97.95554848979714,Occasional
1887,9068.244,8895.947364,107.66214916780622,Premium
1888,2298.0,2254.3379999999997,95.74210011732765,Occasional
1893,5243.25,5143.62825,97.7570116811325,Standard
1894,2667.0,2616.3269999999998,95.98186792733155,Standard
1895,2712.0,2660.4719999999998,95.84086238723033,Occasional
1896,399.0,391.419,96.32363496476138,Standard
1897,9915.0,9726.615,99.95580849828087,Occasional
1898,14660.0,14381.46,95.38066974787006,Premium
1903,2175.0,2133.675,100.33835401661344,Standard
1904,945.0,927.045,102.32602117167916,Premium
1906,41315.35,40530.358349999995,103.45548073215136,Premium
1907,27063.1,26548.9011,93.48810562547689,Standard
1908,15370.75,15078.70575,93.66960881373495,Occasional
1909,89884.94,88177.12614000001,95.47182707487704,Premium
1910,3162.9,3102.8049,98.86142651379245,Occasional
1911,44454.92,43610.27652,95.74160634668176,Occasional
1914,271799.5,266635.3095,97.44214852663214,Occasional
1915,14550.3,14273.844299999999,91.37033487608277,Occasional
1916,1200.0,1177.2,93.86437887900443,Premium
1917,8047.0,7894.107,100.26142494746826,Occasional
1919,130632.35,128150.33535000001,98.46043855403515,Standard
1920,10075.0,9883.575,98.89953521560993,Standard
1938,23482.861,23036.686641,97.16320055692518,Standard
1941,68194.58,66898.88298,88.80448480588701,Occasional
1947,5270.6,5170.4586,94.49842261821944,Standard
1950,697.162,683.915922,97.18307538237913,Occasional
1952,893.1,876.1311000000001,99.97339453769972,Occasional
1953,35.7,35.0217,90.4787996333901,Standard
1955,4605.57,4518.06417,96.69457757396955,Premium
1961,0.0,0.0,104.08503512533524,Occasional
1966,1444.8290000000002,1417.3772490000001,94.71042026288664,Premium
1971,622.1,610.2801000000001,98.78694514379981,Standard
1976,166278.05,163118.76705,99.98871487860859,Occasional
1978,751.9,737.6139,109.1615845744939,Premium
1981,1484.93,1456.71633,93.44659660169322,Occasional
1983,82707.734,81136.287054,99.99941193376641,Occasional
1984,15101.6,14814.6696,95.86785175048293,Occasional
1985,273.0,267.813,90.04798428969441,Occasional
1986,297812.048,292153.619088,100.22570284274872,Premium
1991,579.34,568.33254,106.22891871796863,Standard
1992,41083.962,40303.366722,97.6120823405986,Standard
1998,52835.062,51831.195821999994,91.69645158482494,Occasional
2000,94.61,92.81241,95.838513839666,Occasional
2011,1937.819,1901.000439,102.3354980279727,Premium
2012,292.4,286.84439999999995,94.06510552731183,Premium
2013,9055.679,8883.621099,96.4020649758386,Occasional
2014,71902.671,70536.520251,98.13073781646227,Occasional
2017,805.611,790.304391,92.55900664119197,Occasional
2022,1232.385,1208.969685,105.88327491123181,Standard
2025,20681.0,20288.060999999998,92.94514696199722,Standard
2027,14516.521,14240.707101,105.23308669027449,Occasional
2028,46448.597,45566.073657,94.84363662139222,Occasional
2030,488652.578,479368.17901799997,105.41390280890674,Standard
2032,442.0,433.602,98.00141558532275,Standard
2033,12379.673,12144.459213,96.84563075571555,Occasional
2034,5264.98,5164.945379999999,97.81144677886633,Occasional
2036,234.529,230.072949,102.96789048250214,Standard
2039,17579.92,17245.90152,96.69863534385824,Occasional
2046,647.425,635.123925,102.90633820138954,Occasional
2047,620.99,609.19119,109.83540547152627,Premium
2053,138289.953,135662.44389300002,105.54357907663388,Standard
2057,1282.46,1258.09326,98.57099539398453,Occasional
2058,4422.162,4338.1409220000005,96.84500847941919,Occasional
2068,11359.308,11143.481148,98.05415050207816,Occasional
2069,6874.005,6743.398905,94.37517255832311,Occasional
2077,351.9,345.21389999999997,102.79832894383196,Standard
2081,150050.947,147199.979007,97.4352034901267,Premium
2090,1947.585,1910.580885,94.61177114838297,Occasional
2091,48827.433,47899.711772999995,99.3193745329647,Occasional
2096,4563.555,4476.847455,93.73431829952129,Premium
2097,2800.023,2746.822563,100.68366737478793,Occasional
2099,22381.605,21956.354505,96.21915316449342,Occasional
2107,1099.956,1079.056836,97.72509872544606,Standard
2108,377.126,369.960606,97.4101304163366,Standard
2119,877.1999999999999,860.5332,93.32727506362795,Occasional
2122,326.665,320.458365,101.5275032438805,Standard
2128,174833.764,171511.92248399998,88.69042659608344,Occasional
2136,8539.092,8376.849252,100.15743306590889,Occasional
2142,4159.9710000000005,4080.9315510000006,99.65429081171696,Standard
2148,3024.96,2967.48576,99.7298762421091,Premium
2156,896046.0,879021.1259999999,102.7825077165057,Occasional
2157,393.9,386.41589999999997,104.57570828205792,Occasional
2158,504.37,494.78697,105.5928301761647,Occasional
2162,3118.542,3059.289702,94.91848077672847,Standard
2166,1022.875,1003.440375,91.48006010648477,Standard
2168,5884.549,5772.742569,102.02677653711078,Occasional
2178,3201.761,3140.927541,98.89346471627613,Standard
2180,5463.741,5359.929921,101.02262758139803,Occasional
2184,9431.169,9251.976789,96.35220741746653,Premium
2191,432.0,423.792,98.08940433282021,Occasional
2194,1511.91,1483.18371,104.74024250993608,Occasional
2197,98620.016,96746.235696,97.70637163703486,Occasional
2200,240342.808,235776.29464799998,98.57576169242677,Standard
2201,1403.15,1376.49015,99.55088241229514,Premium
2202,214.8,210.71880000000002,90.47032094965067,Standard
2207,442.0,433.602,98.93211504504764,Occasional
2209,357.255,350.467155,102.99884815018952,Premium
2210,108842.218,106774.215858,95.79229953754772,Premium
2211,1797.04,1762.89624,100.21037508377864,Standard
2216,11524.991,11306.016171,99.97503909436068,Occasional
2220,221.0,216.801,96.01989449603597,Occasional
2221,2159.0,2117.979,105.58857125138323,Occasional
2222,280.9,275.56289999999996,103.34242670032265,Standard
2223,1659.1999999999998,1627.6752,100.10804261018734,Occasional
2226,59581.017,58448.977676999995,98.70198271651512,Standard
2228,9960.894,9771.637014,95.7037936650371,Occasional
2233,192128.421,188477.981001,96.56908861064966,Standard
2234,1012.423,993.186963,90.8335019351867,Standard
2235,617.368,605.638008,96.70511774380137,Occasional
2236,503.97,494.39457000000004,91.08933632598445,Occasional
2237,393.016,385.548696,103.68370972389056,Standard
2242,1606.5,1575.9765,95.16132604895921,Standard
2244,286.79999999999995,281.35079999999994,91.5415513195704,Occasional
2248,869.62,853.09722,99.7053437821567,Premium
2252,3639.05,3569.90805,107.34307409595989,Standard
2255,371.994,364.92611400000004,95.04914810374348,Standard
2256,1616.3049999999998,1585.5952049999999,93.50861796012781,Occasional
2257,1063.3,1043.0973,97.22399718995854,Premium
2262,986.305,967.5652049999999,102.68322668521454,Occasional
2264,2.0,1.962,98.58236350339511,Occasional
2266,66.695,65.42779499999999,95.96557103315624,Occasional
2271,668.645,655.940745,103.48503319707783,Standard
2273,768686.387,754081.345647,91.36351183457595,Standard
2279,798.145,782.980245,97.39049981924869,Occasional
2286,1007.55,988.4065499999999,89.85968561957505,Occasional
2295,197813.77,194055.30836999998,101.13046651633456,Standard
2296,233323.407,228890.262267,89.53397383417138,Standard
2298,620.99,609.19119,90.54973578542226,Standard
2304,30.2,29.626199999999997,100.71658109835622,Standard
2306,215.2,211.1112,95.89802926410839,Standard
2307,359.411,352.582191,99.58941971577177,Premium
2308,5748.9,5639.670899999999,107.45777436096859,Occasional
2309,489.6,480.2976,96.81683768546735,Occasional
2310,2.2,2.1582000000000003,102.08492514593485,Standard
2319,1179.915,1157.496615,100.44166743691213,Standard
2320,22421.559,21995.549379,109.70596022388675,Standard
2323,655.5,643.0455,101.22478926229506,Occasional
2325,214.8,210.71880000000002,103.25792030921468,Standard
2328,1145.505,1123.740405,105.96254482296554,Standard
2332,58300.182,57192.478542,98.98880217317358,Occasional
2341,328.5,322.25849999999997,95.18536881154387,Occasional
2345,489.6,480.2976,104.46678357683402,Occasional
2346,442.0,433.602,103.25408570488909,Occasional
2347,2786.4,2733.4584,95.77478468564112,Standard
2351,4.0,3.924,100.88100956359727,Occasional
2366,5997.509,5883.556329,98.55895853528394,Occasional
2367,5191.157999999999,5092.525997999999,92.78654371493454,Standard
2382,48754.743,47828.402883,106.07645000353021,Premium
2384,3036.52,2978.8261199999997,92.59886743092328,Occasional
2390,3526.739,3459.730959,98.79923490263812,Occasional
2395,214.8,210.71880000000002,94.63601703957582,Occasional
2399,0.0,0.0,104.21335093522916,Occasional
2400,101516.089,99587.283309,97.90243903387064,Occasional
2405,966.3,947.9403,89.32166616932791,Occasional
2408,221.0,216.801,96.65007415254036,Occasional
2413,14872.212,14589.639971999999,100.86385025394587,Standard
2414,334.51,328.15431,103.28054323901635,Standard
2423,3186.337,3125.796597,92.54427333338059,Standard
2425,13345.643,13092.075783,95.4167588813271,Standard
2427,782.0,767.1419999999999,90.22951393210278,Occasional
2429,699.255,685.969155,91.10418525147689,Occasional
2430,656.2,643.7322,99.70404239736031,Standard
2432,1117.643,1096.407783,96.21844400801562,Standard
2433,574.584,563.6669039999999,92.12073489500129,Premium
2436,846.876,830.785356,100.62655823891566,Occasional
2437,3838.381,3765.451761,102.90314855077858,Occasional
2438,465.7000000000001,456.8517000000001,97.49983840942815,Occasional
2440,23980.814,23525.178534,92.83227852492986,Standard
2441,25195.872,24717.150432,102.25478353619741,Standard
2450,4964.853999999999,4870.521773999999,107.35123715673251,Occasional
2452,135.47,132.89607,102.94503044232569,Standard
2456,32092.695,31482.933795,96.06320780567948,Standard
2462,2542471.593,2494164.632733,81.44978680868999,Occasional
2465,1958.418,1921.208058,101.27249222660012,Occasional
2466,40296.364,39530.733084,91.56786618466573,Standard
2469,2007.75,1969.60275,94.98034872690795,Occasional
2474,751.5,737.2215,88.19133905814995,Premium
2475,3633.84,3564.79704,94.44369849898126,Standard
2477,221.0,216.801,89.21712540221887,Premium
2479,3197.565,3136.811265,97.05738336071707,Occasional
2482,37746.045,37028.870145,100.33582439421876,Standard
2489,7639.42,7494.27102,95.72210733153172,Occasional
2491,805.0699999999999,789.7736699999999,97.96832407934458,Occasional
2492,4455.951,4371.287931,94.26888577041706,Premium
2494,7874.858,7725.235698,99.3695069225639,Standard
2496,6160.652,6043.599612,94.16670989455176,Occasional
2497,4246.200000000001,4165.5222,89.86723274765072,Occasional
2500,1220.2,1197.0162,108.34961094810124,Occasional
2503,19178.42,18814.03002,98.5467379095484,Premium
2505,1008.94,989.7701400000001,102.55257731519482,Occasional
2509,3688.0,3617.928,96.18391628634362,Occasional
2512,4326.2,4244.0022,104.52161016189726,Occasional
2514,215.2,211.1112,94.85954691675867,Occasional
2519,70876.543,69529.888683,93.72436366193047,Premium
2520,7881.915,7732.158615,106.12705133397047,Occasional
2524,1100.0,1079.1,94.78379017355698,Premium
2533,280.9,275.56289999999996,105.35693440858918,Occasional
2537,501.0,491.481,94.23358921522394,Occasional
2540,2724.26,2672.49906,99.71951118708006,Occasional
2541,1648.1,1616.7860999999998,86.42606289307082,Occasional
2546,41176.544,40394.189664,101.20990013445792,Occasional
2553,1647.7,1616.3937,102.03899820789472,Standard
2557,524.653,514.6845930000001,99.38178603111555,Standard
2562,257.055,252.170955,96.43637996232603,Standard
2568,345.315,338.754015,92.64655304137834,Premium
2579,82113.322,80553.168882,93.52496499423093,Premium
2584,11012.366,10803.131046,101.36012505694742,Occasional
2587,2359.645,2314.811745,102.61669047965864,Standard
2590,480441.548,471313.158588,95.09963687704858,Standard
2593,561.0,550.341,95.84156270373786,Standard
2595,1.0,0.981,94.92616763577115,Standard
2596,5452.476000000001,5348.8789560000005,102.04952530710709,Occasional
2597,2135802.035,2095221.796335,93.32748533641507,Standard
2599,943.9,925.9658999999999,92.3834843189682,Occasional
2603,161.5,158.4315,102.56327255330727,Standard
2604,1.0,0.981,90.35139832765506,Occasional
2608,2024.7,1986.2307,101.96282328298621,Premium
2610,719.4,705.7314,98.06041653755541,Occasional
2611,24035.826,23579.145306000002,100.26256916930033,Occasional
2615,7054.039,6920.012259,98.67886484432714,Occasional
2628,8.0,7.848,105.29673020605168,Occasional
2630,647.42,635.11902,87.58749393624736,Occasional
2634,57719.785,56623.109085000004,91.10554924081688,Occasional
2635,1212.788,1189.745028,101.34118997358118,Occasional
2643,1515.673,1486.875213,91.88575061910066,Standard
2647,8894.717,8725.717377,92.15261308982001,Occasional
2648,2444.967,2398.512627,96.0525034540835,Premium
2654,41644.299,40853.057319,98.03395922634408,Occasional
2655,1125.579,1104.1929989999999,102.0140016298224,Occasional
2656,17720.186999999998,17383.503447,97.56640632370363,Standard
2662,13371.982,13117.914342,99.23977508449822,Standard
2663,6677.0,6550.137,95.2091541586772,Standard
2665,153.52499999999998,150.60802499999997,100.83681530488184,Premium
2667,1484.8,1456.5888,104.71353711499636,Occasional
2668,98345.658,96477.09049799999,91.31147670924051,Occasional
2669,227.1,222.7851,92.27352939766766,Standard
2670,468.87,459.96147,93.55294546355833,Occasional
2672,617.06,605.3358599999999,94.28361242780163,Standard
2674,6386.319,6264.9789390000005,103.81873681295176,Standard
2676,0.0,0.0,92.80167003276105,Standard
2683,26155.527,25658.571987,103.40453691769193,Occasional
2691,1095.0,1074.195,93.88917743028078,Standard
2692,4534.9,4448.7369,95.49538860126815,Occasional
2693,5685.72,5577.69132,100.68781131707019,Standard
2697,1401.4,1374.7734,96.91208477819312,Premium
2699,1064.69,1044.46089,99.42445939348484,Standard
2705,600.0,588.6,94.59343187079449,Occasional
2707,55818.55499999999,54758.002454999994,103.47010786841246,Premium
2709,268748.217,263642.000877,81.94062807964337,Premium
2710,2062.08,2022.9004799999998,92.493205711668,Premium
2711,0.0,0.0,100.81146701350163,Standard
2712,3533.14,3466.01034,102.11961169021419,Occasional
2717,2110.943,2070.8350830000004,86.8973827662657,Premium
2729,1917.066,1880.641746,103.44342660440071,Occasional
2730,11639.592,11418.439752,101.2746797869722,Standard
2731,1754.4,1721.0664000000002,97.71339323238637,Occasional
2743,133.25,130.71825,81.09856740570163,Occasional
2745,0.6,0.5886,92.57522482593843,Occasional
2746,3693.134,3622.964454,110.5912612397714,Occasional
2748,1609.781,1579.1951609999999,96.05078228606858,Occasional
2749,13256.182,13004.314542,102.71770031103804,Occasional
2751,90840.903,89114.925843,93.1549558988911,Standard
2752,2630.175,2580.2016750000003,103.89947567147598,Occasional
2758,1.6,1.5696,99.8348152575317,Standard
2759,1781.9,1748.0439000000001,92.4383225207209,Occasional
2760,541425.664,531138.576384,91.02626138999992,Occasional
2761,4621.86,4534.04466,99.13501528760018,Standard
2771,841.9,825.9038999999999,98.82817552722382,Occasional
2772,1647.8000000000002,1616.4918000000002,92.6653738081162,Occasional
2773,304808.062,299016.70882199996,105.03134675926987,Standard
2780,894.9000000000001,877.8969000000001,101.93458926940238,Premium
2786,8816.247,8648.738307,98.31898799576746,Standard
2787,94235.469,92444.99508899999,105.42699351199616,Standard
2790,1.0,0.981,90.89270672124846,Premium
2791,27856.923,27327.641463,103.59355304368114,Premium
2797,1920.0,1883.52,95.93670094139675,Occasional
2802,214.8,210.71880000000002,100.99669181264706,Premium
2804,611.595,599.974695,88.43262218684059,Occasional
2805,117762.191,115524.709371,91.47203483014819,Occasional
2807,885.408,868.585248,90.4273781929932,Occasional
2809,221.0,216.801,90.45498665155796,Occasional
2812,9520.632,9339.739991999999,96.64512827235468,Occasional
2813,3526071.134,3459075.782454,96.3555405714238,Standard
2814,1842.318,1807.313958,93.9262119690045,Occasional
2815,503.97,494.39457000000004,98.73207352300884,Premium
2819,6392.237999999999,6270.785477999999,102.33789848451273,Occasional
2820,100255.73,98350.87113,102.03249744927786,Occasional
2824,37023.459,36320.013279,104.74312464208467,Occasional
2831,200.0,196.2,104.21693933292096,Standard
2832,4367.186,4284.209465999999,97.15278513472464,Standard
2834,12301.766,12068.032446,100.35505716393797,Occasional
2842,1034920.532,1015257.041892,101.08236277183384,Standard
2843,56637.271,55561.162851,100.52880313359545,Premium
2845,89338.288,87640.860528,96.05608342180604,Standard
2849,0.6,0.5886,90.70847164552683,Occasional
2854,214.0,209.934,97.31457891068987,Occasional
2855,0.0,0.0,98.17705781731776,Standard
2860,10569.083,10368.270423,96.64583985909242,Premium
2863,1761.81,1728.3356099999999,94.1301994047877,Standard
2864,17574.101000000002,17240.193081,98.00849051727748,Occasional
2865,25417.017,24934.093677,101.5672569970037,Occasional
2869,13806.113,13543.796853,92.20201122242642,Standard
2873,5337.531,5236.117911,105.07626071638872,Occasional
2874,30960.0,30371.76,101.73057036027046,Premium
2875,181.5,178.0515,93.90481186476552,Occasional
2877,228577.932,224234.95129199998,93.77175604532874,Standard
2878,61.885,60.709185,87.78320334952893,Occasional
2879,13790.0,13527.99,96.84235786451278,Occasional
2880,5396.19,5293.6623899999995,92.7754018823953,Premium
2881,9482.48,9302.31288,103.02685886780921,Occasional
2883,1255.0,1231.155,95.12708880442136,Occasional
2884,3878.499,3804.807519,101.26668923418158,Premium
2885,4684.95,4595.93595,89.73282875409755,Occasional
2888,5497.47,5393.01807,105.34959218681857,Occasional
2889,794.1400000000001,779.0513400000001,104.50792215811788,Occasional
2896,6682.191,6555.229370999999,102.50782893599383,Premium
2898,45813.0,44942.553,109.57263238205682,Occasional
2899,1039402.515,1019653.867215,95.31098958357491,Premium
2900,13663.478,13403.871917999999,99.31838849643626,Premium
2901,83752.03300000001,82160.74437300001,97.08278968209758,Premium
2902,59103.696,57980.725776,93.49241136307195,Standard
2903,5258.167,5158.261827,90.46612249482132,Occasional
2904,3021.9,2964.4839,95.67113649544353,Occasional
2905,19550.0,19178.55,103.73733955672755,Occasional
2906,634898.71,622835.63451,92.48146425092239,Standard
2908,85191.196,83572.563276,99.12991745878718,Standard
2909,540783.003,530508.125943,95.58271132229311,Occasional
2910,30964.49,30376.16469,107.67295035450124,Occasional
2911,331357.974,325062.172494,98.51342629335734,Standard
2912,5509.6900000000005,5405.00589,93.62266968468221,Standard
2913,3580.7,3512.6666999999998,98.80291942039902,Occasional
2917,51997.1,51009.155099999996,97.67658769192212,Premium
2921,327677.4,321451.5294,98.6226055610274,Occasional
2922,1.7999999999999998,1.7657999999999998,90.36159445231846,Standard
2924,2943.48,2887.55388,89.86652982637733,Occasional
2926,2245.752,2203.082712,101.2973543273893,Standard
2927,537.3,527.0912999999999,100.27338364667901,Premium
2931,19629.938,19256.969178,99.1717019248757,Standard
2935,1326397.71,1301196.1535099999,86.63892879338951,Standard
2936,591918.666,580672.211346,102.44521485312436,Occasional
2937,663.0,650.403,102.45010423013666,Standard
2938,8031.69,7879.08789,100.82664397007986,Occasional
2941,30523.5,29943.553499999998,90.81348092567428,Occasional
2943,1803.675,1769.4051749999999,97.20235432950814,Occasional
2944,2665.0,2614.365,96.9374286391679,Standard
2947,1.0,0.981,102.99536812520525,Occasional
2948,1.7999999999999998,1.7657999999999998,94.7471746450787,Standard
2954,9863.202,9675.801162,90.58367934622747,Occasional
2956,13317.63,13064.595029999999,88.95758129618126,Premium
2957,2.0,1.962,95.55149206935366,Standard
2960,5750.593,5641.331733,95.6185064456069,Occasional
2963,1800.0,1765.8,112.06430484451448,Occasional
2965,1510.125,1481.432625,106.870655855874,Occasional
2966,18719.325,18363.657825000002,100.2481222427703,Standard
2967,2320.0,2275.92,96.21155808791622,Standard
2968,1511.0,1482.291,103.23005899789824,Standard
2969,2628.0,2578.0679999999998,99.117664698885,Occasional
2970,3257.3,3195.4113,105.25157349825318,Occasional
2971,26062.17,25566.988769999996,98.62991954347626,Occasional
2972,13560.0,13302.36,93.64651459861354,Standard
2973,1348.055,1322.441955,81.58169264342195,Occasional
2974,1722.9299999999998,1690.1943299999998,94.58362559086112,Occasional
2975,859.2,842.8752000000001,99.0395556076641,Occasional
2976,4009.2,3933.0251999999996,98.14063581246664,Standard
2979,10902.0,10694.862,96.1807461982307,Occasional
2980,6017.797,5903.458857,92.73483176096964,Occasional
2981,1510.125,1481.432625,108.68651507446134,Standard
2983,644.4000000000001,632.1564000000001,94.53029430458298,Occasional
2984,1511.91,1483.18371,94.79974974971549,Standard
2985,2735.235,2683.265535,106.57290906341564,Premium
2986,1497.2420000000002,1468.7944020000002,94.55554782159972,Standard
2987,668.8349999999999,656.127135,95.98729162093288,Standard
2988,304.665,298.876365,107.87972320079247,Occasional
2989,137006.956,134403.823836,91.56588020366905,Occasional
2990,440013.38,431653.12578,101.3430688342561,Occasional
2992,7887.599999999999,7737.735599999999,94.60529646099977,Occasional
2993,50129.324,49176.866844,106.6940006633193,Premium
2995,0.0,0.0,96.61386231977701,Standard
2996,99579.415,97687.40611499999,109.12456807040343,Occasional
2997,10628.453,10426.512392999999,94.2202929067971,Premium
2998,821.502,805.8934619999999,97.22263236806494,Premium
2999,663.0,650.403,95.85532571204385,Occasional
3002,362697.69,355806.43389,93.66782355663474,Occasional
3003,5385.37,5283.04797,98.85519460236729,Standard
3004,216.3,212.1903,94.76480770679134,Occasional
3005,1085.9,1065.2679,93.95974444307478,Occasional
3006,2374.919,2329.7955389999997,96.70547501844956,Standard
3007,20718.888,20325.229128,100.00823823160748,Standard
3008,399862.033,392264.65437299997,93.78972762319688,Standard
3009,78.545,77.052645,104.38468687099858,Standard
3010,280.9,275.56289999999996,104.45679331130103,Standard
3014,663.0,650.403,99.8977930462495,Occasional
3015,1223.74,1200.48894,103.26837825014003,Premium
3016,663.0,650.403,100.79141207136138,Occasional
3017,2036.685,1997.987985,90.60492116419017,Occasional
3018,257.055,252.170955,90.93139337563846,Premium
3019,801.1560000000001,785.934036,104.11467930638265,Standard
3020,5550.78,5445.31518,100.90481528736075,Premium
3021,309855.158,303967.909998,95.98181031008747,Standard
3022,29085.018,28532.402658,100.32620556760098,Standard
3023,766442.02,751879.62162,103.47309276887276,Occasional
3024,108000.0,105948.0,103.18346357896824,Occasional
3025,59944.95,58805.99595,89.76030062289101,Standard
3026,18403.35,18053.68635,93.41867137456737,Standard
3028,3624.0,3555.144,100.53004328687625,Standard
3030,1445.4,1417.9374,94.65703874529429,Occasional
3031,137552.22,134938.72782,88.95299553346965,Occasional
3032,12198.75,11966.97375,104.20424710389494,Occasional
3034,150964.415,148096.09111500002,96.75608367743448,Standard
3037,71122.4,69771.0744,102.78655760305138,Occasional
3038,2062.1000000000004,2022.9201000000003,105.70081130518855,Occasional
3039,860.2,843.8562000000001,103.2589354121252,Occasional
3041,788.226,773.249706,95.24116477040907,Premium
3042,194.4,190.7064,108.20322658275249,Occasional
3043,291.909,286.362729,101.78590283366363,Occasional
3047,2639.26,2589.1140600000003,102.63187488830896,Premium
3048,62570.509,61381.669329,95.24390045986276,Premium
3049,2340.0,2295.54,96.67120111501418,Premium
3050,8279.699,8122.384719000001,91.85040008328885,Occasional
3051,15795.545999999998,15495.430625999998,98.62810150220322,Occasional
3052,5247.0,5147.307,90.62832108590217,Occasional
3054,5149.5,5051.6595,96.29775131553357,Occasional
3055,795.0,779.895,93.02880032013555,Standard
3056,4946.1,4852.1241,92.04249358594964,Standard
3057,2697.25,2646.00225,102.3060659657312,Occasional
3058,3847.095,3774.0001949999996,102.61958298057823,Standard
3060,477.264,468.195984,107.83439312361703,Occasional
3061,943.9,925.9658999999999,104.24206536986156,Occasional
3062,3030.523,2972.943063,92.68198179915979,Occasional
3063,4074324.398,3996912.234438,101.90068477343299,Standard
3064,2997.9,2940.9399,101.32815575928538,Occasional
3066,2355.24,2310.4904399999996,99.37284929726907,Occasional
3067,16384.538,16073.231778,106.06949898529135,Standard
3068,1037.816,1018.097496,98.57526443008464,Standard
3069,4619.017,4531.255677,95.45431478931923,Occasional
3070,877.1999999999999,860.5332,99.56339010301005,Occasional
3071,710.0,696.51,104.86278047451046,Standard
3073,943.257,925.335117,94.64060739555127,Occasional
3074,1763.0100000000002,1729.5128100000002,97.63472552129902,Occasional
3075,2894.1,2839.1121,101.63822499935745,Standard
3076,2753.1,2700.7911,93.68888074526518,Occasional
3077,496758.493,487320.081633,94.9538008391323,Premium
3078,5852.924,5741.718444,108.11597288390321,Standard
3079,1511.91,1483.18371,98.38931524978696,Standard
3080,877.1999999999999,860.5332,96.47570281450403,Occasional
3081,119325.453,117058.269393,102.98777806450725,Standard
3082,342.735,336.223035,104.89401340733968,Occasional
3083,1.6,1.5696,108.66215530071247,Occasional
3084,2295.739,2252.119959,100.91328756150477,Standard
3085,8115.0,7960.815,104.30047140625067,Occasional
3086,1002.0,982.962,99.75103052317911,Standard
3087,165794.0,162643.914,87.77246909617944,Premium
3088,454318.268,445686.22090799996,97.17303725776054,Premium
3090,1511.91,1483.18371,103.65722073709846,Occasional
3091,1704.856,1672.463736,101.7104228275789,Premium
3092,5640.0,5532.84,92.44886194172213,Premium
3093,10361.7,10164.8277,100.62584809643188,Occasional
3097,4041.164,3964.3818840000004,96.37894147924703,Standard
3098,116.6,114.38459999999999,105.53791231588686,Occasional
3099,2459.9,2413.1619,101.63064467390889,Premium
3101,14316.5,14044.486499999999,93.31248555117588,Standard
3103,37000.0,36297.0,98.59816575047705,Premium
3105,23686.794,23236.744914000003,91.87738359389495,Standard
3107,14344.2,14071.6602,91.75142592452936,Occasional
3108,321.72,315.60732,101.0961649040588,Occasional
3109,14311.427,14039.509887,96.91732927129762,Premium
3110,12145.166,11914.407845999998,100.90883915447456,Standard
3111,181849.525,178394.38402499998,91.80555978947359,Occasional
3112,93548.075,91770.66157499999,97.6333331992738,Occasional
3114,376509.929,369356.24034899997,88.34305620798634,Standard
3115,9316.955,9139.932855,98.51173827159425,Premium
3116,604.8149999999999,593.3235149999999,98.24551110663569,Standard
3117,21290.885,20886.358184999997,96.60012631543417,Standard
3118,7459.136,7317.412416,96.61399295888984,Standard
3119,16258.883,15949.964222999999,106.96352095424649,Occasional
3120,2363.675,2318.765175,94.68559009697441,Standard
3121,25204.023,24725.146563000002,93.942173350798,Occasional
3122,11287.298,11072.839338,98.36319667299784,Occasional
3123,2780.42,2727.59202,94.67446550490831,Standard
3124,81524.707,79975.73756699999,96.89861199759878,Occasional
3125,17213.922,16886.857482,95.93699410675792,Standard
3126,15224.5,14935.2345,90.52286005379588,Standard
3128,14870.1,14587.5681,103.01294858067811,Standard
3129,29653.22,29089.808820000002,99.18453278214164,Standard
3130,9450.0,9270.45,93.55362933312979,Standard
3131,2786.4,2733.4584,94.4803961925858,Occasional
3132,2751.9,2699.6139,94.96427258682593,Occasional
3136,5279.974,5179.654494,93.56919390068495,Standard
3137,80044.461,78523.616241,96.1081308848529,Standard
3138,22462.788,22035.995028,100.23183726072808,Standard
3139,149.37,146.53197,93.4725800301091,Standard
3140,9542.145,9360.844245,100.00831487893608,Standard
3141,32642.1,32021.9001,88.51435090369039,Standard
3142,10983.989,10775.293209,89.9310052474648,Occasional
3143,1511.91,1483.18371,94.09860674979164,Standard
3144,2394.9,2349.3969,97.9177108020325,Standard
3145,5292.942,5192.376102,100.39905500976843,Standard
3146,27858.686,27329.370966000002,101.10017218006372,Occasional
3147,3679.4,3609.4914,96.39164517257778,Premium
3148,883.65,866.86065,101.36816835998667,Standard
3150,3183.924,3123.429444,93.44607141806847,Premium
3151,61103.7,59942.729699999996,93.59828598313491,Occasional
3152,9409.8,9231.013799999999,93.9691051637493,Standard
3153,2451.04,2404.47024,90.71415465961363,Standard
3154,8664.047,8499.430107,93.32398819733407,Standard
3155,291.4,285.86339999999996,88.62573105754514,Standard
3156,265.38,260.33778,97.29308984906113,Occasional
3157,28506.577,27964.952037,100.57704201878167,Standard
3159,43533.154,42706.024074,97.88065770967611,Occasional
3162,2290.17,2246.65677,94.42435494356727,Standard
3164,4619.146,4531.382226,110.389537959769,Standard
3166,8027.510999999999,7874.988290999999,94.95358129568534,Occasional
3167,19899.325,19521.237825,106.83932662611629,Occasional
3169,282.34000000000003,276.97554,99.29820062275066,Occasional
3170,2932.504,2876.786424,92.776458736495,Occasional
3172,358.2,351.39419999999996,98.05481481413257,Standard
3173,250.5,245.7405,93.5759877997149,Occasional
3174,1587.2800000000002,1557.1216800000002,91.84891292234711,Occasional
3175,10502.088,10302.548327999999,100.55094287408582,Occasional
3176,9749.273,9564.036812999999,98.55724448887405,Standard
3177,43524.282,42697.320642,91.75557661172192,Occasional
3178,1930.82,1894.1344199999999,101.35410819759565,Standard
3179,1100.0,1079.1,100.58651411832713,Occasional
3181,157.085,154.10038500000002,95.58101286532978,Occasional
3182,4319.74,4237.66494,99.5773939250793,Premium
3184,524.8,514.8288,100.3405095488012,Standard
3185,501.0,491.481,99.62050159692791,Premium
3186,11221.382,11008.175742,100.45556482970042,Premium
3187,11723.826,11501.073305999998,106.91748367415377,Occasional
3188,3656.099,3586.633119,99.42380020809539,Occasional
3189,65324.452000000005,64083.287412000005,101.26833802826155,Premium
3191,9196.683,9021.946023,104.81625665758244,Premium
3192,122629.26,120299.30406,103.04302054379855,Occasional
3193,280.9,275.56289999999996,98.09171916620863,Occasional
3194,34373.36,33720.26616,111.9676483503892,Occasional
3195,23591.652,23143.410612,99.80580444839491,Occasional
3196,982.96,964.28376,93.32788837318776,Premium
3197,196.95,193.20794999999998,99.65911950438377,Premium
3198,350.09000000000003,343.43829000000005,94.63782294774877,Premium
3199,16772.782,16454.099142,97.95300806393591,Standard
3200,2444.14,2397.7013399999996,108.20103483628543,Premium
3201,8954.895,8784.751995,100.47752884830497,Standard
3202,721.992,708.274152,92.04555979242004,Premium
3203,5602.28,5495.836679999999,102.90491794781111,Standard
3204,9450.0,9270.45,98.49199405108482,Standard
3205,2377.178,2332.011618,98.09245946228694,Standard
3206,3119.622,3060.349182,102.39805087713984,Occasional
3207,107.571,105.52715099999999,100.6097385258459,Premium
3208,420.376,412.388856,98.2313736870234,Premium
3209,1007.94,988.7891400000001,102.69162518253702,Occasional
3211,442.0,433.602,100.64963334877085,Occasional
3212,3130.0,3070.5299999999997,96.36205034457954,Occasional
3213,243.78,239.14818,99.05302191877047,Occasional
3214,607.5999999999999,596.0555999999999,93.44591282126635,Occasional
3215,76089.25499999999,74643.559155,93.046720070219,Occasional
3216,44225.955,43385.661855,102.40046833168817,Occasional
3217,988.31,969.5321099999999,97.38301975508192,Standard
3218,3784.36,3712.45716,100.02940166062223,Occasional
3219,195.165,191.456865,94.14709378401758,Standard
3220,501.0,491.481,94.97174858337814,Premium
3222,1934.425,1897.670925,103.04686053165159,Premium
3223,214.8,210.71880000000002,100.64292742702192,Standard
3224,92489.44,90732.14064,97.71573008537348,Occasional
3225,442.0,433.602,97.68834182789688,Premium
3226,555.836,545.275116,106.73315865506632,Occasional
3227,1745.16,1712.00196,92.72193572755099,Standard
3228,544.0799999999999,533.7424799999999,92.98841761399629,Standard
3229,201.73,197.89712999999998,99.65080715876289,Standard
3231,221.0,216.801,94.99429664194994,Standard
3232,1120.28,1098.99468,102.71721102051146,Premium
3234,250.5,245.7405,97.922796606516,Occasional
3235,98371.847,96502.781907,97.9395838248718,Occasional
3238,35325.705,34654.516605000004,95.389422319976,Standard
3239,314.222,308.251782,92.70780933361644,Standard
3240,7821.0,7672.401,101.27821081178286,Premium
3241,1734.247,1701.296307,99.49119417237429,Standard
3242,120.79,118.49499,100.17264162257578,Standard
3243,59619.884,58487.106203999996,96.56853722033925,Occasional
3245,170847.99,167601.87819,99.29326061529277,Occasional
3246,12393.783,12158.301123,93.04414619650036,Standard
3248,10660.8,10458.244799999999,92.21875418859825,Standard
3249,8231.778,8075.374218,97.1848033507639,Occasional
3250,5804.432,5694.147792,99.24430450863707,Standard
3251,9304.16,9127.38096,105.58336742902179,Occasional
3252,503.97,494.39457000000004,91.59288671393392,Standard
3253,1141.288,1119.603528,94.79597741895172,Occasional
3254,1112.5,1091.3625,98.41942955583998,Occasional
3255,1005.42,986.31702,98.93340869087216,Standard
3257,405.815,398.104515,90.50461656373376,Occasional
3258,50.0,49.05,96.52199892608928,Occasional
3259,292.4,286.84439999999995,100.03824229469407,Occasional
3260,503.97,494.39457000000004,98.57809584172458,Occasional
3261,292.4,286.84439999999995,103.58993088762375,Standard
3262,4573.979,4487.073399,93.96469223565948,Occasional
3263,781.2239999999999,766.3807439999999,94.12631202495466,Occasional
3266,6835.621,6705.744201,89.98331328262628,Occasional
3267,214.8,210.71880000000002,93.74529995646408,Occasional
3268,363668.408,356758.708248,95.27940534702218,Standard
3270,21165.426000000003,20763.282906000004,90.88939675224914,Standard
3271,14280.51,14009.18031,101.45605816755861,Standard
3273,18339.295,17990.848394999997,101.24611519573924,Standard
3274,987.72,968.95332,88.14888065912518,Premium
3275,292.4,286.84439999999995,95.70663969337562,Premium
3276,471.54,462.58074,91.24537050436705,Standard
3277,836.5799999999999,820.6849799999999,90.7391353039163,Standard
3278,429.6,421.43760000000003,92.90105441893844,Occasional
3279,429.6,421.43760000000003,115.63819881960089,Standard
3280,501.4,491.87339999999995,96.23012136136701,Standard
3282,215.4,211.3074,102.18714112482807,Occasional
3285,83506.396,81919.77447599999,97.82819266703925,Standard
3287,430.0,421.83,103.47120430344455,Occasional
3288,25393.31,24910.83711,105.20436713796114,Occasional
3289,4053.695,3976.674795,94.67274219177321,Occasional
3290,49056.74,48124.66194,99.72338441924099,Occasional
3293,1670.99,1639.24119,101.58923339771309,Occasional
3294,1300.0,1275.3,86.73244216487333,Standard
3295,489.6,480.2976,107.7848850766865,Standard
3297,6988.396000000001,6855.616476,98.114778835875,Occasional
3298,859.023,842.701563,98.90948773125834,Occasional
3300,28226.75,27690.441749999998,92.63801114458869,Occasional
3301,180.29,176.86449,84.70308735412151,Occasional
3302,221.0,216.801,92.61613969283046,Occasional
3304,477.19999999999993,468.13319999999993,94.71291367133436,Standard
3305,2017.453,1979.121393,94.28049139495474,Occasional
3306,29090.675,28537.952175,102.9089264120798,Premium
3307,3200.0,3139.2,95.19959250816683,Premium
3310,1029.964,1010.3946839999999,92.5971436757516,Occasional
3311,2344.3720000000003,2299.8289320000003,102.68172047438796,Standard
3312,21282.84,20878.46604,98.99922302438927,Occasional
3313,86.285,84.645585,100.70649197206986,Occasional
3315,6320.76,6200.66556,96.84754078291365,Standard
3316,214.8,210.71880000000002,101.67055760737017,Standard
3319,1644.6,1613.3526,100.27069503259493,Standard
3320,1253.578,1229.760018,102.76135610342439,Occasional
3321,429.6,421.43760000000003,94.20669021212666,Occasional
3322,189287.202,185690.74516199998,96.44860265380032,Occasional
3324,35494.12,34819.73172,97.75752484917976,Occasional
3327,2746.545,2694.360645,98.68368801689907,Occasional
3329,2321.022,2276.9225819999997,95.86011018590492,Occasional
3331,244.2,239.56019999999998,95.85030319992018,Standard
3332,17549.3,17215.863299999997,94.98372749063742,Occasional
3337,543.3,532.9772999999999,98.60126867336001,Occasional
3338,736566.11,722571.35391,96.00992379243257,Occasional
3340,196.895,193.153995,92.67594108229913,Occasional
3341,1925.0,1888.425,99.00224480161953,Occasional
3343,503.97,494.39457000000004,104.55934084901185,Standard
3344,503.97,494.39457000000004,101.92895333663292,Occasional
3346,250.5,245.7405,103.61702814197346,Occasional
3347,1000.86,981.84366,93.20804929998465,Premium
3348,214.8,210.71880000000002,98.45994026419014,Standard
3349,8474.606,8313.588485999999,98.48031752136589,Premium
3351,7130.937,6995.449197,94.95591151873248,Occasional
3352,584.765,573.654465,99.08548168427116,Occasional
3353,250.5,245.7405,87.69494495497707,Standard
3354,78147.894,76663.084014,93.4397626231746,Standard
3355,1568.635,1538.830935,108.73730931717266,Premium
3357,3975.854,3900.3127739999995,85.74217845100641,Standard
3358,43551.896,42724.409976,93.01247630942119,Standard
3359,0.0,0.0,106.1104127917301,Standard
3360,436252.258,427963.46509799996,97.43887336304402,Standard
3361,221.0,216.801,95.22841462473713,Standard
3362,5248.955,5149.2248549999995,98.11951254335322,Standard
3363,2488.221,2440.944801,95.07875889557667,Standard
3365,7066.097,6931.841157,97.50851689559708,Occasional
3366,1678.526,1646.634006,90.67483103263088,Occasional
3367,17757.698,17420.301738,99.28617666085641,Occasional
3370,4434.428,4350.173868,94.48567967797075,Occasional
3371,13060.325,12812.178825,96.43258846539287,Standard
3372,3173.721,3113.420301,94.15171452711012,Occasional
3373,690.8149999999999,677.6895149999999,90.66402988264763,Standard
3375,2628.898,2578.948938,95.75883320885707,Standard
3376,0.6,0.5886,94.9033983187573,Standard
3377,11884.458,11658.653298000001,102.91183014490753,Occasional
3378,3871.611,3798.0503909999998,96.57516060728955,Occasional
3379,250.5,245.7405,92.95905634694076,Standard
3380,1678.987,1647.086247,98.82915422031388,Occasional
3381,449.83,441.28323,97.08514353427285,Standard
3383,280.5,275.1705,98.14485877580319,Standard
3384,695.56,682.3443599999999,101.14810949521356,Occasional
3386,1823.882,1789.2282420000001,101.19464652766138,Premium
3387,1823.882,1789.2282420000001,97.0171105837725,Occasional
3388,517.28,507.45167999999995,98.26326869319634,Standard
3389,1731.0,1698.1109999999999,93.20313301883364,Occasional
3390,36778.596,36079.802676,87.9471548259561,Premium
3391,230.0,225.63,108.68454816785328,Occasional
3392,32107.948,31497.896988,98.93691755038398,Occasional
3393,916.583,899.167923,98.54568272122084,Occasional
3394,6488.340999999999,6365.062520999999,103.97365441758771,Occasional
3395,214.8,210.71880000000002,99.57107757731609,Standard
3396,250.5,245.7405,84.45531161342984,Standard
3397,5788.192,5678.2163519999995,94.26176385521032,Occasional
3398,77366.508,75896.544348,96.74875971116133,Occasional
3402,68298.6,67000.9266,103.60046347659366,Occasional
3403,101.0,99.081,102.38296509042009,Standard
3404,3869.178,3795.663618,114.68021247045291,Occasional
3405,501.0,491.481,95.30278690480431,Occasional
3406,214.8,210.71880000000002,89.57791889640639,Occasional
3407,1381.81,1355.55561,100.73749143976814,Standard
3408,67.24,65.96244,101.50988868511816,Occasional
3409,1002.0,982.962,99.85995593615124,Premium
3411,794.54,779.4437399999999,99.33150089816773,Standard
3412,4844.197,4752.157257,97.25403011036512,Occasional
3413,2529.383,2481.3247229999997,106.0274556036045,Occasional
3414,2881.402,2826.655362,92.45061114588627,Premium
3416,20423.67,20035.62027,103.49296333653898,Occasional
3420,440.0,431.64,101.47952974311728,Standard
3424,2072.956,2033.5698360000001,103.32719561776368,Occasional
3425,352.26,345.56705999999997,101.2316448087478,Occasional
3427,215.2,211.1112,93.32785755738055,Occasional
3428,2896.911,2841.869691,106.8642891796308,Occasional
3429,8514.1,8352.3321,90.03522490376147,Occasional
3431,3672.973,3603.186513,101.31485911008885,Standard
3433,304.3,298.5183,95.55126120375871,Standard
3435,282.7,277.32869999999997,94.08595734068298,Standard
3436,250.5,245.7405,97.0175998885757,Occasional
3437,5229.091,5129.738271,101.30906522248144,Standard
3438,351.9,345.21389999999997,91.29503058729438,Occasional
3440,7739.154,7592.110074,106.54662117250194,Occasional
3441,580.73,569.69613,95.11773375797506,Premium
3442,133.328,130.794768,96.06760438328882,Standard
3443,12966.748,12720.379788,93.11415383523736,Occasional
3444,125.545,123.159645,89.56676553612262,Occasional
3445,14576.8,14299.8408,96.87627070326843,Occasional
3446,100.0,98.1,104.60552998140683,Standard
3448,283728.4,278337.5604,107.60784444151054,Occasional
3451,1078.535,1058.042835,92.78819044222179,Standard
3452,214.8,210.71880000000002,99.59598442780401,Occasional
3453,566.0699999999999,555.31467,92.59292049189396,Occasional
3456,1124.8,1103.4288,103.95087796643548,Premium
3457,1848.29,1813.17249,106.49768135677577,Standard
3459,214.8,210.71880000000002,87.01372441140806,Standard
3461,2030.0,1991.43,98.84363471416522,Occasional
3463,225.515,221.230215,94.96437203135079,Standard
3467,127.93,125.49933,101.96974504514725,Occasional
3468,6669.758,6543.032598,100.03819539672915,Occasional
3469,97.469,95.61708899999999,91.70634690415186,Occasional
3470,6558.25,6433.64325,105.33346532374793,Premium
3471,31473.58,30875.581980000003,98.84213619816931,Occasional
3472,216.6,212.4846,98.72245081663472,Standard
3477,516.173,506.36571299999997,93.32287056237759,Occasional
3478,384.38,377.07678,94.17584689147074,Occasional
3485,215.2,211.1112,97.88212111610879,Occasional
3487,890.24,873.32544,93.71050547323041,Occasional
3488,198.74,194.96394,102.45757355253312,Standard
3489,1136.7,1115.1027,92.56432572234267,Premium
3490,3356.874,3293.0933939999995,95.1919543294583,Standard
3494,214.8,210.71880000000002,102.22481021061198,Occasional
3499,161.855,158.779755,98.19389612741526,Occasional
3504,511.871,502.145451,91.91752579137318,Occasional
3507,203.2,199.33919999999998,89.77006207235125,Occasional
3508,214.8,210.71880000000002,92.30714476495768,Premium
3509,483.8,474.6078,99.47104113207152,Occasional
3510,215.2,211.1112,99.44952614841776,Standard
3511,215.2,211.1112,106.14880499000245,Occasional
3512,8500.0,8338.5,103.14572611253689,Premium
3513,266991.074,261918.24359400003,90.01905436213198,Occasional
3515,214.8,210.71880000000002,93.35744859888135,Occasional
3518,5752.77,5643.46737,96.91244569435293,Standard
3519,214.8,210.71880000000002,93.6416873660425,Occasional
3520,3420.923,3355.9254629999996,100.69993584522526,Premium
3521,250.5,245.7405,105.88703114194163,Standard
3523,250.9,246.1329,94.88579115790344,Standard
3524,2793.931,2740.846311,104.12794135588324,Occasional
3525,579.34,568.33254,103.38672220865558,Standard
3526,4583.650000000001,4496.56065,97.27144278676532,Occasional
3527,503727.29,494156.47148999997,90.17174208311684,Standard
3528,885.752,868.9227119999999,107.41043259204598,Occasional
3532,38534.08,37801.93248,102.8492312009641,Standard
3533,217.7,213.56369999999998,92.72790169913287,Standard
3535,215.2,211.1112,90.11497257837107,Standard
3536,14370.834,14097.788154,103.05210906858706,Premium
3537,352.5,345.8025,99.30779159812602,Premium
3538,290.37,284.85297,103.1115553295427,Premium
3539,907.315,890.076015,94.83196352777249,Occasional
3540,2301.7,2257.9676999999997,105.59262540436724,Occasional
3541,141645.167,138953.90882699998,89.01282944848381,Standard
3542,1005.033,985.937373,95.16235282017875,Occasional
3547,5067.582,4971.297942,99.28226742116716,Occasional
3548,4315.457,4233.463317000001,102.09701798282792,Standard
3549,214.8,210.71880000000002,99.75401102309674,Occasional
3550,221.0,216.801,98.85667562850621,Standard
3551,215.2,211.1112,89.95824179209812,Occasional
3552,966.502,948.1384619999999,94.84465562913691,Occasional
3553,1181.266,1158.821946,100.39229817568985,Occasional
3555,10046.145,9855.268245000001,97.94055381925332,Standard
3558,360.468,353.619108,100.24459889062558,Premium
3559,1063.27,1043.0678699999999,91.9284880533914,Standard
3560,277.675,272.399175,104.49297229970568,Occasional
3564,250.5,245.7405,96.39228263729883,Occasional
3565,275.495,270.260595,97.0170457779985,Occasional
3566,1220.708,1197.514548,102.45224343056933,Standard
3570,15130.0,14842.529999999999,92.8700304760228,Occasional
3571,6024.179,5909.719599,98.23084809022507,Occasional
3572,366.123,359.16666299999997,105.63133801762119,Occasional
3574,330.0,323.73,102.06420549428469,Standard
3575,2330.0,2285.73,94.13023631256856,Standard
3576,217.0,212.877,100.692877325027,Standard
3577,0.0,0.0,98.41560039855807,Occasional
3579,292.4,286.84439999999995,91.09958109019612,Occasional
3580,2894.8,2839.7988,103.68199746708595,Occasional
3593,2825.673,2771.985213,101.01183012873766,Occasional
3594,24974.439,24499.924658999997,97.84344661959112,Occasional
3595,17362.6,17032.7106,95.66093949408744,Occasional
3596,0.6,0.5886,104.90847394682207,Standard
3597,1112.252,1091.1192119999998,95.93725284984723,Occasional
3598,9415.383,9236.490722999999,108.07320561478178,Premium
3599,29190.0,28635.39,103.70255569918726,Occasional
3601,215.2,211.1112,100.26981234994692,Standard
3602,215.2,211.1112,96.73701208066605,Occasional
3603,64.265,63.043965,103.53132224362002,Premium
3607,280.0,274.68,100.40313665220644,Standard
3609,269375.928,264257.785368,91.72863012279558,Standard
3610,8383.445,8224.159545,85.84555853391221,Occasional
3611,12199.7,11967.905700000001,95.1180541132128,Occasional
3612,23469.651,23023.727631,99.29946940156968,Premium
3613,396.447,388.914507,96.1721079696882,Premium
3614,214.8,210.71880000000002,96.87549870091081,Occasional
3616,1.6,1.5696,91.17379707396742,Occasional
3617,215.2,211.1112,101.95773367238239,Standard
3618,1538.161,1508.935941,103.38022028815168,Occasional
3621,39587.857,38835.687717,101.04234723776064,Standard
3624,215.2,211.1112,96.26881191337289,Standard
3625,278524.775,273232.804275,92.93019189022515,Premium
3626,10713.963,10510.397702999999,92.11871789371405,Standard
3630,791.8520000000001,776.806812,91.34099326184017,Premium
3632,352.3,345.60630000000003,95.00178933517003,Occasional
3633,17450.0,17118.45,91.92986550843008,Occasional
3641,641.22,629.03682,102.55177685677386,Occasional
3642,9615.0,9432.315,104.37614284817901,Occasional
3643,1.0,0.981,102.079673639347,Occasional
3644,565.0,554.265,107.65570887652713,Occasional
3647,419.75,411.77475,108.0919780421307,Occasional
3648,275.973,270.729513,95.0639883565965,Standard
3651,215.2,211.1112,103.6350896976506,Standard
3652,215.2,211.1112,91.43889217786203,Occasional
3653,215.2,211.1112,93.16360476790888,Premium
3654,35031.627,34366.026087,96.99054408747408,Occasional
3657,990.141,971.328321,96.68853459993393,Standard
3658,11773.863,11550.159603,96.10332763623936,Occasional
3659,1232.097,1208.687157,89.362357324991,Occasional
3660,120.595,118.30369499999999,95.01236202798201,Occasional
3662,10808.895,10603.525995,103.14319904204015,Standard
3664,1101.0,1080.081,94.78825972286369,Occasional
3665,625.0,613.125,102.93199418075714,Standard
3669,8265.845,8108.793944999999,104.29512925062392,Occasional
3671,215.2,211.1112,104.22836176677474,Premium
3672,182707.463,179236.02120299998,106.19267734863656,Standard
3673,1226.51,1203.20631,99.50873691007612,Occasional
3675,2913.424,2858.068944,84.4396624598383,Occasional
3676,250.9,246.1329,97.22520954207414,Occasional
3680,215.2,211.1112,96.19383874055029,Occasional
3681,43808.75,42976.38375,103.15292806304463,Occasional
3683,13478.1,13222.0161,105.0317888158581,Standard
3684,215.2,211.1112,90.98337812836994,Standard
3685,4009.352,3933.1743119999996,102.59515951434628,Premium
3686,1580.0,1549.98,100.64256283819539,Occasional
3688,1210.0,1187.01,103.15366349809449,Occasional
3690,7529.299999999999,7386.243299999999,96.2500221677026,Standard
3691,900.0,882.9,100.24301614626476,Standard
3693,2261.558,2218.588398,97.74992611049565,Occasional
3694,82422.542,80856.513702,102.82620374031649,Premium
3703,7401.0,7260.381,97.85416429442841,Occasional
3704,1511.08,1482.3694799999998,97.3792028940415,Premium
3707,8101.608,7947.677448,104.62753151856876,Standard
3708,1291.96,1267.41276,93.69920846036842,Occasional
3710,893.5,876.5235,103.5264124495286,Occasional
3711,585.5999999999999,574.4735999999999,97.71550015917536,Standard
3713,1052.77,1032.76737,99.60864323306376,Standard
3714,1196.785,1174.046085,102.92475126735167,Occasional
3715,121.0,118.701,101.24849626090021,Premium
3716,6395.469999999999,6273.956069999999,96.17729806047222,Standard
3718,1621.334,1590.528654,105.04954161157157,Standard
3720,811.605,796.1845050000001,92.61351238938195,Standard
3725,504.37,494.78697,100.1142502909214,Occasional
3726,4623.194,4535.353314,94.7335239504382,Standard
3727,3310.433,3247.534773,108.69348946518086,Occasional
3728,228.29,223.95248999999998,99.86863773849807,Occasional
3730,42114.525,41314.349025,93.0474068387708,Occasional
3731,4156.33,4077.3597299999997,98.03489726684477,Standard
3732,126.57,124.16516999999999,101.13923715780797,Premium
3733,5236.364,5136.873084,92.51554919244651,Standard
3734,21421.0,21014.001,96.53243412037143,Standard
3735,12442.1,12205.7001,91.82809601169608,Occasional
3739,1.0,0.981,93.89329322519427,Standard
3744,675.898,663.055938,96.31332567433904,Occasional
3745,352.3,345.60630000000003,99.82726097962423,Occasional
3747,122180.0,119858.58,98.72978316496801,Standard
3750,3947.225,3872.2277249999997,97.35550397531937,Premium
3754,751.5,737.2215,100.15250660498434,Occasional
3756,729390.7880000001,715532.363028,101.91913891200144,Standard
3760,1078.72,1058.22432,95.06783090843217,Standard
3762,62359.205,61174.380105000004,98.93679348559908,Standard
3763,101.008,99.088848,104.08570395728162,Standard
3764,1183.86,1161.36666,104.18710374787771,Occasional
3767,280.9,275.56289999999996,92.26052648990061,Premium
3769,1078.355,1057.866255,98.4128086078407,Standard
3770,1478.301,1450.2132809999998,101.49458970907048,Standard
3773,23227.0,22785.686999999998,109.65940293537666,Occasional
3777,959.195,940.9702950000001,95.41744810141017,Standard
3778,91.786,90.042066,92.64690720081647,Standard
3781,854.722,838.4822819999999,97.4565001676659,Occasional
3782,665.0,652.365,98.4545231493361,Occasional
3783,16223.099,15914.860118999999,103.92832052869772,Premium
3785,192.19,188.53839,95.07700146117277,Standard
3788,174.524,171.208044,90.41071738563917,Standard
3789,579.34,568.33254,100.11322563036637,Occasional
3790,1427.84,1400.71104,95.60755658629877,Occasional
3792,280.9,275.56289999999996,94.39354143630841,Premium
3795,128541.075,126098.79457499999,106.54164493762696,Standard
3796,505.775,496.16527499999995,98.3371052816372,Premium
3797,87215.48,85558.38588,99.58794780663402,Premium
3798,396.604,389.06852399999997,95.06864650172737,Standard
3799,6215.0,6096.915,97.20848013596576,Occasional
3801,831.1270000000001,815.335587,97.70210125416712,Standard
3803,79.005,77.50390499999999,92.05051525611054,Standard
3805,1563.3,1533.5973,98.36240146007404,Occasional
3806,90.0,88.28999999999999,104.2755942320164,Standard
3809,372.328,365.253768,96.8216081041091,Standard
3810,733.23,719.29863,98.4253211520096,Standard
3817,24308.318,23846.459958,96.84638867652808,Occasional
3819,4137.436,4058.8247159999996,100.17873444062802,Occasional
3820,440.742,432.367902,102.82512426756242,Standard
3821,1446.695,1419.2077949999998,101.79679500683213,Standard
3822,385.89,378.55809,101.78021202649383,Occasional
3823,579.34,568.33254,93.50539379850623,Occasional
3824,906.59,889.36479,106.65610233797163,Premium
3825,1850.0,1814.85,96.67412716430498,Premium
3827,1485.215,1456.995915,105.67969290715246,Standard
3828,1760.0,1726.56,91.04505089362063,Occasional
3829,280.9,275.56289999999996,91.98572557414955,Standard
3830,8500.0,8338.5,102.86474009128416,Standard
3831,579.34,568.33254,98.47937246667941,Premium
3837,535.45,525.2764500000001,96.28418522944982,Occasional
3844,3224.635,3163.366935,102.34884161107574,Occasional
3845,62637.069,61446.964689,92.13810941834134,Occasional
3846,484.503,475.297443,100.64088681123603,Standard
3847,1657.6529999999998,1626.1575929999997,97.23844931348347,Premium
3849,304.7,298.91069999999996,92.13924160260305,Standard
3852,742.37,728.26497,93.35562710927832,Occasional
3855,226.196,221.89827599999998,103.30765376883512,Occasional
3858,1370.438,1344.399678,101.99734794063127,Standard
3865,7224.817,7087.545477,99.83487885523468,Occasional
3867,80.135,78.612435,94.66200787796167,Occasional
3868,34639.427,33981.277887000004,99.49807600244175,Occasional
3872,274.7,269.48069999999996,96.54940829859541,Occasional
3873,8827.95,8660.21895,95.61068541761175,Occasional
3874,1011.31,992.09511,102.81419577511156,Occasional
3876,1038.905,1019.165805,90.32247972449983,Occasional
3879,262.053,257.073993,98.11027696950288,Occasional
3880,692.39,679.23459,88.44353857013843,Occasional
3882,379.022,371.820582,102.7555634877421,Occasional
3883,1223.25,1200.00825,92.17649174688452,Occasional
3884,185.45,181.92645,102.20713324900655,Occasional
3885,280.9,275.56289999999996,105.44222372696109,Occasional
3886,7665.299999999999,7519.659299999999,100.31796242467401,Premium
3887,86647.75,85001.44275,99.09231209704383,Occasional
3888,280.9,275.56289999999996,102.41853321362589,Occasional
3889,4088.528,4010.8459679999996,99.34559938779734,Premium
3890,250.9,246.1329,106.30534586709153,Standard
3892,78641.6,77147.4096,93.01334725577695,Occasional
3893,210.0,206.01,107.0412049360738,Occasional
3894,370.424,363.385944,101.64456716596678,Occasional
3896,1680.026,1648.105506,92.11440766854514,Occasional
3898,53.955,52.929854999999996,94.01425285898641,Occasional
3900,50.0,49.05,94.90855298296405,Occasional
3901,107.68,105.63408000000001,103.48189175622068,Occasional
3903,620.8,609.0047999999999,97.65980391559407,Occasional
3906,1254.381,1230.547761,91.32708357856617,Occasional
3909,1550.0,1520.55,97.78952731812028,Premium
3910,4300.0,4218.3,96.30736192310728,Standard
3914,50.0,49.05,95.59335940050293,Premium
3917,318.992,312.931152,94.59405473207617,Occasional
3926,691.2,678.0672000000001,107.86209379800948,Occasional
3932,693.287,680.114547,96.4885879591802,Occasional
3933,579.34,568.33254,101.97759636769734,Occasional
3934,947591.781,929587.537161,102.4783073717395,Occasional
3937,423.105,415.066005,98.96495350907809,Occasional
3938,739.0,724.959,92.07883752835802,Occasional
3939,3746.0,3674.826,96.67688370579175,Occasional
3943,2146.062,2105.286822,91.13375911850511,Premium
3944,381.65,374.39865,107.56081431950106,Occasional
3945,49461.479,48521.710899,97.31227295753877,Occasional
3949,3333.0,3269.673,104.24223995099229,Premium
3950,22029.368,21610.810007999997,99.19226206564707,Standard
3951,265.482,260.43784200000005,92.48605147100716,Standard
3952,12823.7,12580.049700000001,103.75919943094082,Standard
